{"type":"Feature","geometry":{"type":"MultiPolygon","coordinates":[[[[-97.00010300040344,32.62244300009539],[-97.00048199962183,32.622212999991696],[-96.99988099974728,32.62130100009223],[-96.9994029998964,32.62057600035428],[-96.99886200029633,
32.61975099977182],[-96.99724600027047,32.6172999999971],[-96.99554300020598,32.614699999893375],[-96.99546600021309,32.614674999722304],[-96.99539800044101,32.6146239998058],[-96.99529999963342,32.614509999931826],[-96.99524000025727,32.61446900001467],
[-96.99503000019499,32.61444100035573],[-96.99497199957035,32.61442100016167],[-96.99495099965397,32.61440200027579],[-96.99494499980618,32.61438399994206],[-96.99498800036218,32.61431200008451],[-96.99500099988268,32.614267999890856],[-96.99497499994341,
32.61421299999673],[-96.99491499966895,32.614166999880446],[-96.9948639996153,32.61413400006207],[-96.99480400023917,32.61414499975069],[-96.9947139998275,32.61414499975069],[-96.99463099998682,32.614116999990436],[-96.99459300035198,32.61409199965666],
[-96.99453700027549,32.61408499971322],[-96.99444699986381,32.61409199965666],[-96.99438300028972,32.61408499971322],[-96.99424600002236,32.61404400035816],[-96.99417300022742,32.61401300037193],[-96.99417800025029,32.61395700000348],[-96.99420800038752,
32.613877999843034],[-96.99420800038752,32.61372099963331],[-96.99417400005233,32.61364099970012],[-96.99413100039463,32.61359800025508],[-96.993968000188,32.61351800021199],[-96.99365099999561,32.61328700031068],[-96.99357099962967,32.61325299984251],
[-96.99348799978897,32.61322200033912],[-96.99339400007764,32.613215999897015],[-96.99328199992466,32.6132339997088],[-96.99314100035767,32.613294999884836],[-96.99314600038052,32.61335200023505],[-96.99303000002958,32.61348899993283],[-96.99296599955716,
32.61347199973867],[-96.99287199984583,32.61343199966981],[-96.99281199957137,32.61342499967485],[-96.99275200019524,32.61345799975445],[-96.99272999955562,32.61351800021199],[-96.99269600011874,32.61355899980789],[-96.99264000004223,32.61367399970012],
[-96.9926020004074,32.613697999830094],[-96.99258899998861,32.61374299986723],[-96.99260300023232,32.61381500018231],[-96.9925460003309,32.61389800015841],[-96.99250299977489,32.61395100036726],[-96.99251199999571,32.61404400035816],[-96.99252899971415,
32.614125000247114],[-96.99260599970705,32.61422600030491],[-96.99263599984428,32.614300000102666],[-96.99263599984428,32.6143920001749],[-96.99261900012586,32.6144820002857],[-96.99258499979065,32.6145500002758],[-96.9926790004003,32.61466599996174],
[-96.99284599990656,32.614821000168455],[-96.99297700032614,32.61490299966166],[-96.9930590003419,32.615001000193935],[-96.9931019999996,32.61506199992285],[-96.99313999963444,32.61521700020078],[-96.993122999916,32.61531099993597],[-96.99309699997673,
32.61532900008328],[-96.9930590003419,32.61532900008328],[-96.99301999998383,32.61537200021035],[-96.9930800002583,32.615450999809354],[-96.99308500028116,32.61554600035549],[-96.99300699956505,32.61567900004266],[-96.9930119995879,32.615725999680116],
[-96.99307299968729,32.61580200034558],[-96.99314899985526,32.61588100032186],[-96.99328199992466,32.6159680003204],[-96.99334200019912,32.61599999992466],[-96.99348100011629,32.61614500018697],[-96.99362699970615,32.616238000169034],[-96.99379400011073,
32.61633499970568],[-96.9938839996241,32.616472999668844],[-96.99390100024084,32.61652599986678],[-96.99389500039307,32.61655600020765],[-96.99388799982206,32.616590999709885],[-96.99385799968483,32.6166920000126],[-96.9938409999664,32.61678399989704],
[-96.99385799968483,32.61684900030944],[-96.99385799968483,32.61697100023437],[-96.99382800044592,32.617016000139905],[-96.9933050003892,32.617164999884245],[-96.99304400027329,32.617158999706376],[-96.99286799964787,32.61714799963143],[-96.99273499957849,
32.61712999984981],[-96.99255899985138,32.61712300014388],[-96.99237499972838,32.61712999984981],[-96.99227599999418,32.61710899997386],[-96.99219099960536,32.61704999993579],[-96.99212200000838,32.61705799993041],[-96.99202800029705,32.6170179999502],
[-96.99194399973315,32.61696800013899],[-96.99188900037987,32.61692800011857],[-96.99180700036412,32.61691399991803],[-96.99166599989881,32.616917000015235],[-96.99160099960147,32.616934000311915],[-96.99150699989013,32.61699000033177],[-96.9913910004375,
32.61712000005359],[-96.99130100002583,32.61719199992313],[-96.99110500020723,32.617404000337544],[-96.99087199968041,32.617510000356546],[-96.99078899983975,32.61753700029138],[-96.99067000001405,32.61757500024185],[-96.99022700032327,32.61795299982713],
[-96.99016299985085,32.617957999678865],[-96.99009000005593,32.618015000087176],[-96.99002099956064,32.61811000018267],[-96.98959999961114,32.61837400028498],[-96.98945900004416,32.61839499986422],[-96.98928300031707,32.61840599978596],[-96.98917700001185,
32.61839499986422],[-96.98909199962304,32.618431999939496],[-96.98900600030763,32.61847399982243],[-96.98902700022403,32.61855800028573],[-96.98898000036836,32.61861599982104],[-96.98888999995668,32.61866000014792],[-96.98883399988019,32.618692000303255],
[-96.98876100008523,32.618797000046975],[-96.98876899958285,32.61885899972248],[-96.98881100031396,32.618948000377614],[-96.98885099959861,32.619002999633075],[-96.98900100028474,32.61908999962447],[-96.98910900023978,32.61908300007183],[-96.9892160003699,
32.61909800019338],[-96.98928499996688,32.61908999962447],[-96.98944800017351,32.61908999962447],[-96.99011400034536,32.619127000169144],[-96.99048599989105,32.619162000179585],[-96.9907219998926,32.61913000019217],[-96.99092399955896,32.61911800009943],
[-96.99101399997063,32.6191410000236],[-96.99108299956762,32.61916899972603],[-96.99121700036024,32.619162000179585],[-96.9913760003689,32.61914400004624],[-96.99143099972217,32.61914400004624],[-96.99148299960069,32.619125999909265],[-96.99154799989803,
32.61907800028294],[-96.99160800017248,32.61911500007599],[-96.9916380003097,32.61917300000703],[-96.99173200002105,32.619494999723756],[-96.99174100024187,32.61961099981257],[-96.99176700018116,32.61967999994416],[-96.99186599991535,32.61986400028721],
[-96.99191699996896,32.62008899988428],[-96.99196200017482,32.620353000203764],[-96.99201400005335,32.620486000316255],[-96.9920099998554,32.62057800008505],[-96.99191899961879,32.620719000287394],[-96.99181999988458,32.62082399992351],[-96.99170899955651,
32.620965999977706],[-96.9915539997458,32.621076999996426],[-96.99139499973715,32.62122299983873],[-96.99130400039887,32.62129500019157],[-96.99124400012441,32.621324000212184],[-96.99117100032949,32.62132799964032],[-96.99110600003216,32.621370999912656],
[-96.99104599975769,32.62139699996169],[-96.99101599962046,32.621440000200884],[-96.99101599962046,32.621505000259255],[-96.99109799963622,32.62155300009746],[-96.99114100019224,32.62161099996224],[-96.99123099970562,32.6216499999284],[-96.99144599979078,
32.62166800031448],[-96.99155299992091,32.62163999988049],[-96.99171100010464,32.621675999896446],[-96.99183999997608,32.62174900011551],[-96.99189600005256,32.621805999623255],[-96.99195700015194,32.62188199966713],[-96.99201700042639,32.6219770001987],
[-96.99206000008411,32.6220960000214],[-96.99213299987903,32.622171999819045],[-96.99211600016059,32.62224800030878],[-96.99207299960457,32.622376000270954],[-96.99206000008411,32.622472999966696],[-96.99201300022843,32.62256000036876],[-96.99200400000761,
32.62264400002452],[-96.99201700042639,32.622700999718965],[-96.99204300036567,32.62276800005675],[-96.99205099986327,32.622825999890864],[-96.99204099981752,32.62286099996825],[-96.9920810000005,32.62294200020293],[-96.9920240000991,32.62303200004147],
[-96.99180800018902,32.623226999633374],[-96.99170899955651,32.62328200004288],[-96.99160200032469,32.62332200025067],[-96.99148099995088,32.6233360002057],[-96.99119300007078,32.62343799991995],[-96.99114899968986,32.62348200014652],[-96.99116700013153,
32.62355000011022],[-96.99124400012441,32.6236340003501],[-96.99132600014018,32.623684999673685],[-96.99150299969219,32.62373100019577],[-96.99164300033259,32.623758999975685],[-96.99172699999818,32.62381800013171],[-96.99183900015116,32.62381800013171],
[-96.99201900007621,32.62386900010704],[-96.99211399961247,32.623931000052764],[-96.99230799978123,32.62399299995549],[-96.99244599987348,32.624054999815336],[-96.9924890004295,32.62411900004048],[-96.99258399996573,32.6241490001066],[-96.9926440002402,
32.624213999711046],[-96.99273899977644,32.624302000136225],[-96.99273399975358,32.62439499996705],[-96.99274700017237,32.62452699992717],[-96.99274600034744,32.62473299994591],[-96.99263800039242,32.62478400015649],[-96.99255200017868,32.624885000294796],
[-96.99249100007934,32.62491900012847],[-96.99243500000283,32.625039000016734],[-96.99233200007066,32.62513300003122],[-96.99223699963612,32.62514799989563],[-96.99215899981832,32.62517700018115],[-96.99200400000761,32.62526700004214],[-96.9918919998546,
32.62532099976399],[-96.99176700018116,32.62532899977602],[-96.9916940003862,32.625362000007364],[-96.99157300001238,32.62534599998843],[-96.99149500019458,32.62536499982146],[-96.99126599986572,32.62531799994838],[-96.99117999965199,32.625324000336036],
[-96.99113299979633,32.62531799994838],[-96.99109799963622,32.62526999985941],[-96.99105099978057,32.62529600028909],[-96.99106400019936,32.625362000007364],[-96.99101599962046,32.62536899982562],[-96.99094700002348,32.625362000007364],[-96.99085199958894,
32.625402000042214],[-96.99052000022623,32.62560499975433],[-96.99010199975149,32.62583000005264],[-96.9900470003982,32.62588800017232],[-96.9899839997507,32.62590900025858],[-96.98989800043529,32.6259500002326],[-96.98947499993768,32.62609500026696],
[-96.98935000026422,32.62613600015584],[-96.9891379996538,32.626187000323476],[-96.98877399960573,32.626287999635224],[-96.98858000033529,32.626368000372466],[-96.98839000036448,32.62643400005682],[-96.98825599957186,32.62648799983115],[-96.98804399985976,
32.626520000214434],[-96.9876379999789,32.62652500034418],[-96.98755199976517,32.626520000214434],[-96.98745700022893,32.62648100010041],[-96.98739699995447,32.62640399999999],[-96.98730599971788,32.626322999871995],[-96.98719799976283,32.626254999745306],
[-96.98708300013512,32.62626699963789],[-96.9869910000736,32.62628399967214],[-96.9869340001722,32.626322999871995],[-96.98698699987564,32.626396000084036],[-96.98699500027156,32.626430000100235],[-96.98696500013433,32.62646000014837],[-96.98691999992849,
32.62646299992564],[-96.98682500039224,32.62645200023742],[-96.98678500020927,32.62645500001497],[-96.98669899999555,32.62650999995402],[-96.98661699997979,32.62654200032944],[-96.9864839999104,32.62664099964523],[-96.98646299999402,32.6266620003114],
[-96.98644399972743,32.62669600022655],[-96.98642500035916,32.62678700024753],[-96.98640500026768,32.62679900006885],[-96.9863719997574,32.62677900036583],[-96.98633800032053,32.62673699984011],[-96.98629599958942,32.62670999965384],[-96.98600799970932,
32.62664099964523],[-96.98576599986,32.626572000340005],[-96.98554999994994,32.62649599973887],[-96.9854200002536,32.626393000304496],[-96.9848510001661,32.6260160002252],[-96.98422299962907,32.625508999858425],[-96.98410600035153,32.625490000055976],
[-96.98399800039651,32.62548399967944],[-96.98398499997771,32.62546200006096],[-96.98395900003844,32.62539299984681],[-96.98391600038073,32.62531200031697],[-96.98388100022063,32.62522800013866],[-96.98383799966462,32.62516299975748],[-96.98373800010549,
32.62506400032001],[-96.98364299967095,32.62497700008196],[-96.98321800042181,32.62471299978123],[-96.98317999988866,32.62463999970967],[-96.9831890001095,32.62454999997482],[-96.98321500004877,32.62452100024267],[-96.98323599996517,32.62445899994909],
[-96.98323199976721,32.62440099965994],[-96.98320599982793,32.62433900003983],[-96.98314100042893,32.62431000023933],[-96.98304199979641,32.62425899975867],[-96.98297200037453,32.624236999839106],[-96.982880000313,32.62413800013395],[-96.98281500001568,
32.62409400022985],[-96.98272799997706,32.62408300025048],[-96.98266699987768,32.624116000184635],[-96.98267199990055,32.624202999746366],[-96.98261499999916,32.6242690002706],[-96.98256300012059,32.624302000136225],[-96.98249799982328,32.62431599993791],
[-96.98245099996761,32.624374999726854],[-96.98229899963164,32.62443700007863],[-96.98225799962377,32.624487000257815],[-96.9822729996924,32.6245020002305],[-96.98232499957092,32.624498999630916],[-96.98239900008909,32.62448099981412],[-96.98245500016557,
32.62447699977031],[-96.98253700018134,32.62448399965772],[-96.98256800014347,32.62461900008225],[-96.98252399976255,32.624651000377185],[-96.98236399992898,32.624718000011946],[-96.98232999959377,32.624780000126165],[-96.98230799985248,32.624845000028905],
[-96.98230799985248,32.624867999994876],[-96.98232200009619,32.624897999809974],[-96.98240300028705,32.62494399970868],[-96.98242000000548,32.6250059996663],[-96.98239900008909,32.625064999757],[-96.98235999973102,32.62508499984302],[-96.98232499957092,
32.625087000229655],[-96.9822729996924,32.62505699972132],[-96.982251999776,32.6250529997032],[-96.9822309998596,32.62505900010857],[-96.98222800038485,32.62507900019593],[-96.98224199973023,32.62509599969925],[-96.98229100013404,32.62512300037241],
[-96.98235999973102,32.62519600005003],[-96.98237700034777,32.625276000250224],[-96.98234300001258,32.62533399997238],[-96.98230399965452,32.625388999843715],[-96.98232100027127,32.62550600004916],[-96.98218499982885,32.625515000233214],[-96.98212899975233,
32.62550399967184],[-96.98208899956937,32.62552099985101],[-96.98202900019322,32.62555900019535],[-96.98197800013959,32.62561799992146],[-96.98199300020822,32.625714999886796],[-96.98207900042193,32.62580099997869],[-96.98210899966085,32.6258390002041],
[-96.98209399959224,32.62589399976511],[-96.98205900033045,32.62592799997207],[-96.98204400026184,32.62597000012087],[-96.98202900019322,32.626102000027885],[-96.98208400044481,32.626182000174836],[-96.98213399977521,32.62621200030608],[-96.98218300017902,
32.626250000357],[-96.9821549996916,32.626330999794526],[-96.98216499973735,32.62642899992197],[-96.98217499978308,32.62647499979039],[-96.98218499982885,32.62664500034895],[-96.98217499978308,32.626700000171226],[-96.9821899998517,32.6267849998989],
[-96.98221999998894,32.62686600036534],[-96.98236599957879,32.62699700029204],[-96.98239099969315,32.62704799996907],[-96.98241199960955,32.62710300030027],[-96.9824209998304,32.62721700002634],[-96.98236599957879,32.62730700010564],[-96.9824009997389,
32.62743499964224],[-96.9824569998154,32.62749800031035],[-96.98257800018922,32.62758699994173],[-96.98271899975622,32.62766399978088],[-96.98280999999281,32.62767100017565],[-96.98290999955192,32.6275949997512],[-96.98295099955979,32.6275949997512],
[-96.98303599994861,32.627658999714704],[-96.98346500029403,32.62804999965629],[-96.98335899998881,32.628216000372646],[-96.98328399964574,32.62827899973439],[-96.98327899962287,32.62834599967947],[-96.98335399996593,32.628379999711484],[-96.98343500015679,
32.628397000100875],[-96.9835559996323,32.628389999762945],[-96.98368200002899,32.62843100011353],[-96.98379800037995,32.62847900002033],[-96.98394399996981,32.62863100005972],[-96.98458400020242,32.629522000180415],[-96.98466399967003,32.62966600033768],
[-96.98467999956357,32.62972199995803],[-96.98473999983803,32.62988600031972],[-96.98473499981515,32.62999800000647],[-96.98461900036253,32.63013800036355],[-96.9844629998286,32.63021400014142],[-96.98431200021585,32.630299000314245],[-96.98426100016222,
32.63032399990469],[-96.98412999974268,32.63032799968722],[-96.98404500025215,32.6303530000261],[-96.98397400010705,32.63038800018619],[-96.9839289999012,32.630422000198884],[-96.98384799971035,32.63046399975168],[-96.98373700028058,32.63045999997529],
[-96.9837020001205,32.63042900037787],[-96.98362099992964,32.630446000378065],[-96.98319900015524,32.63070599988939],[-96.98296700035165,32.63090499991869],[-96.9828860001608,32.6309219998284],[-96.98283599993208,32.630947000001335],[-96.98273999967262,
32.630947000001335],[-96.9825279999605,32.63099899982424],[-96.98238200037065,32.631045000369774],[-96.98231200005043,32.63108799975647],[-96.98224099990534,32.63115499986809],[-96.98222599983671,32.63125599962532],[-96.98222599983671,32.631421999690296],
[-96.98229699998183,32.63157600026819],[-96.98237200032492,32.631647999857954],[-96.98246799968605,32.631720000146316],[-96.98253899983116,32.631732000062655],[-96.98271999958114,32.63171099982974],[-96.98284599997783,32.631702999631614],[-96.98294700026015,
32.631621999760625],[-96.98303199975066,32.631647999857954],[-96.98319400013239,32.6316609999038],[-96.98322400026959,32.63163100008616],[-96.98335499979085,32.6316810000288],[-96.9834710001418,32.63175399965291],[-96.98371800001401,32.63172800034287],
[-96.983858999581,32.63181299983411],[-96.98395400001556,32.63184300034727],[-96.98405000027503,32.631907000298845],[-96.98409600030578,32.631998999676256],[-96.98411600039726,32.63205500010617],[-96.98411100037441,32.632134000112664],[-96.98405100009994,
32.63223699974827],[-96.9839499998176,32.63233099976759],[-96.98385399955814,32.63233899990958],[-96.98356700040128,32.63246099990526],[-96.98324900038396,32.63258899963512],[-96.98312299998727,32.63260200030078],[-96.98302300042815,32.632627000004334],
[-96.98295200028303,32.63266599970949],[-96.98293200019155,32.63272000026246],[-96.98284599997783,32.633004000224766],[-96.98278599970337,32.6330209997357],[-96.98278599970337,32.63306900020659],[-96.98281099981772,32.63311100003003],[-96.98282599988634,
32.63315299983376],[-96.98280599979486,32.633200000131175],[-96.98277400000781,32.633224999667654],[-96.9826950003651,32.63323399983194],[-96.98262500004489,32.63315299983376],[-96.9825489998769,32.63311900010222],[-96.98252399976255,32.63303499968659],
[-96.98240300028705,32.63285699982407],[-96.98239800026417,32.63280099989607],[-96.98234200018767,32.63276800013828],[-96.98224199973023,32.632631999792885],[-96.9822109997681,32.632554999689255],[-96.98209000029259,32.632453999885186],[-96.98205000010962,
32.63238499976625],[-96.98197599959146,32.63235099974288],[-96.98188500025319,32.63228399977024],[-96.98186500016169,32.63224600001194],[-96.98180400006231,32.63224100020176],[-96.98172399969638,32.63215699971842],[-96.98165799957415,32.632140000043265],
[-96.98158800015224,32.63211400008885],[-96.98148699986992,32.63206300027279],[-96.98136100037154,32.63198300008736],[-96.98126500011207,32.6319910002604],[-96.98120499983762,32.63195700008732],[-96.98112899966964,32.63193599990723],[-96.98102300026272,
32.63195700008732],[-96.9809429998968,32.631961999913365],[-96.9808519996602,32.63194899991125],[-96.98074600025329,32.63196599962268],[-96.98069100000173,32.631996000084534],[-96.98069100000173,32.63206699997757],[-96.98072600016182,32.63225400016146],
[-96.98076100032192,32.632322000269],[-96.98081200037554,32.63249599999732],[-96.98081200037554,32.6325849999537],[-96.9808519996602,32.632847999621866],[-96.98084699963731,32.633018000178254],[-96.9807959995837,32.633290000245395],[-96.98076100032192,
32.63331100010771],[-96.98075600029904,32.63343800003473],[-96.98074100023044,32.633487999724174],[-96.98074100023044,32.633535999944456],[-96.98076999964442,32.63360100029633],[-96.98070699989523,32.633693000201525],[-96.98068099995596,32.63371299987235],
[-96.98063599975013,32.63374000021522],[-96.98062599970439,32.63379500021605],[-96.98055799993232,32.63395799982734],[-96.98049000016024,32.63396000001564],[-96.98040399994653,32.633934999927995],[-96.98034399967209,32.6339649997297],[-96.98027300042529,
32.63398600019011],[-96.98023800026519,32.63402800033963],[-96.98022300019657,32.634058000110144],[-96.98022400002148,32.63413799995339],[-96.98017200014294,32.63421400011645],[-96.98017200014294,32.634296000001],[-96.98019800008221,32.6343849996799],
[-96.98024800031092,32.63444399963928],[-96.98030799968707,32.63448199997714],[-96.98039499972572,32.6344989999638],[-96.98041499981719,32.634622000127116],[-96.98047000006878,32.6347319997671],[-96.98050100003091,32.634783999659874],[-96.980752999926,
32.63502999979032],[-96.98080300015471,32.63512600006368],[-96.98087400029982,32.63522100015396],[-96.98095899979032,32.635344000081226],[-96.98108500018702,32.63561000018816],[-96.98113600024065,32.635626999960536],[-96.98123599979975,32.63572000012645],
[-96.98130199992198,32.635793000237726],[-96.98135200015072,32.635899999733624],[-96.98137700026507,32.636017999884785],[-96.98149600009076,32.63619999978719],[-96.98139300015859,32.63627999998458],[-96.98137300006711,32.636362000245065],[-96.98138300011286,
32.63644200029762],[-96.98136300002135,32.63650199972273],[-96.98130699994486,32.63651900008205],[-96.98127199978477,32.63651900008205],[-96.98125699971615,32.636476000279345],[-96.98122699957892,32.63646300017663],[-96.98107599996618,32.636637000173295],
[-96.9809999997982,32.63673000004574],[-96.98097999970672,32.63677199966364],[-96.98097499968384,32.63683299968599],[-96.98094999956948,32.636879000258155],[-96.9809089995616,32.636939000146626],[-96.98080900000248,32.63696400015135],[-96.98071299974302,
32.636977000181275],[-96.98064699962079,32.6370059996594],[-96.98060700033614,32.637056999683885],[-96.98055200008454,32.637081999655656],[-96.9805060000538,32.63707900023435],[-96.9804509998022,32.63709000012927],[-96.98043800028172,32.63711199991511],
[-96.9804159996421,32.63714699970077],[-96.98036999961136,32.637201999876616],[-96.98033199997651,32.6372269998078],[-96.98027400025019,32.637206000108115],[-96.98018899986138,32.63718899987933],[-96.98008299955616,32.637174999821994],[-96.9800280002029,
32.6371800001129],[-96.9799019998062,32.6371800001129],[-96.97971500020846,32.63719300011147],[-96.97962899999474,32.63721399981422],[-96.97958399978889,32.637248000259035],[-96.97958799998685,32.637285000105514],[-96.97958399978889,32.63733299980166],
[-96.97963499984252,32.63737599994896],[-96.97968500007123,32.63738799986315],[-96.9797400003228,32.63741399979798],[-96.97979100037645,32.63744399994606],[-96.97984099970685,32.63749300036807],[-96.97985599977545,32.63752800000471],[-96.97987599986693,
32.637558000114566],[-96.9799500003851,32.637591000375146],[-96.98005800034012,32.637769999948794],[-96.98020999977778,32.63792600029093],[-96.98037100033457,32.638075000024315],[-96.98043099971073,32.638143000246586],[-96.98043599973359,32.63824399968045],
[-96.9805069998787,32.63835100002728],[-96.98057200017602,32.63839799986346],[-96.98078399988813,32.638356000252436],[-96.9808309997438,32.63837500034905],[-96.98084400016259,32.63839799986346],[-96.98083400011686,32.63842699963738],[-96.98068799962867,
32.6384319998583],[-96.98056700015316,32.63846399975265],[-96.98051699992445,32.63852500013421],[-96.98045599982507,32.638613000102865],[-96.98037600035745,32.63872000000834],[-96.98036100028884,32.638774999973585],[-96.98030500021234,32.63881299998484],
[-96.98025499998361,32.6388689999322],[-96.98021499980067,32.63889700027095],[-96.98011400041663,32.638927999960345],[-96.97984699955462,32.63897000005929],[-96.9797110000105,32.6389829997977],[-96.9796199997739,32.63900900002538],[-96.97957499956806,
32.639030000058305],[-96.97950400032126,32.63904199975072],[-96.97941899993245,32.63901700032667],[-96.97927300034259,32.638933000153315],[-96.97912199983152,32.6389199996511],[-96.9789860002874,32.63887200004997],[-96.97889000002793,32.63882100030365],
[-96.97878399972272,32.63879299994111],[-96.97865300020148,32.638779000134804],[-96.97844099959104,32.63877600001392],[-96.97828999997832,32.63876699965065],[-96.97818500039634,32.638779000134804],[-96.97813400034269,32.63881400002475],[-96.97810400020548,
32.638864999775],[-96.97802800003748,32.6388689999322],[-96.97793799962581,32.63892399980583],[-96.97787200040187,32.638958000357235],[-96.97787200040187,32.6390510000863],[-96.97783700024178,32.63918999985896],[-96.97780200008168,32.63927199972157],
[-96.97782700019604,32.639385999829976],[-96.97779399968574,32.63940399967457],[-96.97771300039322,32.63940799980767],[-96.97766599963924,32.63936099974567],[-96.97759500039244,32.639279999999346],[-96.97756000023234,32.639126999858135],[-96.97752500007226,
32.63907200010932],[-96.97746899999574,32.639038000357715],[-96.97735799966766,32.639045999899935],[-96.97732800042876,32.63906799996124],[-96.97734799962193,32.63915600015221],[-96.97727800020003,32.639169999899536],[-96.9771069995975,32.639079999648544],
[-96.97700600021348,32.6390510000863],[-96.97695500015985,32.63907200010932],[-96.97695500015985,32.639139000293994],[-96.97691499997687,32.63918999985896],[-96.97697600007625,32.639225000344574],[-96.9770010001906,32.639279999999346],[-96.976950000137,
32.63930500010628],[-96.97685499970241,32.639238000046],[-96.97677900043276,32.63923199983491],[-96.9767190001583,32.639263000164696],[-96.97671400013542,32.639328000138015],[-96.97670200043987,32.639343999926396],[-96.97667999980024,32.639344999960315],
[-96.97657900041622,32.63930500010628],[-96.97654799955575,32.6393169997618],[-96.97623499956131,32.63904499986267],[-96.9762060001473,32.639058999627366],[-96.9760770002759,32.63909200009066],[-96.97599299971199,32.63903899963865],[-96.97594000000853,
32.638973000173664],[-96.97590700039657,32.63892499984445],[-96.97561500031853,32.638570999836354],[-96.9755719997625,32.638546000280684],[-96.97270700013192,32.63745299968595],[-96.97254599957512,32.63737800006083],[-96.97202199969348,32.63716499999582],
[-96.97207500029523,32.63680300008946],[-96.97224599999946,32.6360039996442],[-96.97233899988588,32.63567200032133],[-96.97237099967293,32.635558000019],[-96.97255300014612,32.635046999672845],[-96.9730090002557,32.63387099991394],[-96.9734810002588,
32.632657000244585],[-96.97440699982336,32.63022600025972],[-96.97473499988641,32.62886400001219],[-96.97511999985089,32.6272670001656],[-96.97556599991472,32.62515800030816],[-96.9756420000827,32.62474100001056],[-96.97576299955821,32.62374500008682],
[-96.97583399970333,32.622849999837314],[-96.97583399970333,32.622163000055465],[-96.97583999955111,32.62206899994834],[-96.97560000024991,32.622177999660934],[-96.9721010002345,32.6240699998604],[-96.97172200011784,32.62427499997199],[-96.97162400020852,
32.62432299983797],[-96.96162000008182,32.62914999964724],[-96.96101199963628,32.62944300013754],[-96.95899899995041,32.63041399988551],[-96.95759200016192,32.63114000025391],[-96.95745200041983,32.63120500007677],[-96.95683899995142,32.63149799989069],
[-96.95741600043482,32.63234999963073],[-96.95762700032203,32.632674999929996],[-96.95667300027006,32.632678000255474],[-96.95385700014496,32.63268699971826],[-96.95373800031928,32.63268500025802],[-96.95365600030351,32.63268500025802],[-96.95355599984609,
32.63268400014961],[-96.95348399987606,32.6326930003683],[-96.95342600014975,32.63270999993839],[-96.95334400013398,32.632727000261724],[-96.95324899969943,32.63272800036966],[-96.95325100024755,32.63263400001088],[-96.95325700009535,32.63247499994371],
[-96.95325600027043,32.62741399991403],[-96.95325600027043,32.626667999852316],[-96.95310499975939,32.62645500001497],[-96.95302000026888,32.62626399985404],[-96.95098999996624,32.623429999738846],[-96.94923800039626,32.62081399978334],[-96.94916600042625,
32.620703999680764],[-96.94905900029612,32.62053899965181],[-96.94903900020464,32.62051000013346],[-96.94817100036641,32.62042400025428],[-96.94546499984615,32.6201240002752],[-96.94413900024853,32.6219400000753],[-96.94352900015318,32.62277699975957],
[-96.94276699972184,32.623819999790115],[-96.94266100031496,32.624130000015455],[-96.94271400001837,32.62441400000195],[-96.94280799972972,32.62463400003282],[-96.94309200031016,32.625363000197616],[-96.94323899972494,32.62611500012282],[-96.94324100027308,
32.6265960000386],[-96.94324000044817,32.62667400014941],[-96.94334699967997,32.62867299969659],[-96.94332900013661,32.62950600014863],[-96.9433199999158,32.6298960002029],[-96.94330499984719,32.63050600004137],[-96.9433199999158,32.63106899962534],
[-96.94331700044107,32.63150499998555],[-96.94332400011376,32.632079999962556],[-96.94329999982432,32.63226200031028],[-96.94326499966422,32.63247100025721],[-96.94322399965633,32.63261899988815],[-96.94319600006725,32.63273599971957],[-96.94309999980776,
32.63318000034563],[-96.94293900014928,32.633799999939384],[-96.94287100037722,32.63427200009792],[-96.942869999654,32.634404999952594],[-96.94286600035434,32.63484600036538],[-96.94288100042297,32.63580899990183],[-96.94288999974549,32.63762399986705],
[-96.94292599973048,32.640101999763836],[-96.94294699964689,32.641350000172665],[-96.94294699964689,32.64154199991207],[-96.94293499995132,32.642121999694986],[-96.94295699969264,32.643752000166856],[-96.94294400017216,32.64608399984809],[-96.9429679995633,
32.64710500016712],[-96.94297099993634,32.64724400028255],[-96.94296300043874,32.64739600021041],[-96.94295699969264,32.647802999914624],[-96.94295199966976,32.64877699986507],[-96.94298000015718,32.64993700016045],[-96.94296900028651,32.6502039998976],
[-96.942981999807,32.65029799994677],[-96.94302600018793,32.65078799985815],[-96.94302199998997,32.651016000071564],[-96.94302399963979,32.65200100014745],[-96.94305499960193,32.653013999661944],[-96.94310200035592,32.65429300031538],[-96.94312400009721,
32.65468699991358],[-96.94314599983852,32.65521300011066],[-96.9431580004324,32.655411000222884],[-96.94317199977779,32.65620499975877],[-96.9431650001051,32.65650600037323],[-96.94317000012796,32.65728299982484],[-96.94322600020445,32.658905999777126],
[-96.94323700007511,32.659233000014424],[-96.94324000044817,32.659759999738924],[-96.94324799994577,32.661501999684795],[-96.94324799994577,32.661777000206236],[-96.94323299987717,32.66201600023074],[-96.94322600020445,32.662226999784494],[-96.94315000003648,
32.66216599968873],[-96.94306399982277,32.66214000014351],[-96.94298600000496,32.66214000014351],[-96.94259000016984,32.662172999652235],[-96.94236400021403,32.662185999799064],[-96.94186500044674,32.66222200013775],[-96.94150499969831,32.662242000235565],
[-96.93952899982234,32.66234599976471],[-96.93518500043326,32.662372999782626],[-96.93366099957058,32.662382999815236],[-96.93316900037432,32.66239399962294],[-96.93283899976312,32.662379999729986],[-96.93206800000928,32.662399000016286],[-96.93137400024831,
32.66239399962294],[-96.93084600016871,32.662398000240174],[-96.92956999990149,32.662406999737634],[-96.92900699966178,32.662391000294285],[-96.92638600042868,32.66238500012411],[-96.92618200021417,32.66237100022974],[-96.9259870002205,32.66235999966298],
[-96.92582400001389,32.6623400003478],[-96.92581599961795,32.662480999772846],[-96.9258030000975,32.663021000035215],[-96.92578800002887,32.664946000086985],[-96.92577700015822,32.666431000208554],[-96.92574399964793,32.667766000214066],[-96.92566400018032,
32.66808199993417],[-96.92565999998236,32.66846399972633],[-96.9256559997844,32.66896199977456],[-96.92563800024104,32.669432000229286],[-96.92563400004308,32.6697310000154],[-96.92563400004308,32.67046500010083],[-96.92562399999734,32.67093199965699],
[-96.92563400004308,32.67356899966171],[-96.92565800033253,32.674275999781344],[-96.92565800033253,32.674927999977406],[-96.92566599983013,32.67528599975226],[-96.9257129996858,32.676133000081975],[-96.92573299977728,32.6763249999829],[-96.92576000043978,
32.676475000374474],[-96.9224310003037,32.676440000103966],[-96.92145700016026,32.67643400012105],[-96.92138600001515,32.67643400012105],[-96.91534899970898,32.676440000103966],[-96.90862000019001,32.67644499971137],[-96.90863000023577,32.67560600012354],
[-96.9084639996561,32.67560099971301],[-96.90566699979757,32.67557999995184],[-96.9057880001714,32.67637899988065],[-96.90563699966035,32.67637899988065],[-96.90470199987497,32.67637699988502],[-96.90395399968733,32.67637499988935],[-96.90311900035938,
32.67637400026955],[-96.9023879998902,32.6763720002738],[-96.90222399985868,32.67638899985812],[-96.90170699964972,32.67640600019535],[-96.90025899985336,32.67641800016461],[-96.90004299994328,32.67641099980467],[-96.89990599967594,32.67641800016461],
[-96.89981000031479,32.67642800013772],[-96.89966200017678,32.676454000062606],[-96.89953800032822,32.676468000019],[-96.89813999986224,32.67647799998651],[-96.89690200012818,32.67648799995296],[-96.89515399985785,32.676481999973205],[-96.89471100016706,
32.67648100035465],[-96.89332299974683,32.6764919999392],[-96.89287000001029,32.67649500030681],[-96.892848000269,32.67649500030681],[-96.8928199997816,32.67419699995048],[-96.8928070002611,32.67293599969198],[-96.89268800043543,32.67293900017902],
[-96.8925589996657,32.672941999909845],[-96.8925379997493,32.672948000127306],[-96.89207699961683,32.672944999640556],[-96.89147200044266,32.67297400030885],[-96.89135400044188,32.672997999655365],[-96.89135400044188,32.67229500018258],[-96.89135600009169,
32.671878000343675],[-96.8913350001753,32.670281999921556],[-96.89132099993161,32.669347000193405],[-96.89132000010669,32.66924600034814],[-96.89131900028178,32.668856999922404],[-96.89130900023603,32.66820799992732],[-96.89130800041113,32.66811199962457],
[-96.89129199961927,32.66701799996516],[-96.89129099979438,32.66692600031095],[-96.89127800027389,32.666009000035274],[-96.89127599972575,32.664873000328754],[-96.89127200042611,32.6647509999263],[-96.8912570003575,32.664218999844756],[-96.89126099965713,
32.66323200024137],[-96.89126700040323,32.662041999811976],[-96.89126800022815,32.66191300009922],[-96.89127400007594,32.660753000150585],[-96.89128499994659,32.66013299983303],[-96.89128900014455,32.65993399978793],[-96.89125499980936,32.659173999768655],
[-96.89124599958853,32.65774699995986],[-96.89124899996159,32.657550000314124],[-96.89126300020529,32.656698999934946],[-96.89126099965713,32.65584699992466],[-96.89125900000732,32.654984000152176],[-96.89125900000732,32.654724999971144],[-96.8912570003575,
32.65408900002542],[-96.89125599963428,32.653206999955216],[-96.89125599963428,32.6523069999906],[-96.89125599963428,32.65052899962364],[-96.89125599963428,32.64882300034586],[-96.89127499990086,32.64749799972854],[-96.89126900005306,32.64737599981668],
[-96.88982200008161,32.64739299962214],[-96.88972400017232,32.64739400032253],[-96.88939600010926,32.64739900004217],[-96.88882600019687,32.64741499989958],[-96.88765299986181,32.64744900024892],[-96.88746500043915,32.647453999965485],[-96.88536599964121,
32.64750899985502],[-96.88482199966808,32.647511999683005],[-96.88447299968861,32.647511999683005],[-96.88397599957116,32.64750899985502],[-96.88302499989227,32.647500000370485],[-96.8818380002118,32.647500000370485],[-96.88055400044696,32.64748399977189],
[-96.87996299971987,32.64748399977189],[-96.87991199966623,32.64748299982897],[-96.87991099984133,32.64651999964791],[-96.87927300015689,32.64651299997147],[-96.87852999999211,32.64650299967643],[-96.87843700010569,32.646501999722496],[-96.87843700010569,
32.646396999959485],[-96.87843799993061,32.6455319998143],[-96.87843799993061,32.64487500011841],[-96.87844999962617,32.64371299999938],[-96.87845800002208,32.642901000078126],[-96.87746399978717,32.64289400011845],[-96.87621400035752,32.64289400011845],
[-96.87457499986714,32.64289400011845],[-96.87424099995629,32.64289300012421],[-96.87424099995629,32.6417550001454],[-96.87424000013138,32.640312000331],[-96.87440599981274,32.640309000261524],[-96.8744100000107,32.63603500033607],[-96.86556900017332,
32.63597000023953],[-96.86556900017332,32.635606999961055],[-96.86568200015124,32.63335000027124],[-96.86568399980105,32.6330830001499],[-96.86495999990287,32.63307899973401],[-96.86432300004333,32.633086999809116],[-96.86262599982662,32.63307899973401],
[-96.85883100043353,32.63307700028253],[-96.85818199998008,32.63308599970518],[-96.85716099998099,32.63306900020659],[-96.85701000036826,32.633068000102455],[-96.85610499982178,32.63307700028253],[-96.85501699987553,32.63309599998728],[-96.85434400003098,
32.633100999749615],[-96.8538539995862,32.633102999957075],[-96.8507400004336,32.633123999863344],[-96.84987199969706,32.63312999972756],[-96.84861399987149,32.633141000108],[-96.84424500036803,32.63313300003777],[-96.84332599957787,32.63313899990139],
[-96.84324000026247,32.63313899990139],[-96.84006299956403,32.63315000028074],[-96.84000999986058,32.63315000028074],[-96.83858299998062,32.63316200000529],[-96.83706499986404,32.633189999860704],[-96.8355750002349,32.633189999860704],[-96.83552099980821,
32.633189999860704],[-96.83551400013553,32.63303900010441],[-96.83550900011265,32.632652999809636],[-96.83435800041721,32.632664000248774],[-96.83376500004027,32.63266599970949],[-96.83251899991028,32.63267399982151],[-96.83217800032675,32.63267600003852],
[-96.83191200018796,32.632674999929996],[-96.83150399975897,32.632678000255474],[-96.83158800032287,32.63319500037432],[-96.83069600019518,32.633189999860704],[-96.83016700029067,32.63319500037432],[-96.82680600036753,32.6331969998232],[-96.82664700035889,
32.6331969998232],[-96.82591199969173,32.633201000233775],[-96.82444800000184,32.63320999964401],[-96.82403399972505,32.633215000156504],[-96.82361699997354,32.63322900007698],[-96.82346100033791,32.63323199962736],[-96.82330300015418,32.633231000281576],
[-96.823304999804,32.633449000377304],[-96.82332499989549,32.63563299965692],[-96.82332499989549,32.63577100012753],[-96.82332099969753,32.63623199972341],[-96.8233469996368,32.63823800015916],[-96.82333800031428,32.63871899996744],[-96.8233330002914,
32.641779000310386],[-96.82333499994122,32.641903000303664],[-96.8233330002914,32.642051000217016],[-96.82333499994122,32.64209100035596],[-96.8233330002914,32.642126999709355],[-96.82332900009344,32.64217099982386],[-96.82332400007057,32.642285000019854],
[-96.82324999955242,32.642283000017684],[-96.82315699966598,32.64228600002095],[-96.82312499987893,32.64228600002095],[-96.82296199967233,32.64228900002412],[-96.8226639997465,32.64228700002197],[-96.82253099967711,32.64228900002412],[-96.8222200002308,
32.64229600003108],[-96.81998999991163,32.64230100003573],[-96.81890799981313,32.642302000036636],[-96.81726400019821,32.642343000063796],[-96.81615699998537,32.64233900006201],[-96.81521200015425,32.6423420000634],[-96.8144470002482,32.64235500006822],
[-96.81427800019378,32.64236300007025],[-96.81427599964564,32.64294799979294],[-96.81426999979786,32.64476899998473],[-96.81428999988934,32.644910999864074],[-96.81427800019378,32.64715900032471],[-96.81428099966853,32.647717999731725],[-96.81407800017725,
32.64771699979141],[-96.8132940000046,32.64771699979141],[-96.81115599974693,32.647722000249395],[-96.81055499987241,32.647720000368764],[-96.80962099991193,32.64773099971153],[-96.80641800017253,32.64773400028845],[-96.805809999727,32.647739999929215],
[-96.80572799971122,32.64773700010889],[-96.80560999971047,32.647739999929215],[-96.8050980004227,32.64806199972468],[-96.80508699965374,32.64806700016336],[-96.80507499995817,32.64807299978173],[-96.8043250001207,32.64844099981183],[-96.8041279995789,
32.64853700006394],[-96.80254400023841,32.64931100017484],[-96.80242799988746,32.649294999900334],[-96.7973539998541,32.6486440001998],[-96.7970869998904,32.64862799980588],[-96.79698499978315,32.648625999945565],[-96.79696300004184,32.64859299997431],
[-96.79691399963804,32.6486169998171],[-96.79057199973336,32.647843999689236],[-96.78894499983683,32.64764500027547],[-96.78810499958772,32.64754200022628],[-96.78768000033858,32.64749100012867],[-96.78774300008777,32.64604599990014],[-96.78811999965633,
32.64591299995519],[-96.78849499957505,32.64577300007817],[-96.78850299997097,32.64543100028899],[-96.78850899981875,32.64513699999546],[-96.7885120001918,32.64501599985894],[-96.78851499966653,32.64490000017445],[-96.78851600038976,32.64485200000019],
[-96.78849200010032,32.644818000176315],[-96.78843000017604,32.64483699965682],[-96.78797099969341,32.64413400030688],[-96.7874839996217,32.64340300029391],[-96.78504800033652,32.63989600032785],[-96.7843300002861,32.63884799986148],[-96.78404400005583,
32.63842999976999],[-96.78393299972774,32.63830600025755],[-96.78383499981847,32.638349999982196],[-96.78357100022782,32.63848299982633],[-96.78283200026102,32.638848999901],[-96.78179100017043,32.63934099982447],[-96.78063799992685,32.639922000290156],
[-96.77880000014316,32.64080699982529],[-96.77735099962355,32.6414950002149],[-96.77579499987216,32.63876999977184],[-96.77546199978623,32.63820099995043],[-96.77524400022635,32.637829999996185],[-96.77519599964747,32.637748000324756],[-96.7751570001877,
32.63768299995983],[-96.77485400023902,32.63716499999582],[-96.77361099958374,32.63504400018331],[-96.77336500043475,32.6346140001893],[-96.7732130000988,32.63432799986173],[-96.77306999998366,32.63403699966664],[-96.77291599999786,32.63369599973635],
[-96.77256100017064,32.632883999668735],[-96.7725159999648,32.632783000236024],[-96.77249300039857,32.632729999828925],[-96.77176000027956,32.63104900012008],[-96.77040000034674,32.627946999740665],[-96.76936199973088,32.62561500011586],[-96.76865700009928,
32.6240200002048],[-96.76812999984458,32.6230820002489],[-96.76805299985169,32.62286699976396],[-96.7679330002011,32.622649000370814],[-96.7678910003683,32.622583000165214],[-96.76779400028394,32.622457999653996],[-96.76774200040538,32.62238300032273],
[-96.7673139998849,32.62161299966989],[-96.76724399956471,32.621486999840386],[-96.76616200036455,32.61955900018271],[-96.76581900023287,32.618878999681904],[-96.76565600002625,32.61858199986322],[-96.76449600010997,32.61858900021166],[-96.76334100021657,
32.61858900021166],[-96.76195299979636,32.61858600017049],[-96.7600410003928,32.6185640003699],[-96.75870499985113,32.61856999969696],[-96.75345099989269,32.6185640003699],[-96.7463690001963,32.6185640003699],[-96.74543699988565,32.61857400000478],
[-96.7454040002737,32.61876300015784],[-96.74538599983204,32.61886400028025],[-96.7453769996112,32.61891699981942],[-96.74464799969014,32.623461000247424],[-96.74432800002302,32.62362499997686],[-96.74223199959812,32.62470199987789],[-96.74212100016837,
32.624759999971985],[-96.74147900028595,32.62506400032001],[-96.74030299957782,32.62562099972696],[-96.74010699975926,32.625712000084384],[-96.7398699999328,32.62582300027044],[-96.73977200002349,32.62586899969373],[-96.7379130003234,32.62673900018983],
[-96.73635699967369,32.62747400009704],[-96.73575699962406,32.62772700028778],[-96.73521000017621,32.6279759998758],[-96.73488999961073,32.62812699985365],[-96.73459900025593,32.62826200007908],[-96.73295499974267,32.62906100005717],[-96.73227000020255,
32.629404999929285],[-96.73183900020733,32.62960399982555],[-96.73163199961976,32.630503999775875],[-96.73000300007344,32.634783000331424],[-96.72976799989681,32.6354959998069],[-96.73345400040826,32.64077900008441],[-96.73320499998793,32.6409120000994],
[-96.73315700030733,32.640886999685115],[-96.73309600020798,32.640886999685115],[-96.73302699971268,32.640900999917974],[-96.73296399996349,32.64092100024679],[-96.73253100031846,32.64112700034808],[-96.73121999989112,32.64175200012437],[-96.73036999959625,
32.642165999811944],[-96.73024499992276,32.642231999946794],[-96.73017999962545,32.64226199999199],[-96.73131899962532,32.64393000028861],[-96.7330209998649,32.64642099963528],[-96.72945699955218,32.648125000239645],[-96.7312039999976,32.65068299983308],
[-96.73127699979253,32.650789999670124],[-96.7272830002078,32.652662999859544],[-96.72667899996023,32.65297299998882],[-96.7269240001826,32.653341000274324],[-96.72603600025289,32.653772999992086],[-96.72628300012511,32.65409199963266],[-96.72646399987505,
32.65432399996278],[-96.72710699958239,32.65516099999322],[-96.72721799991048,32.65532200028778],[-96.72861300000339,32.657526999674495],[-96.7287610001414,32.657738999821454],[-96.72886599972338,32.657873999981256],[-96.72894600008931,32.657957999759304],
[-96.72901399986138,32.65803599975263],[-96.72907499996076,32.65809300034463],[-96.729365000389,32.65853799970996],[-96.72953199989524,32.658802999843154],[-96.7296060004134,32.65892000021422],[-96.72979499966098,32.659224000197376],[-96.72971699984318,
32.65928500003215],[-96.72898100024942,32.659753000342704],[-96.72698600010689,32.66034599964884],[-96.72631300026232,32.66069400015185],[-96.72600199991771,32.660852000176405],[-96.72579299968034,32.660957000358955],[-96.7256150003034,32.661050999690225],
[-96.72503799982,32.661343000265035],[-96.72490700029877,32.66141100018942],[-96.72447200010558,32.66163199977551],[-96.72353399994715,32.66233199986423],[-96.72255599960576,32.662926999750724],[-96.72232200015235,32.662965000086814],[-96.72246600009238,
32.66336100031911],[-96.72256800019963,32.663631999852626],[-96.72267799980449,32.66393199989872],[-96.72274099955368,32.66411200019923],[-96.72292200020196,32.664596999750756],[-96.72316700042434,32.66520800013717],[-96.72343400038804,32.66585499975885],
[-96.72357699960484,32.666183999752214],[-96.72393300015533,32.66697000032176],[-96.72439599993758,32.667931999818705],[-96.72493300023802,32.6689510000191],[-96.72475199958973,32.6695770001038],[-96.7245309996568,32.670334000316416],[-96.72446500043289,
32.67027299970477],[-96.7243950001127,32.670218999897116],[-96.72432300014266,32.67016700019152],[-96.72425100017263,32.670114000009676],[-96.72419599992105,32.670079000271855],[-96.72410300003463,32.67001499965712],[-96.72402799969156,32.669965999663546],
[-96.7239520004219,32.669918999783356],[-96.72388700012458,32.66987999968705],[-96.72371700024526,32.66978399966823],[-96.72355599968844,32.66969899996726],[-96.72339099983202,32.669619999870136],[-96.72322299960253,32.669545999696666],[-96.7229670004078,
32.66944500007638],[-96.72270399974377,32.669352999896084],[-96.72243599995515,32.66927499994851],[-96.72216300014368,32.66920799965801],[-96.72188600013423,32.6691530002624],[-96.72160699957666,32.66911099997239],[-96.72132500044268,32.669080000159745],
[-96.7209470001509,32.669060000079796],[-96.72066299957046,32.66905899962198],[-96.72037899988834,32.6690709998219],[-96.7200940003813,32.66909599991801],[-96.71972299976221,32.66914699979006],[-96.7193550004145,32.66922100029392],[-96.71908300042793,
32.66928999997278],[-96.71881599956593,32.66937099975798],[-96.71857899973946,32.669450999772494],[-96.71830299955495,32.66957599965178],[-96.71820999966852,32.66959600037244],[-96.71809500004079,32.669651999946616],[-96.71775799975691,32.66984900014125],
[-96.7173290003098,32.67000100020184],[-96.71637699990768,32.670467999914656],[-96.71556900034392,32.67088199972892],[-96.71477799960027,32.67130900022546],[-96.7144200002983,32.67142399999801],[-96.71414499993868,32.671549000141795],[-96.71397400023447,
32.671718999723936],[-96.71381299967767,32.67181700002998],[-96.71203099997048,32.67281099997636],[-96.71069600015201,32.67357499983707],[-96.7090619996845,32.674341000010934],[-96.70757899972801,32.675058999831236],[-96.70751400032901,32.67507300000632],
[-96.70742999976511,32.67507300000632],[-96.70735899961998,32.67510600003212],[-96.70720499963421,32.6752580002229],[-96.7071560001287,32.675295000220274],[-96.70644099955305,32.675638999952454],[-96.70618000033545,32.675722000041176],[-96.70513900024488,
32.67622999970545],[-96.70473699966365,32.67645499968147],[-96.70445700017949,32.676580999964955],[-96.7041569997055,32.67666500030724],[-96.70400000024499,32.67673400028625],[-96.70383299984042,32.676903999831836],[-96.70372400006048,32.677092999996496],
[-96.70371499983963,32.67716399962295],[-96.70366499961094,32.677215000182485],[-96.70355199963302,32.67731200014326],[-96.7034160000889,32.67746499996862],[-96.70337599990593,32.67754100035775],[-96.7033249998523,32.67784000022624],[-96.70316699966855,
32.67808700021747],[-96.70310800011733,32.678121000242385],[-96.7028529998492,32.67822199988417],[-96.70280099997066,32.67827000028781],[-96.70258900025856,32.67858399996057],[-96.70247499955742,32.67884600009493],[-96.70234900005903,32.67902700018621],
[-96.70225799982245,32.67908899970285],[-96.70212300010323,32.679154000210936],[-96.70186799983512,32.67919800024878],[-96.70098999995113,32.679463000362254],[-96.70031299990862,32.67962799982178],[-96.70024199976349,32.679663000355326],[-96.7000290002265,
32.679888000001185],[-96.6998400000806,32.68000399965094],[-96.69977999980615,32.680107999678135],[-96.69973999962319,32.68014400035733],[-96.69967199985112,32.6801590000689],[-96.69950299979672,32.680130999798685],[-96.69943199965161,32.68014400035733],
[-96.69938300014611,32.68019199972809],[-96.69932100022184,32.680296000292486],[-96.6992140000917,32.68044299982953],[-96.69913399972577,32.68051300024408],[-96.69903900018953,32.68051599972056],[-96.69888600002865,32.68048100027742],[-96.69882199955622,
32.68044299982953],[-96.69878200027158,32.680364000159834],[-96.69881099968559,32.68022599970779],[-96.69889900044745,32.68005700001437],[-96.6989389997321,32.679938000181586],[-96.69893000040959,32.67983500029354],[-96.69884400019586,32.67973699970994],
[-96.69867699979126,32.67966500027737],[-96.69852100015568,32.679622000052994],[-96.69840200032999,32.67958900018327],[-96.69809900038128,32.67954200007277],[-96.6976159996092,32.679573000035795],[-96.69735500039161,32.67965899975495],[-96.69725499993417,
32.679741000306805],[-96.69717000044369,32.679848999720086],[-96.69704400004699,32.68008799979865],[-96.6968680003199,32.68022100031201],[-96.69665400005965,32.68030500025568],[-96.69628800036175,32.68038000016554],[-96.69505399992731,32.68050600020513],
[-96.69368899997164,32.680644999796506],[-96.69371200043616,32.68041799988419],[-96.69381899966798,32.68015500024686],[-96.69390700042983,32.679963000261225],[-96.6941650001727,32.67948799981878],[-96.69438600010564,32.67903400034108],[-96.69467800018367,
32.67869300036666],[-96.69502700016314,32.67834099973485],[-96.69524399989812,32.67804399998955],[-96.6953419998074,32.67770100005021],[-96.69533900033267,32.67728399973664],[-96.69515400038476,32.67670999967498],[-96.69498899962998,32.67646200003797],
[-96.69460100019079,32.67590600004484],[-96.69392300032335,32.675430000325825],[-96.69320600009786,32.67477800001283],[-96.69301899960182,32.67448699987733],[-96.6929330002864,32.67435599994093],[-96.692792999646,32.673848000206156],[-96.69257500008611,
32.67315100006399],[-96.69228800003094,32.67259600029845],[-96.69217599987793,32.67246000002754],[-96.69187299992923,32.672027999884286],[-96.69145700000263,32.67192099975884],[-96.69089799996088,32.67186099990095],[-96.68948000030176,32.67183599982229],
[-96.68897800016141,32.671968999767365],[-96.68834799997457,32.67227000022536],[-96.68798599957631,32.67238399985269],[-96.68737300000622,32.67259600029845],[-96.68558899975086,32.67315100006399],[-96.68529900022098,32.673149999651976],[-96.68500799996782,
32.67322700034255],[-96.68464200026993,32.673396000103416],[-96.68423499966585,32.673630999942],[-96.68126999957782,32.67546599986582],[-96.68016499991313,32.67604299998641],[-96.67968399968919,32.676217999710936],[-96.67930499957252,32.676307999630254],
[-96.67880900017828,32.67640200020527],[-96.67838800022881,32.6764049998198],[-96.67798900002063,32.67635600030627],[-96.67771500038424,32.676263999681055],[-96.67738499977305,32.67611500007013],[-96.67732700004672,32.67608199966091],[-96.67698399991505,
32.6758199997369],[-96.6769310002116,32.67577299991167],[-96.67688400035595,32.675724000051474],[-96.67670100005783,32.67551000020814],[-96.67666800044589,32.67546199983363],[-96.67662300024003,32.67536100009573],[-96.67654899972186,32.67509700030124],
[-96.67652399960751,32.67468800006439],[-96.67652600015565,32.6746420000389],[-96.67659800012568,32.674372000266686],[-96.67664099978337,32.67420799981622],[-96.67684099979992,32.67377500015871],[-96.67844599995512,32.672182000108414],[-96.67879199956153,
32.67172200025192],[-96.67904699982967,32.67121600001845],[-96.67924699984619,32.67075500004281],[-96.67936300019714,32.670301000040276],[-96.6793380000828,32.66986600021061],[-96.67922000008201,32.66938400037017],[-96.67908199998976,32.669090999899375],
[-96.67168399992588,32.66899199992574],[-96.67192599977521,32.66838299987515],[-96.67216699979963,32.667791999634964],[-96.67222500042426,32.6676359999713],[-96.67188499976733,32.66734700021412],[-96.66907700003814,32.664994999808414],[-96.66894899999164,
32.66489200008511],[-96.66899800039543,32.66455900010856],[-96.66904000022822,32.66427700003021],[-96.66905899959647,32.66415300005739],[-96.66912999974159,32.663940999997976],[-96.66918499999318,32.663786000178554],[-96.66956599975968,32.66183300014277],
[-96.6697139998977,32.6610279999515],[-96.67055400014684,32.659488000000714],[-96.67069200023909,32.659233999825986],[-96.67012800017449,32.658682000048174],[-96.67017900022809,32.65866299972796],[-96.66915499985595,32.657768000130666],[-96.66866600013441,
32.657349000147455],[-96.66716599956119,32.65605199983187],[-96.66675200018273,32.65638800002447],[-96.66375199993462,32.65384200025268],[-96.66362100041336,32.65372599991567],[-96.66347300027536,32.653599000052196],[-96.6632230000301,32.65338699991989],
[-96.65982799977178,32.65049800017319],[-96.65950899992954,32.65023199971341],[-96.65831999970095,32.6492169998445],[-96.65746899958116,32.64849399998738],[-96.65738300026574,32.648419999719316],[-96.65706699989826,32.64815200001454],[-96.65698200040775,
32.648080000092435],[-96.65691399973738,32.64802199998698],[-96.6566200000095,32.64777200027555],[-96.65862600002269,32.64618300023377],[-96.66137699985048,32.64398999998632],[-96.66106899987889,32.643860999943506],[-96.65681900020114,32.64210699965014],
[-96.65298700009978,32.640822000088086],[-96.65314199991052,32.64072499985692],[-96.65693399982885,32.63746400029138],[-96.6563789999851,32.63709599972754],[-96.65630199999218,32.63707299987845],[-96.65626000015938,32.63706199998143],[-96.65621699960337,
32.637053000202215],[-96.65599599967042,32.63696799963707],[-96.65587299964679,32.63692600011118],[-96.6555560003527,32.636785999784095],[-96.65540099964369,32.636735999668204],[-96.65525400022891,32.63669800028762],[-96.65489400037879,32.63662600022266],
[-96.65474299986774,32.63660899988366],[-96.65457600036147,32.636569999627724],[-96.65449500017063,32.636566000124205],[-96.65443499989615,32.63659399967085],[-96.65438200019273,32.63665399975047],[-96.65428500010835,32.63679500034661],[-96.6542189999861,
32.636883999809086],[-96.65412600009968,32.636970999818594],[-96.65395600022038,32.637084999833355],[-96.65363499983,32.637384999695676],[-96.6533889997827,32.637624999920206],[-96.65324999986554,32.63773699975426],[-96.65315299978116,32.637807999630475],
[-96.65305999989474,32.63788699985268],[-96.65293299967313,32.638010999945855],[-96.65268099977804,32.63831199977427],[-96.65256899962506,32.63846299970882],[-96.65247999993659,32.638550999738534],[-96.65225999982857,32.63871399976256],[-96.6521569998964,
32.63877299989293],[-96.65207599970556,32.63881199994496],[-96.65199500041302,32.6388380002223],[-96.65177399958176,32.63894499985865],[-96.65144499969378,32.63914399971864],[-96.65137199989886,32.639192999965964],[-96.65129800027901,32.639225999623406],
[-96.65123999965438,32.63923900008109],[-96.65112099982869,32.63924200018646],[-96.65093500005585,32.6392089997785],[-96.65071800032088,32.63915900026036],[-96.6506639998942,32.63915300004398],[-96.65061399966548,32.63914100036647],[-96.65051699958111,
32.6390910000539],[-96.65045499965683,32.639052000123506],[-96.65036400031856,32.63901000006311],[-96.64995800043769,32.6388449997429],[-96.64981500032255,32.6387820002556],[-96.64968300007807,32.638733999823934],[-96.64959000019167,32.638708000272736],
[-96.6494660003431,32.63868199995763],[-96.64929200026583,32.63863300018682],[-96.64912200038651,32.638598000226054],[-96.64904700004344,32.638578000134274],[-96.64894999995906,32.63853000034964],[-96.6488610002706,32.63847400019007],[-96.6487409997217,
32.63837899977168],[-96.64853300020754,32.63824999995779],[-96.64805299980851,32.63800499965247],[-96.64779400024075,32.63785299965066],[-96.64751800005622,32.63769000032728],[-96.6465449997377,32.637184999647076],[-96.64612100031349,32.6369609999696],
[-96.64583900028117,32.63678899997166],[-96.64546000016449,32.636566000124205],[-96.64534700018659,32.636644999930205],[-96.63646199996828,32.64420199970533],[-96.6360839996765,32.64443499995506],[-96.63593100041395,32.64456399992636],[-96.63415100035655,
32.646046999859124],[-96.63347500013894,32.646608000071396],[-96.63326900027464,32.64683399969641],[-96.63285400017293,32.64712200002417],[-96.6309510000919,32.64870700030474],[-96.63012199971341,32.64937800025349],[-96.63006499981202,32.649433999637196],
[-96.62969800028922,32.64975099979587],[-96.62580599991342,32.65302800026546],[-96.62394300001536,32.65459200007718],[-96.62371399968652,32.65475799994832],[-96.62346400033957,32.65482600034414],[-96.6221789998515,32.655070000093104],[-96.62207799956916,
32.65508799980644],[-96.62183499989492,32.655129000022285],[-96.62092100002593,32.65244499969588],[-96.62090599995732,32.651976999700196],[-96.62221999985938,32.64828900014743],[-96.62285599989403,32.64649799990669],[-96.62327299964554,32.645349000021284],
[-96.62335800003434,32.64517600029841],[-96.62350000032457,32.64488699978311],[-96.62324300040662,32.645083000129794],[-96.61997199999685,32.64783800005546],[-96.61984399995033,32.647939999825844],[-96.61948499992513,32.64824799982045],[-96.61834699975017,
32.64920799977554],[-96.61782000039379,32.649884000083766],[-96.61772099976129,32.650004999684754],[-96.6169829996194,32.64971900015773],[-96.61567999958798,32.64921300015014],[-96.6149490000171,32.649859999824635],[-96.61402500010239,32.65072000017291],
[-96.61522400037671,32.65140099989174],[-96.61411499961575,32.652297000343516],[-96.61458999999189,32.652728999811224],[-96.61484000023717,32.65295599973146],[-96.61512899994216,32.653218000135766],[-96.6154829999445,32.653540999744855],[-96.61602100006984,
32.65402300032141],[-96.61608800001697,32.65420499989147],[-96.61583899959665,32.65440299996708],[-96.61520599993506,32.65487199998199],[-96.61551499973153,32.65513599978055],[-96.6165380002788,32.656139999950376],[-96.61651700036239,32.656499999808055],
[-96.61611700032931,32.66051500032747],[-96.6160060000012,32.660804000246344],[-96.61574599971021,32.66103999971728],[-96.61489799996349,32.66173200012379],[-96.61389299985791,32.66257099991712],[-96.61252100022953,32.66370000030427],[-96.61097999964842,
32.664967999826345],[-96.61053799978257,32.665332000158664],[-96.60800700006281,32.6631680000164],[-96.60646100035714,32.661844999800486],[-96.60504799982257,32.662935000181065],[-96.60339400016188,32.66423099993839],[-96.59955500038785,32.6620689999218],
[-96.59617000017528,32.660231999789275],[-96.5943270003687,32.65910999966307],[-96.59387299990895,32.658832999623236],[-96.59376199958085,32.65877899970932],[-96.59354499984589,32.65867300017564],[-96.5933060003696,32.65848799965377],[-96.59152899978695,
32.657011999948914],[-96.59093200011037,32.65651600030587],[-96.59058399995581,32.65651499970763],[-96.59048199984858,32.65651499970763],[-96.59035399980206,32.65651399986565],[-96.58964300032267,32.65651300002366],[-96.58907300041027,32.65652600023743],
[-96.59241500006684,32.65385400022677],[-96.59085199974442,32.652447000227156],[-96.58612800041374,32.64819500025549],[-96.58583899981043,32.647935000136385],[-96.58553500003681,32.64767000031354],[-96.58541899968586,32.64777699997405],[-96.58517199981365,
32.64802299992387],[-96.58478600002428,32.64847900025489],[-96.58426399979246,32.64923599990317],[-96.5830489996246,32.6510370003108],[-96.58213700030375,32.65235699972206],[-96.58693799962732,32.656574000195825],[-96.58788699965642,32.65739300033546],
[-96.58945300035187,32.65879700018847],[-96.58996800001268,32.65925799983765],[-96.5902230002808,32.65951800030722],[-96.59043599981783,32.659506000337096],[-96.5907370001167,32.65951100013577],[-96.59099200038483,32.65952499972181],[-96.59150600022073,
32.659591999709185],[-96.59197800022383,32.659677999754834],[-96.592257999708,32.659762000106504],[-96.59249500043278,32.65985500013364],[-96.59294499979626,32.660071000018526],[-96.5931220002466,32.66015400019959],[-96.59372399994604,32.66049099989702],
[-96.59407999959818,32.660673999707626],[-96.59459000013443,32.660955000018056],[-96.59166600005429,32.66333799966228],[-96.5929409995983,32.664470000206784],[-96.59319000001864,32.66469099979125],[-96.59366000037193,32.665110999890665],[-96.59378000002252,
32.66521400011781],[-96.5930179995912,32.6658409996518],[-96.59294599962116,32.66590899993513],[-96.59223799961651,32.66649399987885],[-96.59181599984211,32.66688699966447],[-96.59116200026415,32.667417000303885],[-96.59134800003697,32.66752300005453],
[-96.59177200035951,32.66764199978892],[-96.59217200039258,32.667702999928075],[-96.59239999999822,32.66783000017106],[-96.59313899996502,32.668364999814216],[-96.59797000032414,32.67092399994264],[-96.59733799958916,32.67143300009891],[-96.59577599998998,
32.6727249997136],[-96.595559000255,32.67291000025555],[-96.59537099993402,32.6730650001285],[-96.59415400011633,32.67250999982871],[-96.59052200003156,32.67078899983358],[-96.59022599975555,32.670645000097394],[-96.58935500044258,32.67023300007446],
[-96.5886950001185,32.6699330000077],[-96.58836500040562,32.669780999831445],[-96.58817500043482,32.669908999837865],[-96.58528999981442,32.67194199962394],[-96.58531900012674,32.67199100004622],[-96.58531900012674,32.67202599979125],[-96.58529800021036,
32.672130999700244],[-96.58517199981365,32.672342000325294],[-96.5848379999028,32.67262399990595],[-96.5846470001071,32.67277599978268],[-96.58363799980356,32.673585000128476],[-96.58326899973262,32.67389300023674],[-96.58284100011045,32.67423700007456],
[-96.58171999965393,32.675141999702696],[-96.58107199992372,32.67568900024286],[-96.58072100029445,32.67596000019593],[-96.5789589997804,32.67517200004722],[-96.57752000020487,32.67639800021499],[-96.57744499986181,32.67646200003797],[-96.57653099999281,
32.677213999815926],[-96.57602700020266,32.67757699980315],[-96.57530800032735,32.67821299971114],[-96.57462500043707,32.67868299989098],[-96.5747559999583,32.678809000056184],[-96.57594000016402,32.679938000181586],[-96.57577899960724,32.6800730000751],
[-96.57570300033755,32.68013200013255],[-96.57553799958279,32.68026200033936],[-96.5753610000308,32.68040800035771],[-96.57519299980132,32.680549000003914],[-96.57516199983918,32.680577000143096],[-96.57500600020356,32.680709000357034],[-96.57468999983607,
32.68094300029118],[-96.57434599987948,32.680697999779554],[-96.57388499974702,32.68030300034789],[-96.57366600036222,32.68018000026582],[-96.57348800008701,32.68016200031338],[-96.57167799989237,32.680321000271974],[-96.5715380001503,32.680325000086576],
[-96.56990000038314,32.68047900037364],[-96.56971399971198,32.680494000029],[-96.56946000016708,32.68051599972056],[-96.56873799991874,32.68056800020736],[-96.56841800025158,32.68060099971537],[-96.56799499975398,32.6806420003244],[-96.56759899991884,
32.680672999905646],[-96.56705999996859,32.68071399972549],[-96.56671900038505,32.68074600036481],[-96.56645800026914,32.680771000218336],[-96.56437199989,32.68094500018457],[-96.56309099959991,32.68105299965414],[-96.56288200026086,32.68109599994569],
[-96.56271400003136,32.68118600024271],[-96.56259400038077,32.68128000022088],[-96.56315000004946,32.68170299965439],[-96.56292699956838,32.68192399971099],[-96.56284100025296,32.68198400037094],[-96.56215499998962,32.682584999767194],[-96.56018699961126,
32.68431299982723],[-96.55952399981244,32.684895999673124],[-96.5588579996406,32.68548200031493],[-96.55781499990017,32.686399999821305],[-96.55711399956822,32.68701500031184],[-96.55661800017397,32.68745200030137],[-96.5567679999618,32.68757899968614],
[-96.55691199990184,32.68770200016238],[-96.55703199955245,32.68780399980181],[-96.55756100035528,32.68825300035732],[-96.55821699958308,32.688810000084125],[-96.55851200003416,32.68905800021132],[-96.55736499963837,32.69013600009406],[-96.55551599998401,
32.691876000101885],[-96.55527099976163,32.69205499984387],[-96.55753299986787,32.694060000138556],[-96.55773700008237,32.69424000021317],[-96.55810699997822,32.694544999637046],[-96.55846900037648,32.69486599996488],[-96.55853399977548,32.69492299973994],
[-96.55887199988429,32.6952300001835],[-96.55931200010033,32.69563000015745],[-96.56054700035969,32.69668499967383],[-96.56101500016484,32.69708499993131],[-96.56117099980044,32.69721699993284],[-96.56122500022711,32.697262000283935],[-96.56127600028073,
32.697307999997776],[-96.56132599961113,32.69735300030295],[-96.56137599983984,32.69739899996995],[-96.56142299969552,32.69744699989291],[-96.56146999955119,32.6974939996508],[-96.56151700030516,32.69754299966151],[-96.5615619996127,32.697591999645354],
[-96.56160599999363,32.697641999739936],[-96.56169200020736,32.69774400011828],[-96.56177199967497,32.697847999894805],[-96.56184899966787,32.69795399981856],[-96.56192099963789,32.69806300001543],[-96.56198900030826,32.6981730002109],[-96.56205200005746,
32.69828499977584],[-96.56210999978379,32.6984000003438],[-96.5621890003248,32.698575000102075],[-96.56225700009688,32.698752999893024],[-96.56230300012764,32.698908999638704],[-96.56246600033424,32.699461999690584],[-96.56255800039575,32.69977400021055],
[-96.56278199980342,32.70052799967298],[-96.56295099985783,32.70108200037542],[-96.56297900034522,32.70116799978862],[-96.56342000038619,32.70122899970889],[-96.56501999962022,32.70142900008442],[-96.56551699973767,32.70150900010917],[-96.56559799992853,
32.70152099972869],[-96.5656160003702,32.70160800032391],[-96.56565099963197,32.70169299989384],[-96.56565099963197,32.70176300027928],[-96.56582999973212,32.70168000020497],[-96.5660959998709,32.701554999901916],[-96.56633699989533,32.70176300027928],
[-96.56681100044656,32.702170999640416],[-96.5669119998306,32.702086999857734],[-96.5674330002375,32.701689000280524],[-96.56744999995593,32.70167599983518],[-96.56749099996382,32.701639000185345],[-96.5673839998337,32.701544999718934],[-96.56726400018309,
32.701440999714755],[-96.56722700037318,32.701408000349524],[-96.56728099990153,32.70136700020494],[-96.56745599980373,32.70137300002444],[-96.56768400030766,32.701382000130934],[-96.56776600032343,32.701384999662295],[-96.56812699999846,32.701399000245665],
[-96.56833200003786,32.701407000254015],[-96.56859999982645,32.70141799979193],[-96.56881099971366,32.70142599979864],[-96.56884000002599,32.70142900008442],[-96.56891799984379,32.701437000090145],[-96.56902300032408,32.701447000285214],[-96.56953799998489,
32.70150000001547],[-96.56987299972064,32.70153400019668],[-96.5707420002821,32.70162499963965],[-96.57127299983642,32.70167699992764],[-96.57139300038534,32.70169000037288],[-96.57160000007458,32.701712000133455],[-96.57193499981034,32.701746000233896],
[-96.57209100034424,32.70176200018779],[-96.57312099966587,32.7018669999082],[-96.57361799978334,32.70191799996544],[-96.57420299976435,32.702405000021976],[-96.5742289997036,32.70244100002623],[-96.57425499964289,32.70246200027396],[-96.57456400033769,
32.70280500034523],[-96.57480100016416,32.70302200001795],[-96.5751009997398,32.70330100000967],[-96.5751149999835,32.70331400021828],[-96.57528700041095,32.70331999990691],[-96.57602100035487,32.70335200000324],[-96.57862200039483,32.7035730001426],
[-96.5791200003372,32.70360300000644],[-96.5799580000382,32.70365199968682],[-96.58179699964681,32.70372200004738],[-96.58295800028631,32.703654999897765],[-96.58301199981467,32.70371699969948],[-96.58475599988705,32.70366199963368],[-96.58537699985307,
32.70364399987967],[-96.58572099980965,32.703586000311624],[-96.5859710000549,32.70355400029921],[-96.58627700037665,32.70351699991621],[-96.58644600043107,32.70349900013296],[-96.58670099980088,32.70346499994448],[-96.58811900035832,32.7032920000967],
[-96.58845800029205,32.703271000044296],[-96.5899129997611,32.703202000161184],[-96.590061999724,32.70327699973576],[-96.59142800040291,32.703221000079566],[-96.59366299984666,32.702913999908844],[-96.5955170004222,32.70276700032732],[-96.59550099963037,
32.70270800010834],[-96.5960599996721,32.70267699986237],[-96.59831400028074,32.7024600001066],[-96.59949400028847,32.702358999911446],[-96.60247899956968,32.702106000013465],[-96.60259499992063,32.70209800006777],[-96.60277499984569,32.70194400002783],
[-96.60343900036773,32.70187399978437],[-96.60473400000322,32.70173600007232],[-96.60447799991017,32.70151100029781],[-96.60456099975084,32.70144400000004],[-96.60470800006394,32.70134099997439],[-96.60532099963403,32.70149099992087],[-96.60531999980914,
32.70165799968058],[-96.60625200011978,32.70164999969465],[-96.60625399976959,32.70176499970634],[-96.6068660004131,32.70180500033295],[-96.60742600027976,32.70181699991275],[-96.60769800026631,32.70180200005982],[-96.60790599978046,32.701795000177995],
[-96.60916000030639,32.701674999742664],[-96.60998799996165,32.70159599996013],[-96.6108159996169,32.70151100029781],[-96.6125250004275,32.701346999795675],[-96.61337900002202,32.70127200011093],[-96.61417599971513,32.70126600028459],[-96.61418099973798,
32.701058000260744],[-96.61427699999747,32.69963299992894],[-96.61431600035552,32.69950199983758],[-96.61433200024904,32.69934400013521],[-96.61431299998247,32.69848999983037],[-96.61430299993673,32.69716600021312],[-96.61433100042414,32.696487999702725],
[-96.61761799982912,32.6965199999809],[-96.61764299994347,32.69519499970362],[-96.61763600027079,32.6951380001023],[-96.61832800038192,32.69514999982242],[-96.61981600036125,32.695176999753876],[-96.62088099984297,32.6950989996777],[-96.6211090003469,
32.695089999693536],[-96.62115200000463,32.69507900013175],[-96.6212709998303,32.69506799981259],[-96.6213200002341,32.695075999632486],[-96.62216299995798,32.69501899995513],[-96.6221649996078,32.69444499973007],[-96.62287900035855,32.69443699985362],
[-96.62291699999338,32.69165800034113],[-96.62293500043505,32.69043699981343],[-96.62366699983083,32.69043200023331],[-96.6247070000965,32.69043200023331],[-96.62842100019706,32.69044699972893],[-96.62889800022305,32.690439999712616],[-96.62918799975296,
32.690438000031875],[-96.6294720003334,32.69043699981343],[-96.62992099987196,32.69043399991419],[-96.63039700007302,32.6904310000148],[-96.6304230000123,32.6904310000148],[-96.63046300019528,32.69042999979633],[-96.63073600000675,32.690429000333836],
[-96.63089800038847,32.69042699989681],[-96.63100399979534,32.690487000135704],[-96.63134799975194,32.690676000284434],[-96.63178600031816,32.69093199995583],[-96.63194299977867,32.69101599965267],[-96.63200300005315,32.6910489998359],[-96.63217299993245,
32.69114400022671],[-96.63225699959806,32.6911840003212],[-96.63233899961381,32.691226000060915],[-96.63238999966742,32.69125100000463],[-96.63245099976679,32.69128000002127],[-96.63253000030784,32.69132100026332],[-96.63258600038432,32.69135099970943],
[-96.63340300016894,32.6918400003723],[-96.63402699960969,32.69219799964172],[-96.63459400004734,32.692527000141425],[-96.63482000000315,32.69265699969217],[-96.63502199966952,32.692774000335575],[-96.63547899960402,32.69303500022966],[-96.63599199961502,
32.69331300025956],[-96.63708999960699,32.69386600020615],[-96.63722799969925,32.693938999708045],[-96.63753099964795,32.694094000130065],[-96.63750399988378,32.69430800004611],[-96.63748299996738,32.69444800025053],[-96.63747999959433,32.69450999964452],
[-96.63744699998236,32.69480900015349],[-96.63720199976,32.69686099991722],[-96.63716999997294,32.697210999833956],[-96.63708499958413,32.69799600015291],[-96.63697900017722,32.69852800015751],[-96.63684199990986,32.69952600037076],[-96.63667799987834,
32.69953999973384],[-96.63567299977278,32.699528999964464],[-96.63563900033589,32.699913000045015],[-96.6356469998335,32.701384999662295],[-96.63562699974202,32.70352200027532],[-96.6356329995898,32.70401699966781],[-96.63566000025229,32.70426099962393],
[-96.63568500036665,32.704919999736745],[-96.63568899966629,32.70503199990526],[-96.63769399985456,32.7050329999601],[-96.63850200031665,32.7050329999601],[-96.63847300000434,32.70678999967795],[-96.63844399969203,32.70855799973718],[-96.63841600010292,
32.71030500037785],[-96.63840799970701,32.711135999793036],[-96.63839699983636,32.712086000004994],[-96.63843799984424,32.71509900017309],[-96.63850200031665,32.719350999992656],[-96.63849800011869,32.71942299991508],[-96.63852200040816,32.71942600035146],
[-96.63852300023305,32.719508999788204],[-96.63849300009583,32.72246900002275],[-96.63848700024803,32.72309899990714],[-96.63920699994826,32.72310300007209],[-96.63920699994826,32.72369200030204],[-96.63920699994826,32.72382699977204],[-96.63920699994826,
32.72386700033151],[-96.63920699994826,32.724051999945985],[-96.63920699994826,32.72418699962662],[-96.63920600012337,32.72423399965787],[-96.6391950002527,32.72469599993213],[-96.6391950002527,32.724792999688965],[-96.63919600007762,32.72492799975918],
[-96.63917400033631,32.72567000035854],[-96.63918199983391,32.72639000035761],[-96.63918199983391,32.726498999821324],[-96.63900100008394,32.72649399999442],[-96.63899400041126,32.7268499996641],[-96.63845000043813,32.726844000046576],[-96.63844299986711,
32.72758500001267],[-96.63843700001934,32.7286019999376],[-96.63851200036241,32.7286019999376],[-96.63849499974565,32.729586000074825],[-96.63847800002722,32.73049799994052],[-96.63840199985924,32.73404700018071],[-96.63838699979061,32.73412699966735],
[-96.63851300018732,32.73412899988031],[-96.63887300003742,32.734134999763214],[-96.63887600041048,32.734239999915594],[-96.638884999733,32.73453999999319],[-96.63888300008317,32.73495399963598],[-96.63896199972588,32.73500399994823],[-96.63903299987099,
32.73778900002027],[-96.63908399992462,32.73778900002027],[-96.63910200036628,32.73931600026919],[-96.6391170004349,32.74051899995018],[-96.63911400006185,32.74070100004462],[-96.6391109996888,32.74088200011443],[-96.63910800021405,32.74111099966756],
[-96.6391030001912,32.7414490002159],[-96.6391040000161,32.74192600033739],[-96.63910499984101,32.74208000010219],[-96.63910499984101,32.743295000290615],[-96.63909499979528,32.744674999857544],[-96.63910900003897,32.74589999991422],[-96.63910599966592,
32.7485860001073],[-96.63910599966592,32.748603000290565],[-96.63914099982603,32.748603000290565],[-96.63914099982603,32.74861500037355],[-96.6391400000011,32.748636999891794],[-96.6391380003513,32.748732000153204],[-96.63913699962808,32.74880100031928],
[-96.63912800030555,32.75013799973137],[-96.63905700016045,32.75344700010491],[-96.63904399974166,32.75408600019809],[-96.63904299991673,32.75412499976098],[-96.63901500032765,32.755386999837],[-96.6390119999546,32.7555150002071],[-96.63927399989541,
32.755732000042435],[-96.63971300028656,32.75610599976048],[-96.64011599979438,32.75645299991417],[-96.6420540000355,32.75811599970507],[-96.6423910003194,32.75841399980255],[-96.64277000043609,32.75873700032833],[-96.64300899991237,32.758951000005645],
[-96.64307199966157,32.75901400009157],[-96.64315000037767,32.759110000064815],[-96.64327300040132,32.75929600000172],[-96.64335299986895,32.75943900002206],[-96.64338399983109,32.75950700000403],[-96.64342800021203,32.75964200036975],[-96.643721000115,
32.76102400011951],[-96.64397899985785,32.76229200012814],[-96.64400599962202,32.762374999683686],[-96.6440319995613,32.76244500002228],[-96.644045999805,32.76251999962258],[-96.6441310001938,32.762969999674645],[-96.64416299998085,32.763088999800004],
[-96.64420999983653,32.7632079997663],[-96.64424099979867,32.76325599977116],[-96.64433000038545,32.763361999753194],[-96.64437700024111,32.76340999967502],[-96.64465000005258,32.763638000083446],[-96.64576899996098,32.76461700012423],[-96.6460230004042,
32.76482499993994],[-96.64608500032847,32.764875000106436],[-96.64635800013995,32.76510399992103],[-96.64665100004291,32.7653240002074],[-96.64744400043637,32.76605800034083],[-96.6475380001477,32.76613199979411],[-96.64764600010274,32.766227000278036],
[-96.64861199985026,32.76701800029156],[-96.6487359996988,32.76712499968494],[-96.64892400001979,32.7672850003663],[-96.65000699994317,32.76820900005375],[-96.6501009996545,32.76828199988431],[-96.6501860000433,32.76834999991054],[-96.65024200011982,
32.76840000036329],[-96.6503609999455,32.76850999990079],[-96.6511359998973,32.76916800013249],[-96.65306099971964,32.77082700008101],[-96.65442099965246,32.77198399974672],[-96.65446099983544,32.77202199972024],[-96.65592600024856,32.77328299987522],
[-96.6563599997185,32.7736600000108],[-96.65650100018382,32.77376400036622],[-96.65672399976657,32.7739400002841],[-96.65720300034069,32.774367000024434],[-96.65741900025075,32.774544000290746],[-96.65963399960302,32.77640799963428],[-96.65995900019132,
32.77666300016413],[-96.66074900021177,32.777321999786984],[-96.6613650001549,32.77785200003087],[-96.6614499996454,32.777918000313306],[-96.66186899994506,32.77824100031446],[-96.6620339998015,32.77838800006236],[-96.66215199980228,32.77851499985451],
[-96.66219899965795,32.77856099994272],[-96.66275000020208,32.778572999764755],[-96.66310599985422,32.77858099964525],[-96.66350000003953,32.77892899979182],[-96.66421399989196,32.77955999998063],[-96.66471699985722,32.78000400017345],[-96.66494399963793,
32.780213000250825],[-96.66551799974829,32.78075400021265],[-96.66605900024668,32.78131199988628],[-96.66619700033894,32.78150000016294],[-96.66637800008891,32.78169900024802],[-96.66685000009201,32.782134000079424],[-96.66696700026787,32.782239000293025],
[-96.66740199956274,32.782629000217206],[-96.66749399962426,32.78271600019946],[-96.66776800015894,32.7830140002664],[-96.6677790000296,32.78303499965819],[-96.6677920004484,32.78305100012648],[-96.66799199956664,32.783323000095216],[-96.668236999789,
32.78332100023172],[-96.66949100031492,32.78331699974946],[-96.66948100026919,32.783941000309134],[-96.66948100026919,32.784023000144465],[-96.66971100042295,32.784023000144465],[-96.67092599969249,32.784034999985096],[-96.67123899968695,32.78403699983247],
[-96.67125999960335,32.78403699983247],[-96.6712570001286,32.784135999775216],[-96.67124700008286,32.784785000028045],[-96.6704319999481,32.78477099970252],[-96.67243700013637,32.78651599967208],[-96.67304800005665,32.78706399980361],[-96.67305300007952,
32.787490999999584],[-96.67305499972933,32.78773500027011],[-96.67308800023962,32.78914799995972],[-96.67309499991231,32.789461999695256],[-96.6731009997601,32.789801000084495],[-96.67311300035398,32.79042499971509],[-96.67312000002667,32.790843000255116],
[-96.67313400027038,32.79129299982572],[-96.67310699960788,32.79134400006637],[-96.67306300012527,32.791388999721335],[-96.67309499991231,32.79150000013223],[-96.67309699956212,32.79154399986904],[-96.67319600019465,32.791543000029684],[-96.6733750002948,
32.79154600030278],[-96.67382100035863,32.791547000142046],[-96.67381999963541,32.7916160003524],[-96.67500499966604,32.7916320000324],[-96.67509799955246,32.79163299987069],[-96.67527500000277,32.79163500030244],[-96.67578800001377,32.791642999763475],
[-96.67592199990807,32.791644000356825],[-96.67764300041424,32.79164900030276],[-96.67763199964526,32.79227699988466],[-96.67887899960017,32.792293000200935],[-96.67998099979012,32.79230600026691],[-96.68031200022622,32.79232199982278],[-96.68248700029382,
32.79234700011414],[-96.68262000036323,32.79235000036006],[-96.68268399993731,32.79234700011414],[-96.68353199968405,32.79235500026631],[-96.68368999986781,32.79235500026631],[-96.68420999955148,32.792361999832494],[-96.68420399970371,32.792511000069105],
[-96.68420000040406,32.79259099990057],[-96.68419299983304,32.792655999993826],[-96.68418199996239,32.792737000275906],[-96.68416900044191,32.79281699990406],[-96.6841390003047,32.79297500005321],[-96.68410900016747,32.793103999809084],[-96.68407499983226,
32.79322999991687],[-96.68402999962643,32.79338499987643],[-96.68392900024241,32.793655000330176],[-96.68389900010517,32.79373599970233],[-96.68386999979288,32.79380499972459],[-96.68381299989146,32.793920999958736],[-96.68372000000502,32.79410299964361],
[-96.6836959997156,32.79414800016799],[-96.6836749997992,32.79418300030833],[-96.6836460003852,32.79423299983774],[-96.68361100022508,32.79428899970012],[-96.68354500010285,32.79439399991346],[-96.6834709995847,32.79450299998218],[-96.68341200003346,
32.79458499989727],[-96.68330200042861,32.79472700005032],[-96.68324700017702,32.79480199963019],[-96.68322100023774,32.794830999944146],[-96.68317299965886,32.794884000024716],[-96.6831049998868,32.7949670001445],[-96.68291800028905,32.79515900020651],
[-96.68275599990734,32.79530800028754],[-96.68265200015026,32.795395999746766],[-96.68250800021022,32.795516999899405],[-96.68239600005722,32.7956260001018],[-96.68237199976778,32.79564899987803],[-96.68232200043738,32.79570600015149],[-96.68225799996496,
32.79578299999922],[-96.68222799982773,32.79581999983364],[-96.6822040004366,32.795852999734265],[-96.68213900013929,32.79594999978304],[-96.68208300006279,32.79603199987406],[-96.68207499966685,32.79604299981604],[-96.68199299965109,32.796178999672996],
[-96.68195400019135,32.796272000221634],[-96.68193300027495,32.796325000198514],[-96.68190700033567,32.796405000374406],[-96.68188100039642,32.79648499972324],[-96.68187700019845,32.79650300035969],[-96.68187499965033,32.796514000243455],[-96.68183600019057,
32.796650000135095],[-96.68181199990114,32.7967570001424],[-96.68179500018269,32.79686099992735],[-96.68179000015982,32.79690199993982],[-96.68178699978678,32.79694500024567],[-96.68178500013695,32.796977999728746],[-96.6817819997639,32.79701400004325],
[-96.68178000011409,32.79705299967536],[-96.68177099989325,32.797086999650446],[-96.6817609998475,32.797115999974324],[-96.68171099961879,32.797156000092954],[-96.68152300019612,32.79730400007361],[-96.68144000035545,32.79737000027128],[-96.68121699987438,
32.79755000014942],[-96.68089800003214,32.79760399989083],[-96.68079099990203,32.79762099977465],[-96.67969899975782,32.79776499990394],[-96.6789229999811,32.79788999968025],[-96.67724400020606,32.798159000282205],[-96.67576500044756,32.7983410003542],
[-96.67512000019207,32.79842299975046],[-96.67429400018665,32.79850600034229],[-96.67394100000922,32.79853999976177],[-96.67393699981126,32.798621999729605],[-96.67392900031368,32.798801000335864],[-96.67392799959043,32.798824000045954],[-96.67392299956758,
32.798948000087584],[-96.67392199974266,32.798966000225406],[-96.67391800044301,32.79908300027727],[-96.67391300042014,32.7991880001153],[-96.6739030003744,32.79943400026424],[-96.67401800000214,32.79947300034504],[-96.67422499969136,32.79969399997644],
[-96.67435199991297,32.79983600027658],[-96.67441200018743,32.79994099998036],[-96.67445499984512,32.80002499965418],[-96.67446400006595,32.800141999822586],[-96.67444599962428,32.80026100007477],[-96.67441600038539,32.80038000016768],[-96.67433900039251,
32.80049600013032],[-96.67422300004154,32.800603999777216],[-96.67413299962986,32.80067100028226],[-96.67387900008495,32.80078900009102],[-96.67387099968903,32.800999000143946],[-96.67386999986411,32.801030999899936],[-96.67386599966616,32.80111100037207],
[-96.67385899999346,32.801229000351924],[-96.67384499974978,32.801500999849544],[-96.67384399992486,32.80152500009842],[-96.67362600036495,32.805963999912755],[-96.67360500044856,32.806879000308626],[-96.67355699986967,32.806879999975486],[-96.67312500004954,
32.80688699990832],[-96.67001299964842,32.80690999979153],[-96.66829100021567,32.80687000028623],[-96.66829600023856,32.806959000048124],[-96.66810600026774,32.80701799995143],[-96.66576999964336,32.80703500030019],[-96.6656600000385,32.80702600029364],
[-96.6655610003043,32.80705199989072],[-96.66550699987764,32.80709400015311],[-96.66542400003696,32.80714300030825],[-96.66538300002907,32.80720899999683],[-96.66534500039423,32.807501999727364],[-96.66534100019628,32.808841000045305],[-96.66535799991472,
32.80957299976967],[-96.66535700008981,32.80969299986715],[-96.66538899987685,32.80976499999892],[-96.66545300034927,32.809831999639144],[-96.66555000043367,32.80990799969956],[-96.66569900039657,32.810003000249935],[-96.66541099961817,32.81042799976006],
[-96.66527300042422,32.81079999988206],[-96.66525699963238,32.81095100017122],[-96.66544300030354,32.81097799975089],[-96.66538600040212,32.81131099968058],[-96.66536899978537,32.811989999779335],[-96.66539100042499,32.81229999969948],[-96.66536899978537,
32.81324899962698],[-96.66538800005195,32.81416800036845],[-96.66538100037924,32.81472600026483],[-96.66542400003696,32.815390000332734],[-96.66542900005983,32.81547500007641],[-96.66542800023493,32.81553600025982],[-96.66525400015765,32.8155369998293],
[-96.66233500010038,32.81553800015373],[-96.66226399995529,32.815541000371994],[-96.66226300013037,32.815996999907846],[-96.66226399995529,32.81684899982226],[-96.6622589999324,32.8177220001305],[-96.66225399990952,32.81858599981922],[-96.6622589999324,
32.81872500002427],[-96.66232199968158,32.818952999840874],[-96.66232099985668,32.81902500001899],[-96.66217400044191,32.819031999750116],[-96.66162200007285,32.81906300027823],[-96.66168300017223,32.82139100001792],[-96.66065899980008,32.8213879999972],
[-96.6596679999382,32.82138300021409],[-96.65929399984438,32.821360999806146],[-96.65860400028139,32.82139200027644],[-96.65805199991235,32.821395999800636],[-96.65805000026252,32.82149100014742],[-96.65805100008744,32.821532999624715],[-96.65804699988948,
32.82158699989407],[-96.65806100013317,32.82212500028162],[-96.65807700002668,32.82276400012596],[-96.6580839996994,32.823049999732],[-96.65809399974513,32.82344300027009],[-96.65810600033902,32.82392300025112],[-96.65812200023254,32.82428199981847],
[-96.65813800012606,32.824818000051],[-96.6581409996008,32.8250029997832],[-96.65814899999671,32.825334999776715],[-96.65817199956294,32.82626500003182],[-96.65820500007321,32.827359999622814],[-96.6582179995937,32.82768600024821],[-96.65822299961657,
32.82781999962566],[-96.65816400006534,32.827824000370114],[-96.65814300014894,32.82867399972966],[-96.65817800030904,32.82952900009159],[-96.65816499989025,32.83038200021044],[-96.65818499998173,32.830756000122044],[-96.65819000000461,32.830852999819626],
[-96.65986299993187,32.830821999632086],[-96.66006299994841,32.830821999632086],[-96.6601600000328,32.83082100023459],[-96.66053999997438,32.83081699962518],[-96.6605419996242,32.83129900005396],[-96.66054599982216,32.83217700018758],[-96.66054800037031,
32.83304500018013],[-96.66056799956347,32.833778999994436],[-96.66047800005009,32.834753999724576],[-96.66017000007854,32.83475300037134],[-96.65977800044138,32.83474899993908],[-96.65956199963298,32.834706999918154],[-96.65946299989879,32.834676000321295],
[-96.65938400025605,32.83464100027653],[-96.65930300006521,32.83459599987513],[-96.65899599991855,32.83438299962834],[-96.65886100019935,32.83452599970867],[-96.65558599959162,32.83734500029569],[-96.65526299955143,32.837638000271006],[-96.65303300013055,
32.83572499968165],[-96.65255600010458,32.8353159997862],[-96.65217000031521,32.83562599982626],[-96.64899599998981,32.83833400030777],[-96.64889100040783,32.838432000095914],[-96.64873700042205,32.83855299976984],[-96.6484460001689,32.838785000261474],
[-96.64798699968627,32.83838299983803],[-96.64722900035122,32.83770999964295],[-96.64717999994741,32.837667000192816],[-96.64639199957682,32.837954000183245],[-96.64573299997598,32.838233000204944],[-96.64466799959592,32.838646999814365],[-96.64384800033659,
32.8389739998202],[-96.64357799999985,32.83909100002828],[-96.64349400033427,32.83912799994586],[-96.64267599982644,32.83945200027887],[-96.64240999968766,32.83955299974957],[-96.64230699975549,32.8395929996352],[-96.64189599985177,32.839695999805],
[-96.64157199998665,32.83975599990741],[-96.64116000025801,32.839777000235614],[-96.64095799969334,32.839770999926714],[-96.64043600035983,32.8397569999591],[-96.6396739999285,32.83965199975444],[-96.6389490002054,32.840276999645376],[-96.63838900033875,
32.84076100012298],[-96.63781699987823,32.84125399978481],[-96.63733999985224,32.84166700036991],[-96.63692399992563,32.84200300005519],[-96.63598199956924,32.84281499964121],[-96.63586799976645,32.84292499995815],[-96.63576599965917,32.84300999976665],
[-96.63549399967262,32.84323099979342],[-96.63539800031148,32.84331300002881],[-96.63604900041473,32.844373999970344],[-96.63618699960867,32.84479100035775],[-96.63645399957235,32.845107999703416],[-96.63659400021277,32.8452639997323],[-96.63688399974266,
32.845567999832966],[-96.63718699969137,32.84586099983574],[-96.63754200041693,32.846194000310355],[-96.63785799988611,32.84649300036545],[-96.64305800031619,32.85095700035463],[-96.64550299982218,32.85305700013265],[-96.64631399975902,32.85366700002386],
[-96.6470519999009,32.85417899984484],[-96.6480029995798,32.854822000205615],[-96.64907800000559,32.85553599980846],[-96.64922399959545,32.855629999977076],[-96.65117600008028,32.85683300030902],[-96.65829700013472,32.86124500010248],[-96.66022500033012,
32.86243999986665],[-96.66259200001832,32.863934000266426],[-96.66273699978328,32.86402600027956],[-96.6628999999899,32.86412900000879],[-96.66300200009715,32.864193999827634],[-96.66522200037059,32.86559300027342],[-96.66555000043367,32.865601999626655],
[-96.66572399961261,32.865606000177344],[-96.66587299957553,32.86561099973354],[-96.66584599981134,32.865978999800156],[-96.66730500037667,32.86691600028034],[-96.6679199995966,32.867301000343375],[-96.66803400029774,32.867354999936346],[-96.668200999804,
32.86742400012287],[-96.66831100030717,32.867468999723556],[-96.66840900021647,32.86733900031185],[-96.66842400028507,32.867322000188956],[-96.66906899964222,32.866449000149586],[-96.669186999643,32.86654399982125],[-96.66927700005469,32.86657099985233],
[-96.6693840001848,32.86664500014686],[-96.66930100034413,32.86681399976211],[-96.66921299958227,32.86699300027576],[-96.66936800029129,32.867545000254815],[-96.67040199981086,32.868861000236635],[-96.67104799989124,32.86929599968816],[-96.67217400037063,
32.869673000001676],[-96.6730570002775,32.86983999970231],[-96.67330999999747,32.86988999965536],[-96.67608500011468,32.87042099984703],[-96.67708400037247,32.87067800014196],[-96.67735899983377,32.87081299995739],[-96.67821099977849,32.87112200003544],
[-96.67877300019326,32.87134600004865],[-96.67940099983198,32.871602999925855],[-96.68036800030274,32.872086000353924],[-96.68137099986016,32.8726500002603],[-96.68224200007145,32.87318799975441],[-96.68273300034113,32.87356099992596],[-96.68302700006899,
32.87383299971495],[-96.68308700034345,32.87388899994514],[-96.68317799968175,32.873958999994564],[-96.6837040001115,32.87441200002344],[-96.68412400023608,32.874792000187625],[-96.68452300044424,32.87519000001096],[-96.6849219997541,32.87556599975701],
[-96.68645900013725,32.876875000193024],[-96.68709099997392,32.877379999921985],[-96.68790399956056,32.87786200018581],[-96.68817600044545,32.87799499962819],[-96.68866199979392,32.878166000234636],[-96.68886099998555,32.878249999855825],[-96.68927000023947,
32.87850599971927],[-96.68948100012666,32.87868100005503],[-96.68839599965514,32.878708999774936],[-96.68802900013235,32.87869099995604],[-96.68792200000223,32.878688999975914],[-96.68721200034774,32.87867700009435],[-96.68699300006462,32.87867700009435],
[-96.686617000321,32.87868699999575],[-96.68648599990142,32.87869099995604],[-96.68483399989054,32.87868699999575],[-96.68457899962243,32.87870000024314],[-96.68409699957358,32.87872900032384],[-96.68361000040018,32.878782000134684],[-96.68318000022987,
32.878801000301145],[-96.68318000022987,32.87890400021938],[-96.68317699985681,32.87898399994878],[-96.68317900040495,32.87904900019438],[-96.68317199983393,32.881570999927206],[-96.68316900035921,32.88298900005544],[-96.68315699976534,32.88593600021448],
[-96.68401600028103,32.885934999928985],[-96.69055499982923,32.88595500035596],[-96.69053899993568,32.88796500025533],[-96.6905260004152,32.889132999768606],[-96.69051299999643,32.89031200006041],[-96.69166299986695,32.89031999968573],[-96.69368399994876,
32.8903329997353],[-96.69371900010886,32.89164600019886],[-96.69367200025319,32.894421999990364],[-96.69343799990146,32.89442099980067],[-96.6922500003961,32.89442999999881],[-96.69205200002938,32.89442999999881],[-96.69175900012642,32.89442999999881],
[-96.69175599975337,32.89457199965173],[-96.69173200036225,32.89589100017958],[-96.69167999958539,32.89812800009722],[-96.69167999958539,32.89843300015913],[-96.69168100030862,32.899049000219556],[-96.69168299995845,32.89960699972294],[-96.69168799998133,
32.900328000068704],[-96.69168399978335,32.90209000012537],[-96.69169999967687,32.90274699980054],[-96.69170600042297,32.90406399985475],[-96.69197099983853,32.90398300006109],[-96.69254900014684,32.90380599975128],[-96.69254800032193,32.90386600022829],
[-96.6925459997738,32.9040980003327],[-96.69333900016727,32.9038539999853],[-96.6938839999653,32.903686000183704],[-96.69462499958193,32.90345700001711],[-96.6951789996008,32.903290000306086],[-96.69578899969616,32.903102999957824],[-96.69753399959343,
32.90256500030284],[-96.69752899957058,32.903108999753265],[-96.69752100007295,32.90463200018134],[-96.69751799969991,32.905742999675],[-96.69751000020231,32.90740300002626],[-96.69747599986712,32.90900000012932],[-96.69779200023461,32.909008000329344],
[-96.6982349999254,32.90901099964997],[-96.7004090001681,32.90901799982414],[-96.7005439998873,32.90902499999776],[-96.70054200023748,32.90916500033748],[-96.7005079999023,32.911133999956256],[-96.70048000031319,32.91193500010388],[-96.70045799967357,
32.91282099980052],[-96.70044799962783,32.9134189997686],[-96.70043000008448,32.91450400007142],[-96.7003899999015,32.916562000038184],[-96.7018670000102,32.91656900036939],[-96.7032119998744,32.916573000127485],[-96.70446300002727,32.91658799997281],
[-96.70566399995143,32.91659800011966],[-96.70576500023375,32.916600999937245],[-96.70576299968562,32.91670700021414],[-96.70573199972348,32.918085999724426],[-96.70572099985283,32.92161199975153],[-96.705711999632,32.924141999773845],[-96.70569999993643,
32.92763599969243],[-96.70569499991355,32.929097999913274],[-96.70570099976136,32.929688000143976],[-96.70576299968562,32.92968899993523],[-96.7057610000358,32.92995300023854],[-96.70575699983785,32.93028900010203],[-96.70575600001293,32.93061400034671],
[-96.70575199981496,32.93094999996151],[-96.70574500014229,32.93122800012314],[-96.70590400015094,32.93123199997265],[-96.7064580001698,32.93124700034914],[-96.7071750003953,32.93123800012356],[-96.70914700007329,32.93123299974652],[-96.70930600008195,
32.931245999821435],[-96.70982800031379,32.93124999967012],[-96.71041199957155,32.93124700034914],[-96.71085199978762,32.931244000274035],[-96.71110000038304,32.93125199997137],[-96.7120970000927,32.93125199997137],[-96.7121880003293,32.931251000197776],
[-96.71298099982445,32.93123800012356],[-96.7137099997455,32.93125199997137],[-96.71410599958064,32.93125999966804],[-96.71501399960182,32.931261000195526],[-96.71554400022956,32.931261000195526],[-96.7166439998714,32.93127400026638],[-96.71796299979631,
32.931279999660426],[-96.71812500017802,32.9312910001821],[-96.7181379996985,32.9293319998315],[-96.7181379996985,32.92899699990233],[-96.7181440004446,32.92760000033114],[-96.71815000029238,32.92647699974738],[-96.7181510001173,32.92586800010029],
[-96.71814699991934,32.92543200031635],[-96.71821700023953,32.92543200031635],[-96.71904900009275,32.92543700026722],[-96.72284500020906,32.92546000033935],[-96.72374900003231,32.925465000288646],[-96.72394700039902,32.92552799992744],[-96.72410700023259,
32.92554000024852],[-96.72416699960873,32.925545000193345],[-96.7244460001663,32.92553299987294],[-96.72938200010742,32.92556099986399],[-96.72949500008532,32.92556099986399],[-96.72954699996386,32.92556199970195],[-96.73004499990624,32.92556199970195],
[-96.73109299966951,32.92556199970195],[-96.73120900002047,32.92556099986399],[-96.7315420001064,32.925565999807574],[-96.73159599963476,32.92556699964547],[-96.73206199979008,32.92556199970195],[-96.73235800006609,32.92553799981811],[-96.73255999973246,
32.92551300008933],[-96.73263699972534,32.925502000357206],[-96.73282800041936,32.92546799980567],[-96.73602100011301,32.925494999978646],[-96.73603899965637,32.92546600012768],[-96.73610899997657,32.925465000288646],[-96.73622899962716,32.925462999856556],
[-96.73627600038115,32.9253060001031],[-96.73632700043477,32.92526599967474],[-96.73638000013821,32.92522599998236],[-96.73639199983378,32.925119000263805],[-96.73656300043632,32.92472000020074],[-96.73703999956399,32.923613000033384],[-96.7370909996176,
32.92359399967598],[-96.73718100002928,32.9235570003176],[-96.73754900027532,32.9234610000761],[-96.73787399996533,32.92339199979103],[-96.73836000021214,32.923334000209216],[-96.73859899968843,32.923322000343006],[-96.73926599968522,32.92330299992313],
[-96.73962499971041,32.92329899971513],[-96.74010099991148,32.92329500026102],[-96.74015899963779,32.92329399964344],[-96.74031199979865,32.92328299963547],[-96.74061399992246,32.9232599997515],[-96.74091799969607,32.923275999835326],[-96.74262800033156,
32.923330000002686],[-96.74390399970048,32.92334000014171],[-96.74391600029435,32.92332699965912],[-96.74576499994872,32.92334000014171],[-96.74692400004008,32.92334699993678],[-96.74754300035629,32.9233510001426],[-96.74850099970787,32.92335600021107],
[-96.74247199979766,32.932778000261976],[-96.74122900004069,32.93473200026827],[-96.74145199962346,32.93474900027337],[-96.74233299988047,32.9348189997278],[-96.74307199984727,32.93487799980659],[-96.74318599965008,32.934888000148256],[-96.74503500020275,
32.93504000007597],[-96.74505799976897,32.93498100010532],[-96.74545299977919,32.935015000016534],[-96.74558400019875,32.934010999660174],[-96.74715699966859,32.93412800036118],[-96.74828700034595,32.93421300018058],[-96.74836799963848,32.93422299984353],
[-96.74820299978205,32.93513200014342],[-96.74819100008648,32.93523599987497],[-96.74816599997213,32.9354049998376],[-96.74815799957621,32.935727000210974],[-96.74815299955333,32.93640799973354],[-96.7481500000786,32.9367909999588],[-96.74814599988063,
32.93694799968606],[-96.7481359998349,32.937327000260936],[-96.74813099981202,32.93760700013974],[-96.74812300031441,32.93770599996556],[-96.74809999984988,32.93800399998317],[-96.74807599956044,32.93831399984669],[-96.74812800033729,32.938566999671714],
[-96.74813800038302,32.93859500006077],[-96.74814300040592,32.938828000046826],[-96.74814699970555,32.93942399980945],[-96.7481359998349,32.939973999960564],[-96.7486570002418,32.93997800016847],[-96.74877400041767,32.939973999960564],[-96.74948499989706,
32.939973999960564],[-96.75072099998131,32.93997100018147],[-96.7511210000144,32.93997100018147],[-96.75193699997408,32.939973999960564],[-96.75226699968697,32.93997100018147],[-96.75285599986594,32.9399669999733],[-96.75521900025451,32.93997100018147],
[-96.75608000042004,32.93995700020587],[-96.75655800027093,32.93997199985656],[-96.757211000024,32.93997100018147],[-96.75728999966672,32.93997100018147],[-96.75740199981972,32.93997899984342],[-96.75755099978264,32.93998500015486],[-96.75830099962008,
32.9399730002855],[-96.7583580004198,32.9399730002855],[-96.75913400019651,32.939973999960564],[-96.75943700014523,32.93998500015486],[-96.75970599975872,32.93999499991912],[-96.76009999994403,32.93998200037615],[-96.76060299990928,32.93994899978801],
[-96.76116500032407,32.9398839997587],[-96.76182200027509,32.93984100010741],[-96.76250400034048,32.93982200021975],[-96.762624999816,32.939827000111215],[-96.76385900025042,32.93983299967905],[-96.76397800007612,32.93983499978619],[-96.76409699990181,
32.93983600021668],[-96.76535300007755,32.93985799988439],[-96.76638800032036,32.93988599986468],[-96.76883000035164,32.9398669999867],[-96.76898699981217,32.9398669999867],[-96.76899100001013,32.94000699978545],[-96.76900899955346,32.9410510000193],
[-96.7690169999494,32.9435570002021],[-96.76900799972856,32.944802000065934],[-96.76901500029958,32.94518300013575],[-96.76902500034531,32.94567400027578],[-96.76902500034531,32.94584699983356],[-96.76902100014736,32.94654800013272],[-96.76901100010161,
32.94723800010606],[-96.76900699990364,32.947389999913874],[-96.76896300042102,32.949315000129715],[-96.76898400033741,32.95059499982718],[-96.76898799963706,32.95084499977766],[-96.76898299961421,32.950985000285314],[-96.76896400024594,32.95136299994543],
[-96.76896400024594,32.95157100030528],[-96.76898400033741,32.95349400013002],[-96.76898400033741,32.9539639996857],[-96.76896300042102,32.955845999795415],[-96.76898699981217,32.95678899999727],[-96.7689759999415,32.95771799975752],[-96.76896699972066,
32.958626999717715],[-96.76893999995649,32.959534999918546],[-96.76894099978142,32.96047600030921],[-96.76893800030666,32.962114000191626],[-96.76894199960631,32.96223700019113],[-96.76896500007085,32.963168000290636],[-96.76894599980427,32.96415200033551],
[-96.76892300023806,32.965240999976196],[-96.76894499997938,32.96712599994732],[-96.76891400001723,32.96761600016817],[-96.76892599971279,32.968003999900574],[-96.76892400006298,32.96891599985668],[-96.76892200041316,32.96981699994541],[-96.76891999986502,
32.97069400020128],[-96.76892300023806,32.97384699967029],[-96.7688909995527,32.97430000030677],[-96.7688909995527,32.97449300036281],[-96.76886700016156,32.97481500003284],[-96.76876699970414,32.97519500030505],[-96.76869800010718,32.97540599966291],
[-96.7685609998398,32.97572000033119],[-96.76854099974834,32.975759999788906],[-96.76840100000625,32.97613200035928],[-96.76830399992186,32.9764670002895],[-96.76824899967029,32.97668799975697],[-96.76822399955593,32.97690100009104],[-96.76820699983749,
32.97734000005053],[-96.76821400040848,32.978227000168424],[-96.76821400040848,32.97835100033395],[-96.76821400040848,32.97945600021465],[-96.7681800000733,32.981217000010346],[-96.76818300044634,32.9813219997359],[-96.76819500014192,32.98247299998708],
[-96.76821199986036,32.982821999943056],[-96.7682160000583,32.982890999814224],[-96.76804199998104,32.98289199975738],[-96.76783399956857,32.98289500034023],[-96.76454799998851,32.98290399982763],[-96.76333399964555,32.982893999643615],[-96.76288599993191,
32.98288999987111],[-96.75950800029034,32.982863999838315],[-96.75748999968326,32.9828799996855],[-96.75748499966038,32.98290099999857],[-96.75738799957601,32.98290000005558],[-96.757351999591,32.98304000025846],[-96.75728200016911,32.983221000024855],
[-96.7572319999404,32.98335100034],[-96.75715199957446,32.98351100005935],[-96.7570920001983,32.98363399965117],[-96.75699799958866,32.98378099972887],[-96.75687100026538,32.983964000098624],[-96.75663400043891,32.98433600001452],[-96.75658300038529,
32.98444800003063],[-96.75653200033166,32.984597000107534],[-96.7564929999736,32.984744000088725],[-96.75646700003433,32.984888999984165],[-96.75646700003433,32.985017000265586],[-96.75646100018655,32.98555399962367],[-96.75646399966129,32.986298000311365],
[-96.75646399966129,32.98639799975157],[-96.75646500038451,32.98666900028719],[-96.75646000036164,32.98750800009586],[-96.75645399961553,32.988346000337],[-96.75645199996572,32.990746000163064],[-96.75645000031588,32.99157999966847],[-96.75644699994285,
32.99241299974555],[-96.75644500029303,32.992941999928476],[-96.75644299974489,32.99307099966169],[-96.75646600020943,32.99315299982043],[-96.75644199991997,32.994522999912625],[-96.7564439995698,32.99467799992291],[-96.75644000027015,32.99479900015975],
[-96.7564229996534,32.9950180000856],[-96.75640900030801,32.99519299982493],[-96.75638199964553,32.99528300020151],[-96.75618900019998,32.995752999672185],[-96.7560970001385,32.99595800009999],[-96.7560000000541,32.99609899972824],[-96.75588899972601,
32.996258999696074],[-96.75567399964086,32.99649499994783],[-96.7554019996543,32.996699000371954],[-96.75509500040594,32.99691800010292],[-96.75523000012517,32.997019000101865],[-96.75542000009595,32.99714000014234],[-96.75564000020398,32.99725300026696],
[-96.75586799980962,32.99736000006484],[-96.75612599955248,32.99742100013802],[-96.75645899963841,32.9974809996377],[-96.75648999960055,32.9982129997421],[-96.75644600011792,32.998361000169716],[-96.75645699998859,32.99855400036456],[-96.75662900041604,
32.999879000160604],[-96.75668799996727,32.99999100004155],[-96.75671300008163,33.000071000300004],[-96.75674300021885,33.000152000233435],[-96.75685799984659,33.000422000228006],[-96.75704500034266,33.00036000022424],[-96.7579140000058,33.0001290000088],
[-96.7588589998369,32.99991299996462],[-96.75966499975085,32.999771999650505],[-96.7602179999448,32.99967900007341],[-96.76118200004251,32.99952500031507],[-96.76227300036182,32.99944699982616],[-96.76246900018039,32.99943300023338],[-96.76347199973783,
32.999380000355664],[-96.764159999651,32.999362999975915],[-96.76504099990802,32.9993669997553],[-96.7655880002542,32.99939000017864],[-96.76663000016968,32.999482000305214],[-96.7668279996381,32.99949899990862],[-96.76760000011517,32.99956900005823],
[-96.7677289999866,32.99958100012134],[-96.76780599997949,32.99958899966021],[-96.76788200014748,32.99959799970567],[-96.76805600022475,32.999629000357444],[-96.7688620001387,32.999771999650505],[-96.77058899959431,33.00016799996037],[-96.77131000001778,
33.0003819998903],[-96.77175100005874,33.00049199964525],[-96.7724029999869,33.00069299989112],[-96.77348699973518,33.00111199980849],[-96.77354199998676,33.00114299992828],[-96.77430299969487,33.00151300029863],[-96.77477600042121,33.001754999941724],
[-96.77522999998264,33.00198700014684],[-96.7762190001947,33.00262299963264],[-96.77755599966298,33.00339300033913],[-96.77981100009652,33.00484899976925],[-96.78268999997081,33.00711200003782],[-96.78289099981227,33.0072610002703],[-96.78340299999834,
33.00763700007672],[-96.78353699989263,33.00772699981271],[-96.783922999682,33.008056000158554],[-96.78435700005028,33.00842299969172],[-96.78442999984522,33.00848700011485],[-96.78450400036338,33.008548999680094],[-96.78562400009667,33.00946899979594],
[-96.78605199971885,33.00975900020952],[-96.78648100006426,33.010025999765354],[-96.78693200015097,33.01028099990687],[-96.78716499977946,33.010395999788585],[-96.78739900013119,33.010509000259894],[-96.78846799981088,33.01102100002797],[-96.78933099962622,
33.01133499980119],[-96.78950200022877,33.01139299963693],[-96.79001000021688,33.011550000131024],[-96.79027800000549,33.01161799976883],[-96.79198500026794,33.011956999817585],[-96.79301499958956,33.01209600026306],[-96.79312699974254,33.01210299980823],
[-96.79529500013746,33.01234099983201],[-96.79538899984878,33.012348999720366],[-96.79548299956011,33.012359999942305],[-96.79685500008681,33.012542999804005],[-96.7983470002641,33.01265199985399],[-96.79869399969543,33.012687000366675],[-96.79967899970951,
33.012731999929365],[-96.80119500017625,33.01273500025091],[-96.80276400034644,33.012748999992496],[-96.80319500034167,33.012747999634406],[-96.80364100040549,33.01275699984389],[-96.8041839996554,33.012766999657],[-96.8055069997783,33.01279400027684],
[-96.81289499979643,33.01279699984299],[-96.81328899998174,33.01279699984299],[-96.81576600017311,33.012804000085815],[-96.81632600003977,33.012811000328014],[-96.8170469995649,33.012804000085815],[-96.81866400031399,33.012828000375976],[-96.8186590002911,
33.013039999767926],[-96.8186509998952,33.013385999819874],[-96.81865000007028,33.013428999831596],[-96.81864699969724,33.013564000327904],[-96.81910600017986,33.01358599971405],[-96.81956399993926,33.01361500002639],[-96.81984900034462,33.01363799974783],
[-96.82002199969865,33.0136509997515],[-96.82047799980823,33.013693999634],[-96.82078400012999,33.013726999792425],[-96.82186100020559,33.013905000365426],[-96.82443299993322,33.01439800033483],[-96.82475900034646,33.01446000026417],[-96.82676700000948,
33.014845000259236],[-96.82862700043279,33.01515000001084],[-96.82872500034209,33.015153999827724],[-96.82908900039017,33.01524499975506],[-96.82917100040592,33.01526500032253],[-96.82922699958411,33.01527299994561],[-96.82926299956912,33.01527299994561],
[-96.82929299970635,33.01530199970314],[-96.82955899984513,33.01535200032764],[-96.82967500019609,33.015375000349245],[-96.82982400015901,33.015402000170475],[-96.83048500030799,33.015531999779974],[-96.83091200010524,33.015603000337485],[-96.83133399987965,
33.01567000029132],[-96.83164900042222,33.01571600016273],[-96.83193300010436,33.0157550000021],[-96.83204500025735,33.01576000011547],[-96.83217199958064,33.01576700012308],[-96.83275099971385,33.01582599962682],[-96.8341960000355,33.015933000247585],
[-96.83504499960715,33.01599199964032],[-96.83766599973859,33.016173000365164],[-96.8381870001455,33.01620800023356],[-96.83882499982994,33.016251999940835],[-96.83917200015958,33.01627600004581],[-96.83944400014613,33.01629500006152],[-96.83963099974389,
33.016307999673444],[-96.83977499968395,33.0163179998372],[-96.84003800034797,33.01633600027965],[-96.84033200007585,33.016355000282424],[-96.84066299961364,33.01637800004246],[-96.84097800015623,33.01639899991635],[-96.84127100005921,33.016419000222],
[-96.84156999980993,33.01643899976991],[-96.84178700044323,33.016453999992805],[-96.84210700011037,33.0164780000428],[-96.84243299962529,33.016503999964],[-96.84263199981692,33.016528000000385],[-96.84283799968125,33.01655200003024],[-96.84349800000533,
33.016639999832734],[-96.84358500004396,33.016646999770465],[-96.84358000002108,33.016498999892825],[-96.84360599996036,33.01605000017937],[-96.84361900037915,33.01578899971283],[-96.84362199985388,33.01573900008939],[-96.84363899957232,33.0153799997309],
[-96.84364799979315,33.01501900025915],[-96.84365100016619,33.0149130003693],[-96.84367299990751,33.01435699996876],[-96.84369800002186,33.01372000037617],[-96.84370899989253,33.0134470001106],[-96.84370899989253,33.013428999831596],[-96.84370300004474,
33.013192999684016],[-96.84370300004474,33.01287800014345],[-96.84370300004474,33.01276999997742],[-96.84370300004474,33.01274300010353],[-96.84370300004474,33.01260399992457],[-96.84371399991538,33.01233499991523],[-96.8437149997403,33.012301999989184],
[-96.84372399996111,33.01207599973017],[-96.8437490000755,33.011707999962155],[-96.84616199979445,33.01171999988057],[-96.84751199968154,33.01172500022275],[-96.84818500042441,33.011727999825254],[-96.84939800004412,33.011733000166984],[-96.8504459998074,
33.01173700013886],[-96.8529299996715,33.01174799968382],[-96.85341400026847,33.01174999966945],[-96.85418599984723,33.011753000024406],[-96.85470499970602,33.01175500000992],[-96.85483799977538,33.01174199972676],[-96.85496099979905,33.01177200026138],
[-96.85511099958687,33.0117869997716],[-96.8552260001129,33.011794000094596],[-96.85592200042201,33.011794000094596],[-96.85615099985253,33.011794000094596],[-96.85719199994313,33.01182300024295],[-96.85727700033195,33.011819000274976],[-96.85736699984533,
33.011819000274976],[-96.85735400032483,33.01176699992188],[-96.85732099981458,33.01168699972439],[-96.85735900034771,33.01168699972439],[-96.85774000011422,33.01169400005533],[-96.85927999997209,33.01165000033358],[-96.8597310000588,33.01164699997511],
[-96.85996100021258,33.011637000034945],[-96.86057499960758,33.01163300005854],[-96.86067900026296,33.01163300005854],[-96.86068400028584,33.011715999907935],[-96.86069000013362,33.01180000004812],[-96.8613999997881,33.01180000004812],[-96.86156499964454,
33.01180000004812],[-96.86170000026208,33.01180000004812],[-96.86385000021531,33.01180000004812],[-96.86543000025615,33.01180000004812],[-96.86595400013779,33.01176299995142],[-96.86597400022929,33.01176099996611],[-96.8659900001228,33.011760000350044],
[-96.86600299964329,33.011760000350044],[-96.86600000016854,33.011619999757386],[-96.86600000016854,33.01110599970027],[-96.8660119998641,33.010315999853994],[-96.86601400041225,33.00937199981623],[-96.86601000021429,33.00850400024299],[-96.86601299968902,
33.00770899987282],[-96.8660119998641,33.00681099980141],[-96.86601299968902,33.005866999916066],[-96.86602299973475,33.00512399966542],[-96.86602899958255,33.00416800036881],[-96.86603000030577,33.00338699981368],[-96.86603500032865,33.0033349997627],
[-96.86607499961329,33.00301800023779],[-96.86612200036728,33.00301000025645],[-96.8661740002458,33.002989000207755],[-96.86623799981992,33.00290900033521],[-96.8662789998278,33.002827000202274],[-96.86630700031522,33.002733000360294],[-96.86633999992716,
33.00268199964276],[-96.866349000148,33.00263299984149],[-96.86632599968348,33.002578000185785],[-96.86624700004074,33.002532000242006],[-96.86620500020797,33.00248799971649],[-96.86620500020797,33.0024309997735],[-96.86621899955335,33.00236899967482],
[-96.86620500020797,33.0023249998214],[-96.86618199974342,33.002302000163205],[-96.86611200032154,33.00228699979332],[-96.86608499965905,33.002267999773146],[-96.8660610002679,33.00223600032466],[-96.86606999959044,33.00220900023953],[-96.86607700016144,
33.00219300012935],[-96.86610800012357,33.00217799974092],[-96.86615400015434,33.00218099966812],[-96.86620500020797,33.002173000364216],[-96.8662439996677,33.002127000209256],[-96.86628800004863,33.00209400023069],[-96.86635800036883,33.00203799975939],
[-96.86637199971422,33.00198700014684],[-96.86635199962272,33.00190700011905],[-96.86632599968348,33.00188299987055],[-96.8662789998278,33.00187900020518],[-96.86621000023082,33.00190199997364],[-96.8661590001772,33.00190599963798],[-96.86611200032154,
33.001887000289074],[-96.86608499965905,33.00183500010731],[-96.86608499965905,33.00179300019895],[-96.8661170003444,33.00172699997962],[-96.86618199974342,33.00164099982518],[-96.8662649995841,33.00156400018518],[-96.86636699969135,33.00148599999217],
[-96.86644200003443,33.001451000308116],[-96.86656199968502,33.00142000029654],[-96.86666399979228,33.00137599996982],[-96.86671999986876,33.00131900006175],[-96.86676599989953,33.001236999957634],[-96.86681199993028,33.00113999996578],[-96.86687700022759,
33.001094000025596],[-96.86693300030412,33.00108599986972],[-96.86698400035772,33.00111699999866],[-96.86719600006982,33.001350999842835],[-96.86728999978115,33.001392999961666],[-96.8674200003758,33.00144300018468],[-96.86771300027878,33.00160100004016],
[-96.86804399981658,33.00176999964869],[-96.86816699984021,33.001880999661196],[-96.86816900038835,33.00212799993443],[-96.86878699998132,33.00214199985297],[-96.8713400003407,33.00206299969168],[-96.87148900030361,33.002059000034464],[-96.87187199971993,
33.000558000035156],[-96.8718829995906,33.00051900025592],[-96.87189799965921,33.00046600027718],[-96.87229799969228,32.999061999667376],[-96.87261900008265,32.997932000008504],[-96.87284699968829,32.99712200030248],[-96.8728810000235,32.9970029998039],
[-96.87296100038942,32.9967280002093],[-96.87352299990592,32.99474800013],[-96.8739380000076,32.99328799970446],[-96.87422699971259,32.992273999929175],[-96.87454999975279,32.99113399998815],[-96.87493499971727,32.98977300032354],[-96.87489299988447,
32.989780000133],[-96.87477999990654,32.989780999998125],[-96.8741000003893,32.989780000133],[-96.87144699957251,32.989780000133],[-96.87042700029662,32.98976900010923],[-96.86909099975495,32.98976999997441],[-96.86885999977626,32.989758999949395],
[-96.86818299973375,32.989758999949395],[-96.86764200013367,32.98975300000372],[-96.86727999973542,32.9897499996539],[-96.86673300028755,32.98974199997651],[-96.86559000008972,32.98973000008236],[-96.86521900036895,32.98973000008236],[-96.86450999964107,
32.989726999731836],[-96.86408399966872,32.98973500016403],[-96.86319999993697,32.9897389996264],[-96.86224000003723,32.9897389996264],[-96.86165699970604,32.98974899978848],[-96.86110500023531,32.98973799976084],[-96.86073500033946,32.98971900005235],
[-96.86055000039154,32.98971999991811],[-96.85999999967231,32.989709999752776],[-96.85867999992247,32.989709999752776],[-96.85738000026411,32.989709999752776],[-96.85661000033518,32.98971999991811],[-96.85479699976752,32.989691000038256],[-96.85485899969179,
32.98775400002587],[-96.85487100028568,32.98758900025877],[-96.85487100028568,32.98757299975808],[-96.85488200015631,32.987208999827594],[-96.85470200023126,32.98720600014483],[-96.85132700006443,32.98717100007119],[-96.84904900006467,32.987148000230604],
[-96.8483250001665,32.987174999649746],[-96.8479109998897,32.98722999986433],[-96.84742499964288,32.98726900024238],[-96.8472909997486,32.98727199992294],[-96.8471500001816,32.98727600025041],[-96.84530400000197,32.98732399964488],[-96.84219300032409,
32.9873499998711],[-96.84218999995105,32.98720199981418],[-96.84204900038405,32.987236999875535],[-96.84118900004343,32.98734499965432],[-96.8411379999898,32.98734299986892],[-96.84097999980605,32.98736700030468],[-96.84093799997326,32.98737400030502],
[-96.84083099984313,32.98739399965689],[-96.84029400044102,32.9873869996582],[-96.84004400019576,32.987384999873754],[-96.83895500042462,32.98736999998198],[-96.8389489996785,32.987306999956516],[-96.83891600006655,32.987208999827594],[-96.835490999671,
32.98716699973902],[-96.83016999976542,32.98710400032219],[-96.8301689999405,32.987240000310685],[-96.83001400012981,32.987240000310685],[-96.82871699994617,32.98720199981418],[-96.82872100014413,32.98704800013303],[-96.82873100018988,32.98689799977428],
[-96.82874100023562,32.98674899981357],[-96.82875100028136,32.986613999723055],[-96.82874899973322,32.98644499972062],[-96.82878399989332,32.985714999782566],[-96.82892700000846,32.98330300029232],[-96.829014999872,32.981376999829365],[-96.82901200039728,
32.98109799991926],[-96.82899599960543,32.98095299982576],[-96.82894899974978,32.98064300030827],[-96.82892199998558,32.98051099983331],[-96.82886300043437,32.98032200000849],[-96.8287749996725,32.980068999888836],[-96.82863199955736,32.97971199976755],
[-96.82860200031845,32.979653000224914],[-96.82854799989177,32.97954600005965],[-96.82828599995095,32.97910299981982],[-96.82814299983582,32.97889500021798],[-96.82797100030668,32.97868900010764],[-96.82772500025939,32.97843399984306],[-96.8274159995646,
32.9781770003563],[-96.82681300004025,32.977678999928344],[-96.82630699970194,32.97728599970977],[-96.8257259999189,32.976860999642945],[-96.82477500023998,32.97612900030014],[-96.82388700031026,32.97546799986409],[-96.82353599978269,32.97519500030505],
[-96.8232139995674,32.97495500024402],[-96.82302000029696,32.97479500009222],[-96.82276599985374,32.97456500007263],[-96.82256300036245,32.97436399985665],[-96.82242100007225,32.974207000265835],[-96.82229700022368,32.9740399999627],[-96.8220939998341,
32.973719999821796],[-96.82201600001629,32.973574000375585],[-96.82193700037358,32.973410999831195],[-96.82188700014487,32.973287000265074],[-96.82184299976392,32.973156000151484],[-96.82180799960382,32.97301700015792],[-96.82178599986253,32.972875999832446],
[-96.82175999992326,32.97272400014882],[-96.82174999987751,32.972604999916385],[-96.82174599967955,32.97248200003334],[-96.82177800036493,32.9717020002431],[-96.82181099997689,32.97123400022778],[-96.8218269998704,32.970639000236645],[-96.82182299967245,
32.970558999678836],[-96.82178800041066,32.97031899983158],[-96.82171800009046,32.969952000094665],[-96.82168100028053,32.96978600012767],[-96.82171200024268,32.96858900001064],[-96.82179000006049,32.96748800028657],[-96.82184199993902,32.96723599969516],
[-96.82188200012199,32.96694900009297],[-96.82207700011566,32.96597299987072],[-96.82218900026866,32.96495700036094],[-96.82219099991848,32.96458799990316],[-96.8221850000707,32.964415000095414],[-96.82214099968975,32.96417699969296],[-96.82213200036725,
32.964128999774815],[-96.8220729999177,32.96395199994537],[-96.82199099990194,32.963735000151786],[-96.82189499964247,32.963304999625436],[-96.82183799974106,32.96301999964826],[-96.8218269998704,32.9627449997112],[-96.82179699973317,32.962459000014285],
[-96.82174300020482,32.96202600027679],[-96.82166500038701,32.96161000004124],[-96.82164299974738,32.96155099971155],[-96.8216009999146,32.96135599964466],[-96.82155499988384,32.96116499990401],[-96.82142699983731,32.96071699995798],[-96.8213630002632,
32.960383000034376],[-96.82134599964645,32.96011600028194],[-96.82134200034682,32.95996900000614],[-96.8213470003697,32.959708000236745],[-96.82136200043831,32.95960399989435],[-96.82137300030898,32.95945700027423],[-96.82142400036258,32.9590920003088],
[-96.82147500041621,32.958874999885225],[-96.82155999990671,32.95855300014687],[-96.82166000036415,32.95809400032438],[-96.82168999960305,32.95791799993743],[-96.82169499962592,32.957710000193146],[-96.82171100041776,32.957560999977474],[-96.82194300022135,
32.95646599995327],[-96.82201699984121,32.95610399967948],[-96.82211700029863,32.955592000167094],[-96.82213499984198,32.95550099978135],[-96.82221799968265,32.95486600025498],[-96.82227100028442,32.95416899990389],[-96.82228700017795,32.95402200028833],
[-96.82209600038223,32.95401999974834],[-96.82202199986408,32.95401999974834],[-96.82195499991693,32.95401699969207],[-96.8217349998089,32.95402500034448],[-96.82128299989728,32.954005999736],[-96.8208610001229,32.953999000105895],[-96.81929899962539,
32.95398899966418],[-96.81852100019886,32.95398899966418],[-96.81838899995438,32.95398899966418],[-96.81755100025337,32.95398600036061],[-96.81718999968004,32.95398600036061],[-96.81638299994118,32.95397400013019],[-96.81540600032301,32.95396300016881],
[-96.81446300014171,32.953952999723015],[-96.81432300039963,32.95395099993526],[-96.81424100038386,32.953952999723015],[-96.81399000031368,32.953958000322956],[-96.81383499960468,32.953955000264536],[-96.8136730001213,32.953952000206016],[-96.81227399983041,
32.9539430000299],[-96.81180799967508,32.9539440003008],[-96.81135300028873,32.95394600008873],[-96.8108159999883,32.95394600008873],[-96.81068799994179,32.95394700035954],[-96.81054099962869,32.953949000147446],[-96.81034099961215,32.95394700035954],
[-96.80843400023147,32.9539440003008],[-96.80843599988131,32.95389100025059],[-96.80845799962262,32.95339100028964],[-96.80830799983478,32.95271200021914],[-96.80845900034583,32.95220400030995],[-96.80856499975272,32.95202599966881],[-96.80856399992783,
32.9517200000665],[-96.80827699987263,32.95123600018808],[-96.8080199999547,32.950923999789865],[-96.80789600010614,32.95073899969803],[-96.80804500006906,32.95037300035191],[-96.80862900022515,32.94976200026861],[-96.80870500039312,32.94953300022515],
[-96.80869100014942,32.948940000232604],[-96.80879699955634,32.94870299994163],[-96.80929299984886,32.94839000006909],[-96.80962299956177,32.94801500001724],[-96.80966699994269,32.94782299974887],[-96.80965500024712,32.947525999996515],[-96.80946500027632,
32.94710200033424],[-96.80946600010124,32.94696899989497],[-96.809836999822,32.94682800021396],[-96.80979699963902,32.94654099991204],[-96.80980099983698,32.946332999778036],[-96.80965500024712,32.946355000090826],[-96.80963099995768,32.94626700031465],
[-96.8096109998662,32.946191000231835],[-96.80952899985043,32.94608699981434],[-96.80948399964458,32.94595000017209],[-96.80964000017852,32.945890999941625],[-96.80966899959252,32.94569200004945],[-96.8096479996761,32.94546199965008],[-96.8097819995704,
32.94534400000615],[-96.81039400021392,32.945457999690305],[-96.81107399973116,32.945587000187174],[-96.81160900038178,32.94568800010003],[-96.81175599979655,32.94580200009444],[-96.81212599969241,32.94574600010234],[-96.81229200027208,32.94582199981383],
[-96.81255599986272,32.945653000158245],[-96.81377000020566,32.945969999857994],[-96.81388400000849,32.945998999771355],[-96.81398699994065,32.94590699970137],[-96.8143710000802,32.945701000311814],[-96.81498500037353,32.94537199975707],[-96.8150399997268,
32.945449000157026],[-96.81507400006198,32.945449000157026],[-96.81613299969592,32.94688299992381],[-96.81633500026061,32.947171999810585],[-96.81636899969749,32.94724399992491],[-96.81687400021086,32.94820100011514],[-96.81704300026526,32.94859499964602],
[-96.81723200041115,32.94896800035225],[-96.8172580003504,32.94901899968586],[-96.81782999991262,32.950127000322865],[-96.81789199983692,32.95012299982033],[-96.81802200043157,32.950114000008156],[-96.81941699962617,32.95001900025933],[-96.82030999957875,
32.94995799985108],[-96.82090700015365,32.95000700024415],[-96.82119400020882,32.95003100027296],[-96.82126000033105,32.95003600034095],[-96.82136099971508,32.9500439998461],[-96.82186100020559,32.9500860002515],[-96.82192300012987,32.95009100031639],
[-96.8222550003909,32.95011799975726],[-96.82269700025675,32.95015399975281],[-96.82283500034904,32.950165999748044],[-96.82290899996886,32.950172000121924],[-96.82303299981743,32.95018400011478],[-96.82316599988683,32.950196999665366],[-96.82333499994122,
32.950213000153454],[-96.82349399994989,32.95022899988483],[-96.82354800037656,32.950233999941624],[-96.8235790003387,32.950233999941624],[-96.82365999963123,32.950233999941624],[-96.82365899980633,32.950185999987774],[-96.8236579999814,32.95010799963027],
[-96.8236560003316,32.94997399962861],[-96.82365499960837,32.94988800031932],[-96.82365399978345,32.94981200033415],[-96.823637000065,32.94875299985234],[-96.82361799979844,32.94783100020813],[-96.82361899962335,32.94686000014527],[-96.82364100026298,
32.94649500017102],[-96.82364000043806,32.94614900023741],[-96.82361600014862,32.94587999972819],[-96.82357099994277,32.945645000255745],[-96.82351700041443,32.945451999750254],[-96.82338500016995,32.94518199976571],[-96.82325600029851,32.94493199963121],
[-96.82291300016685,32.94419800033228],[-96.82272400002095,32.94370700028798],[-96.8226009999973,32.94339899975602],[-96.82239500013297,32.942938999998816],[-96.8222849996298,32.942538000355825],[-96.82224799981988,32.942228000222016],[-96.82223899959905,
32.94207399977585],[-96.8222289995533,32.94191299998211],[-96.8222289995533,32.94173600013747],[-96.8222289995533,32.9409390000125],[-96.82225100019294,32.93963899962463],[-96.8222550003909,32.93949199997233],[-96.82223600012432,32.93870700002069],
[-96.8223409997063,32.93786300033019],[-96.82235199957695,32.937581000349866],[-96.82235099975205,32.93725100003315],[-96.82233599968345,32.93714500024124],[-96.82233099966055,32.9368630002333],[-96.82233200038378,32.9360229999181],[-96.82233200038378,
32.93569599974369],[-96.82229200020082,32.93538299981615],[-96.82228100033016,32.93507699990972],[-96.82227499958407,32.934395000202144],[-96.82226399971341,32.93397400013446],[-96.82217599984986,32.93290899991771],[-96.82250899993579,32.93292300025504],
[-96.8221070002529,32.9313449999815],[-96.82207799994056,32.931229999670954],[-96.82206899971975,32.93120400026841],[-96.82203000025999,32.931098999790684],[-96.82194700041931,32.93086800011044],[-96.82178099983965,32.930405999694315],[-96.82171999974028,
32.93023600019709],[-96.82166399966378,32.93007999965253],[-96.82155300023403,32.92975200033622],[-96.82147899971586,32.92952999980087],[-96.82143000021036,32.92939300014348],[-96.8213480001946,32.9291619997784],[-96.82134200034682,32.929142999858605],
[-96.82132800010312,32.929102999656976],[-96.82123199984366,32.92882200020016],[-96.82121299957709,32.92877700009154],[-96.82118900018595,32.92872300023261],[-96.82115499985075,32.92863500025215],[-96.82105199991861,32.92838999987129],[-96.82089899975772,
32.92800899983606],[-96.82071299998489,32.927556999985754],[-96.82079199962759,32.92755399978552],[-96.82110499962205,32.92753500027442],[-96.82121699977505,32.92752499985548],[-96.82131700023245,32.927511000171805],[-96.82154400001319,32.92748499967631],
[-96.8216500003184,32.92746600015038],[-96.82173999983178,32.927442000029004],[-96.82184399958884,32.92740699965192],[-96.82207600029074,32.92731099981751],[-96.82219000009356,32.92725199996969],[-96.82235099975205,32.92716000000067],[-96.82281500025753,
32.92684700002906],[-96.82306999962736,32.92670999998697],[-96.82316000003904,32.92666500031212],[-96.823312000375,32.926600000322495],[-96.82341699995699,32.92656899967259],[-96.8235369996076,32.92653900034675],[-96.8236489997606,32.92651800020943],
[-96.82375500006579,32.926510000083944],[-96.8239750001738,32.92649300000351],[-96.824410000367,32.92647900015654],[-96.82551199965864,32.92646500030741],[-96.82688400018533,32.92641099979129],[-96.82736299986115,32.926414999858586],[-96.82770299961975,
32.926431999954005],[-96.82801399996438,32.92644000008653],[-96.82838999970802,32.92644300032454],[-96.82867099991542,32.92643600002036],[-96.82927199978995,32.926414999858586],[-96.8295289997079,32.92639900034238],[-96.82962400014246,32.92638899979497],
[-96.83008699992473,32.92634399995685],[-96.83026400037505,32.92634399995685],[-96.83094499971722,32.92633699964489],[-96.83342399955843,32.92636299972373],[-96.83441000029575,32.92636299972373],[-96.83471300024443,32.926357999825186],[-96.83498199985796,
32.92634600036908],[-96.83642200015672,32.926192000166935],[-96.83716100012352,32.926094000104364],[-96.83742200023943,32.926049000116194],[-96.83796799986237,32.92593600012884],[-96.83841700029926,32.925823999832176],[-96.83877100030159,32.92573500014834],
[-96.83891400041671,32.925680000104094],[-96.83911699990799,32.92560100015897],[-96.83968199979752,32.925381000197795],[-96.83991600014923,32.92525900003149],[-96.8400190000814,32.92520600012936],[-96.84040999989365,32.92498500009556],[-96.84081300029979,
32.92474600000075],[-96.84101999998903,32.924622000015866],[-96.84114800003553,32.924553999731486],[-96.84134499967904,32.924452999811365],[-96.84155700028944,32.924348000369484],[-96.84214300009538,32.92407600033808],[-96.8431099996678,32.9235719997333],
[-96.84812699979977,32.92147300013024],[-96.8506070003642,32.92043399979424],[-96.85298499992307,32.9194139998297],[-96.85589999978238,32.91821300033614],[-96.8560489997453,32.91813800019883],[-96.85732800038558,32.91758300037445],[-96.85870800040988,
32.917041999920215],[-96.85897500037358,32.916949999893085],[-96.85908400015352,32.91694099972139],[-96.85931199975914,32.916893999731414],[-96.85969400024888,32.916806000052134],[-96.86034600017705,32.91664600020545],[-96.86167099994975,32.91638599993196],
[-96.86196600040086,32.91634999976433],[-96.86365199984859,32.915842999806735],[-96.86410799995816,32.915703000224525],[-96.86477599977987,32.915496999865624],[-96.86535200043834,32.915365000115756],[-96.86644200003443,32.915120999899976],[-96.86735599990341,
32.91488900002288],[-96.86829099968878,32.91462400005965],[-96.8686520002621,32.91445800025906],[-96.87059299997799,32.913806999826704],[-96.87096799989669,32.91365700031692],[-96.87315999968276,32.91309699964969],[-96.87323199965276,32.913082999945786],
[-96.87330000032314,32.913074000135026],[-96.87769399994094,32.912114999970164],[-96.8781769998147,32.9120080002362],[-96.87998000033662,32.91156600006342],[-96.88155100015662,32.91119999999382],[-96.8816619995864,32.91117499998538],[-96.88176500041686,
32.91115799997563],[-96.88308000014385,32.910863000040216],[-96.88612800007255,32.91019200009008],[-96.88692700031379,32.91002300023371],[-96.88755199957946,32.9098909998627],[-96.89085599960119,32.90909500019529],[-96.89126900005306,32.909366000244134],
[-96.89154199986454,32.90941399972664],[-96.89143800010747,32.90952599967485],[-96.89144499978015,32.909911000160115],[-96.89143399990951,32.91130599995123],[-96.89142399986376,32.912324999854285],[-96.89142200021394,32.912565000296894],[-96.89140899979516,
32.91382300011136],[-96.89140200012245,32.914647999886924],[-96.89139799992451,32.915553000157054],[-96.89153000016897,32.91554099998989],[-96.89208300036292,32.915492000107186],[-96.89216899967833,32.91548399973905],[-96.89300700027766,32.91540499974083],
[-96.89404099979724,32.915308999705395],[-96.89405900023891,32.91537600035382],[-96.89422300027042,32.91534400034309],[-96.89437800008113,32.91531600013568],[-96.89447099996754,32.915317000089395],[-96.8946299999762,32.91531899999672],[-96.89452299984607,
32.91497200031202],[-96.89438399992892,32.91463299971282],[-96.89438599957873,32.914605999996375],[-96.89427400032406,32.91436499984403],[-96.89649000039954,32.91438100002779],[-96.89701000008321,32.914384999884746],[-96.89780299957836,32.91439099966989],
[-96.89785700000503,32.91439099966989],[-96.89807000044037,32.914393000352284],[-96.89859299959879,32.9143970002087],[-96.89859699979675,32.91419800034553],[-96.8986000001698,32.914107000346185],[-96.89860500019267,32.91390200001324],[-96.89860199981962,
32.913865000373434],[-96.89886999960824,32.9138539999476],[-96.89944100024384,32.91384200030423],[-96.89994599985891,32.91382999990505],[-96.90006399985967,32.91382799996407],[-96.90006700023274,32.91390599989185],[-96.90062799992431,32.91389000037633],
[-96.90086999977363,32.9138819998634],[-96.90154000014346,32.91387700001373],[-96.9017479996576,32.91386099973888],[-96.90191900026014,32.91384300027454],[-96.9022670004147,32.913801000002024],[-96.90267900014334,32.91373700033849],[-96.90304900003919,
32.9136580002893],[-96.9043090004129,32.91335999970797],[-96.9048240000737,32.91328100007653],[-96.90496399981578,32.913267999624495],[-96.90498800010525,32.91326499969394],[-96.90487699977714,32.91245800035274],[-96.90484099979214,32.9122559999365],
[-96.90483300029452,32.9122129996764],[-96.90480200033238,32.91209100021022],[-96.90476600034737,32.91197099980474],[-96.90475499957843,32.91193700008768],[-96.9047260001644,32.91185099999079],[-96.90467400028587,32.91171900008291],[-96.9048800001502,
32.91172300006017],[-96.90792700025398,32.911778999722635],[-96.90799099982809,32.911780999709954],[-96.90824299972316,32.9117879996651],[-96.90855800026574,32.91017299986795],[-96.90888499960556,32.90855199984146],[-96.90901799967497,32.90791600027987],
[-96.90909600039109,32.90744100014695],[-96.90925899969939,32.906610000017686],[-96.90946700011186,32.90567199978147],[-96.90986700014493,32.90397099983395],[-96.91069300015036,32.89974099984523],[-96.91002199995562,32.899737000080925],[-96.91065600034045,
32.896253999662285],[-96.91072599976233,32.89601999978591],[-96.91087399990033,32.895860000088334],[-96.91103299990898,32.89581899975633],[-96.91149099966839,32.89568800026085],[-96.91164899985213,32.89569299962905],[-96.91278899967692,32.89570799999484],
[-96.91440200022807,32.895657000098566],[-96.91465599977296,32.89564900020087],[-96.91666699980901,32.895662999644145],[-96.91763299955653,32.895642999900055],[-96.9185170001866,32.895633999825144],[-96.91875300018816,32.89563600017708],[-96.91883299965578,
32.89562899969932],[-96.91999299957206,32.895637999774735],[-96.9248599999162,32.89558699983815],[-96.92496299984836,32.89562599992537],[-96.92728799970378,32.895667999768044],[-96.9269300004018,32.89672099965973],[-96.92295799966008,32.897184999736666],
[-96.92165800000171,32.89769999990369],[-96.92121899961056,32.89878099994104],[-96.92072999988903,32.8999519997901],[-96.92257100004578,32.900371000067054],[-96.9250709998034,32.89978299999947],[-96.92636999963683,32.89998799983775],[-96.92618600041213,
32.90286900007496],[-96.92631600010847,32.90376099974395],[-96.92647000009427,32.90481500002845],[-96.92817099961061,32.90640999994208],[-96.9301769996238,32.90691699962431],[-96.93118199972939,32.907518999668895],[-96.9305420003951,32.908709999932384],
[-96.93024399957095,32.90924899998253],[-96.93040199975471,32.909671000063945],[-96.93067499956616,32.9107350001894],[-96.93158400031061,32.91152300022231],[-96.9332670002836,32.9126180002284],[-96.93516899964142,32.9127220000302],[-96.93555100013116,
32.91289199999418],[-96.93704800033132,32.91357200035613],[-96.93750699991563,32.91376600026248],[-96.93769600006151,32.91385100003691],[-96.93774700011514,32.91401400031652],[-96.93776100035885,32.914058999637625],[-96.93780499984145,32.914200000278186],
[-96.93782699958277,32.914268000223366],[-96.93784199965138,32.91431700002946],[-96.93786299956778,32.91438299995632],[-96.93787699981148,32.91442699988022],[-96.93737600039438,32.91544200024512],[-96.93727900031,32.91714699973593],[-96.93766199972632,
32.918351999799256],[-96.93768600001577,32.91847299976713],[-96.93786400029101,32.9192409998444],[-96.93785699972,32.91927200004536],[-96.93757600041091,32.920036000374274],[-96.93728400033288,32.9210249996263],[-96.93731399957177,32.92156300021376],
[-96.93811500036117,32.9215700001494],[-96.93814399977518,32.92171399977964],[-96.9381739999124,32.92180700001321],[-96.93817599956222,32.921928999660636],[-96.93823900020972,32.922012000134345],[-96.93826299960087,32.922116000209144],[-96.93828400041558,
32.9222469998177],[-96.93827500019474,32.92249899972808],[-96.93821099972233,32.92268300021471],[-96.93816399986666,32.922828000164756],[-96.93805400026181,32.9230079997462],[-96.93793700008594,32.92312499991872],[-96.93776200018377,32.92322199963508],
[-96.93642499981715,32.92391299973844],[-96.93611199982271,32.92418100010279],[-96.93597299990553,32.924326999712086],[-96.93580600039928,32.92458299988131],[-96.9357159999876,32.92468199995727],[-96.93571099996473,32.9247490002962],[-96.93569300042138,
32.924844999894354],[-96.93569400024627,32.9250149999483],[-96.93577200006408,32.92516800009461],[-96.93589300043791,32.925415999868335],[-96.936061999594,32.92566500029175],[-96.93644599973355,32.92607600011187],[-96.93650199981005,32.92613599982133],
[-96.93683999991886,32.92642299999259],[-96.93701800019407,32.92664699968175],[-96.93708699979106,32.92679699979612],[-96.9371460002406,32.92694500001155],[-96.93715000043856,32.92698600025672],[-96.93722700043146,32.927176999953],[-96.93732500034075,
32.92743399998713],[-96.93730000022639,32.92764799972759],[-96.93724099977685,32.92779399964811],[-96.93715799993618,32.927881999711026],[-96.93708900033918,32.92790099990164],[-96.93699999975242,32.92790000009011],[-96.93684699959155,32.927892000089656],
[-96.936730000314,32.927865999706135],[-96.9365269999244,32.927723999912494],[-96.93623599967127,32.9274780002086],[-96.93603999985268,32.927352999710735],[-96.93582800014057,32.92727600014257],[-96.93553400041272,32.927193999902],[-96.93517100018956,
32.927175000313575],[-96.9347450002172,32.92727600014257],[-96.9344280000248,32.92736399996675],[-96.9338430000438,32.92756400020124],[-96.933504999935,32.9277369997491],[-96.93318899956748,32.92800199965579],[-96.9329790004035,32.92823799982639],
[-96.93284899980885,32.92840099999837],[-96.93281799984672,32.928927000364624],[-96.93285899985462,32.92906799993701],[-96.93298699990113,32.929361999718246],[-96.93316500017636,32.92958300012873],[-96.9335130003309,32.92981899985173],[-96.93386599961,
32.929936000065695],[-96.93430099980318,32.93002299971844],[-96.93531400030467,32.93005300012486],[-96.9359920001721,32.93007100006221],[-96.93611099999781,32.93008199998024],[-96.93641099957345,32.93017000002927],[-96.93670400037473,32.93030200031566],
[-96.93705599982893,32.93048000020721],[-96.93737300002132,32.93060599983768],[-96.9375119999385,32.930688999711684],[-96.93784500002442,32.93084100006927],[-96.93934700024747,32.931608999866604],[-96.93998599975684,32.93202600006781],[-96.94015399998634,
32.9323139997425],[-96.9401930003444,32.932632000273216],[-96.94020300039013,32.93272000004742],[-96.94017099970476,32.93294699964339],[-96.9400390003586,32.933334000285114],[-96.93984500018983,32.933801999711086],[-96.93959900014255,32.93423100002541],
[-96.93938300023248,32.93455600011202],[-96.93911200007082,32.9348320000297],[-96.93893899981848,32.934978999888386],[-96.9386249999991,32.935187000342914],[-96.93834399979171,32.93530200003265],[-96.93812100020897,32.93531999965587],[-96.93783400015377,
32.93531300005412],[-96.9375810004338,32.93528599986188],[-96.9372869998076,32.9352079999303],[-96.93714700006552,32.935134000356875],[-96.9369550004449,32.93508200006949],[-96.93653299977218,32.93490800007431],[-96.93631900041025,32.934857999873756],
[-96.93598700014924,32.93470400016404],[-96.93588400021709,32.93464100027407],[-96.9357870001327,32.93456499999999],[-96.9356599999111,32.934496999818485],[-96.93499200008941,32.93504300002231],[-96.9349779998457,32.93513800002975],[-96.93494500023372,
32.93540299963027],[-96.93499200008941,32.935703999792345],[-96.93502300005154,32.93602399963782],[-96.93504499979285,32.936600999623295],[-96.93504200031812,32.93719999994287],[-96.9349779998457,32.93766899972377],[-96.93478200002713,32.93823600032383],
[-96.93468599976765,32.93836799988199],[-96.93439799988757,32.93868099980034],[-96.93417199993176,32.93890900037061],[-96.93388900007454,32.93915499994968],[-96.93385599956426,32.939193999691405],[-96.93374000011163,32.93933700035631],[-96.9335969999965,
32.93968600034918],[-96.93344700020866,32.93995700020587],[-96.93313199966607,32.94039200035089],[-96.93289700038777,32.940641000084426],[-96.93267399990668,32.940891000289284],[-96.93255400025608,32.941066000238266],[-96.932555000081,32.941240000180244],
[-96.93258699986805,32.94150199986288],[-96.93259400043905,32.94155400014495],[-96.93277699983885,32.94193099976754],[-96.93290400006045,32.94208800017019],[-96.93305800004623,32.94227800002531],[-96.93319100011561,32.942502000274445],[-96.93322999957537,
32.94259400011816],[-96.93333699970549,32.94269800012122],[-96.93340299982772,32.942852000234474],[-96.93350999995785,32.94316300008116],[-96.93353400024729,32.94323200002255],[-96.93358100010296,32.94331399971892],[-96.93361399971494,32.94348500010063],
[-96.93350400011008,32.94427999988665],[-96.93348099964552,32.94443000025373],[-96.93362399976067,32.944722000238414],[-96.93381499955639,32.94513299971364],[-96.93405800012894,32.945449999770176],[-96.93411599985525,32.94552500012381],[-96.93424300007686,
32.9458360003685],[-96.93439100021486,32.94619599976317],[-96.93453900035288,32.94650499995287],[-96.93479200007286,32.94702899975512],[-96.93511000009019,32.947312000104645],[-96.9353860002747,32.94746899999842],[-96.93564300019266,32.94756800009057],
[-96.93632299970992,32.94751800026349],[-96.93676799994883,32.947500000107745],[-96.93709900038493,32.94749699983013],[-96.93737600039438,32.947586000232484],[-96.93793999956067,32.947864999701885],[-96.93858700036428,32.94830200005701],[-96.93879099968046,
32.94844099973614],[-96.93904400029876,32.948743999900664],[-96.93924900033818,32.94902599971033],[-96.93938900008027,32.949366000016965],[-96.93948799981447,32.94970700008847],[-96.93947799976871,32.95002400032801],[-96.9393070000645,32.95032200029181],
[-96.93898499984923,32.95070900027823],[-96.93878099963472,32.9510129997572],[-96.93876300009137,32.95119699972741],[-96.93875899989341,32.95134100012519],[-96.93875499969545,32.95149200011751],[-96.93874800002276,32.9517799997173],[-96.9387370001521,
32.952214000199824],[-96.93879099968046,32.95256900007995],[-96.94121400034348,32.95519999992532],[-96.94147399973616,32.95548099999048],[-96.94205000039467,32.95614099974429],[-96.9422570000839,32.95644800011208],[-96.94284500043796,32.95731899977985],
[-96.94300600009643,32.957550999938874],[-96.94323700007511,32.95789900016597],[-96.94330800022023,32.958259999648654],[-96.94355699974227,32.95953200004944],[-96.9436780001161,32.96149499989875],[-96.94343399971861,32.96296199967522],[-96.94388300015548,
32.96405299997666],[-96.94384399979745,32.964339999942744],[-96.94398400043784,32.96451799989979],[-96.94408800019491,32.96519100034902],[-96.94374099986528,32.96518599963103],[-96.94026899961405,32.96513100000532],[-96.94013200024501,32.96512899971682],
[-96.94010499958253,32.965128000326224],[-96.93990200009125,32.965123000358375],[-96.93989399969531,32.96579599996724],[-96.93988000034993,32.9659700002202],[-96.9398700003042,32.96653000004205],[-96.9398639995581,32.96688200007263],[-96.94198300044752,
32.9668669997124],[-96.9419890002953,32.968183000121485],[-96.94191700032526,32.96828600005466],[-96.94189600040887,32.96834799997854],[-96.94190599955631,32.96841699985476],[-96.94192700037102,32.96847700022761],[-96.9419759998765,32.96854499989745],
[-96.94202899957996,32.9686079997444],[-96.94203100012808,32.968585999695335],[-96.94204399964858,32.96856499974607],[-96.94210599957285,32.96846200013821],[-96.94218400028898,32.96835100030193],[-96.94219799963435,32.968333999975194],[-96.94222799977157,
32.968296999740424],[-96.94228399984807,32.96823399967167],[-96.94234400012253,32.96817299977762],[-96.94260799971319,32.96795300021759],[-96.94280400043007,32.967827000298165],[-96.94319199986928,32.96758599969443],[-96.94335000005302,32.96747099979376],
[-96.94380299978955,32.967475999628725],[-96.94500600026184,32.96654900021867],[-96.94501499958437,32.966081000033626],[-96.94501499958437,32.966042000094724],[-96.94501299993455,32.96598499997906],[-96.94492400024608,32.964784999916546],[-96.94489599975867,
32.9646650001443],[-96.94484100040542,32.96442500011093],[-96.9447989996743,32.96437399986911],[-96.94425499970117,32.96371200023619],[-96.94415299959392,32.963693000203136],[-96.94412500000483,32.96345500011685],[-96.94414000007345,32.963151999886826],
[-96.94410599973826,32.96287899994645],[-96.94394400025486,32.962612000199236],[-96.94407599960103,32.96205400001937],[-96.94413199967754,32.96122499992621],[-96.94402299989758,32.9604739999153],[-96.943967999646,32.9593920002668],[-96.94380299978955,
32.95857899979945],[-96.94372400014683,32.957757999829724],[-96.94333900018238,32.95697599995922],[-96.94288700027076,32.95621499982738],[-96.94233200042697,32.95590999990118],[-96.94181299966989,32.95543700013319],[-96.94133300016918,32.95493399984782],
[-96.94092800011323,32.95446299990899],[-96.94064400043109,32.95417399973781],[-96.94050700016373,32.95399100020489],[-96.94033700028443,32.95379400024714],[-96.93997999990906,32.95343400013516],[-96.93974499973243,32.9531660002136],[-96.93942800043833,
32.95289099976155],[-96.93917599964493,32.95266499963488],[-96.93902199965915,32.95249600024653],[-96.93888699993992,32.95215299979872],[-96.9389199995519,32.951933000300826],[-96.93893600034373,32.951817999625845],[-96.93894999968911,32.951792999787045],
[-96.93884699975696,32.95178599998163],[-96.93887699989419,32.95150099978945],[-96.93887699989419,32.95134799996578],[-96.93890700003142,32.95114100013751],[-96.93894999968911,32.95100900004853],[-96.93908500030665,32.950773999887716],[-96.9392579996607,
32.950521999871086],[-96.93945699985233,32.95025700034995],[-96.93954399989096,32.95007299993071],[-96.93959199957153,32.94991299994308],[-96.93959599976951,32.94973800016681],[-96.93960900018828,32.949589000079925],[-96.93959599976951,32.949395999892545],
[-96.93955700030975,32.94920400036211],[-96.93949200001242,32.949058000353695],[-96.93940999999666,32.94888700019725],[-96.93921900020095,32.948644000040765],[-96.93900699959053,32.94839700014336],[-96.93880300027435,32.94817499967104],[-96.93853499958743,
32.94797100021243],[-96.93823099981381,32.947771000138445],[-96.9378149998872,32.947577999751054],[-96.93745599986201,32.94742600026653],[-96.9371179997532,32.947345999797996],[-96.93684900013969,32.94732399973188],[-96.93661999981083,32.947334999765594],
[-96.93588800041503,32.94743999981334],[-96.93573199988111,32.947428999792635],[-96.93557600024552,32.94739300019506],[-96.93542399990955,32.94733099989057],[-96.93534199989377,32.94727300017422],[-96.93520799999948,32.947121000165296],[-96.93515600012094,
32.94702899975512],[-96.93463100041438,32.94600099973908],[-96.93449699962177,32.94574600010234],[-96.93439700006266,32.94550999990741],[-96.93427599968882,32.94528100015732],[-96.93403800003746,32.94478299973652],[-96.93385999976222,32.94429900032418],
[-96.93386099958714,32.944071000081756],[-96.93382799997518,32.94363399992115],[-96.93377500027172,32.94325999968835],[-96.93370499995152,32.94295199986092],[-96.93366099957058,32.94282100000317],[-96.9335760000801,32.94266400014819],[-96.93349599971415,
32.94253999964788],[-96.93335699979697,32.94239899968852],[-96.93312199962034,32.9421859998528],[-96.93300899964242,32.942075000181006],[-96.93292900017481,32.94195800019277],[-96.93286200022766,32.9418389999879],[-96.93280899962589,32.94171899996761],
[-96.93276799961801,32.941580000274485],[-96.93272800033336,32.94133300024281],[-96.93272699961013,32.94121699968765],[-96.93274000002891,32.94112200017901],[-96.9327669997931,32.941026000151226],[-96.93281199999895,32.940941999758735],[-96.93290999990823,
32.94081200035823],[-96.93302200006123,32.9406799999247],[-96.93316500017636,32.94052399970656],[-96.93329200039797,32.940399000304566],[-96.93339500033014,32.94028799989732],[-96.93353099987425,32.940101999738104],[-96.93392500005953,32.93945199992715],
[-96.93403800003746,32.93924200033575],[-96.93412300042627,32.93913000029952],[-96.93421200011473,32.939027999995005],[-96.93442999967462,32.93880499968079],[-96.93465499980553,32.93858300000284],[-96.93472099992775,32.93851299975788],[-96.93643700041103,
32.93851100037476],[-96.93734500043222,32.93851100037476],[-96.93774999958987,32.938212000108805],[-96.93776600038171,32.93791100018918],[-96.93769600006151,32.93804199978166],[-96.93764099980993,32.938086999700495],[-96.93758399990853,32.9381000002759],
[-96.93752199998423,32.938090000297414],[-96.93746300043301,32.93805500036368],[-96.93742499989986,32.938006000131686],[-96.93741700040225,32.937931000185564],[-96.93744800036438,32.93786900003126],[-96.93751399958832,32.937783999955876],[-96.93753700005286,
32.93772800016311],[-96.93754899974842,32.937663000009124],[-96.93755299994638,32.93760900029723],[-96.93754500044878,32.93754999977852],[-96.93750600009072,32.9375080002031],[-96.93746699973265,32.93749199967749],[-96.93721499983756,32.937465999853806],
[-96.93692100010972,32.93737600011521],[-96.93682999987311,32.93733399970322],[-96.936722999743,32.937255000364175],[-96.9365679999323,32.93711799985432],[-96.93625999996073,32.93679699973261],[-96.93617000044736,32.93674300024588],[-96.93601700028647,
32.936696999931094],[-96.93592500022496,32.936686999793956],[-96.93583900001123,32.936696999931094],[-96.93575500034565,32.93672099980332],[-96.9357029995688,32.93677700023372],[-96.93567699962952,32.93684500017016],[-96.93565400006331,32.936973999661966],
[-96.93562200027627,32.93701900012423],[-96.93557600024552,32.93705300000595],[-96.9355190003441,32.93706899985712],[-96.93543700032833,32.93706599997949],[-96.9352449998094,32.937044000371145],[-96.93519600030392,32.9366780001219],[-96.9351820000602,
32.93646200017868],[-96.93517799986225,32.93627499979488],[-96.9351899995578,32.93564300006272],[-96.93519200010596,32.93520499998954],[-96.93515600012094,32.93507399996452],[-96.93518700008308,32.935000000279054],[-96.93522600044113,32.934947000181005],
[-96.93527199957357,32.93488299997757],[-96.93532099997738,32.9348320000297],[-96.93540899984092,32.93477800009716],[-96.93549500005466,32.93473699969359],[-96.93559799998681,32.93470799985637],[-96.93569800044423,32.9347029996755],[-96.93579299998048,
32.93471300003696],[-96.93618399979275,32.93483499998311],[-96.93656499955924,32.93498999995004],[-96.93700700032345,32.935187000342914],[-96.9374769997784,32.935352999709494],[-96.9376879996656,32.93540799977156],[-96.9378009996435,32.93543499992657],
[-96.93799300016244,32.935456999935134],[-96.93817100043768,32.93544699965774],[-96.9383859996245,32.93540199990354],[-96.93855100037926,32.935352999709494],[-96.93866299963393,32.93530799990746],[-96.93883300041156,32.93522199990374],[-96.93896700030587,
32.93513200014342],[-96.93910500039814,32.9350230001268],[-96.93924799961493,32.93489900022123],[-96.93935899994304,32.93477599987565],[-96.93944400033185,32.93466599968525],[-96.93970299989962,32.93429799991829],[-96.93994999977183,32.93390600025252],
[-96.94012800004705,32.933542999832135],[-96.94018199957542,32.933407999856534],[-96.94024900042088,32.93320599975956],[-96.94030200012433,32.93300000018594],[-96.94032899988851,32.93286800015568],[-96.94033700028443,32.932567999902666],[-96.94030700014721,
32.93232200009705],[-96.94027399963691,32.9322170001924],[-96.94021400026078,32.932115999972616],[-96.94014899996345,32.93203800026142],[-96.94013200024501,32.932023999784015],[-96.93993600042644,32.931862000022505],[-96.93943699976083,32.93154500026386],
[-96.93856300007484,32.93107799998177],[-96.93703400008762,32.930339999653334],[-96.93644599973355,32.93008400030794],[-96.93631600003721,32.93003100028019],[-96.93615899967838,32.929993000055845],[-96.93598799997415,32.929965999747616],[-96.93583599963819,
32.929957000145706],[-96.93468800031579,32.929971999984375],[-96.93452099991121,32.92996800007789],[-96.93437299977322,32.929949000331206],[-96.93415500021332,32.9299070001624],[-96.93390499996806,32.929839999959526],[-96.93365100042317,32.929742999958606],
[-96.93348999986637,32.92966099974265],[-96.93338000026151,32.92958399992123],[-96.93329800024574,32.92951000016678],[-96.93323700014636,32.929431999665766],[-96.9331609999784,32.92931799967982],[-96.93308499981042,32.92918099969412],[-96.93300799981753,
32.92898999980024],[-96.93297000018269,32.928841000188896],[-96.93295400028916,32.928721999676355],[-96.9329569997639,32.92860699972597],[-96.93302999955883,32.92843800034715],[-96.93310200042717,32.92833000018241],[-96.9332179998798,32.928198999777685],
[-96.93337400041374,32.928056999764635],[-96.93351699963054,32.927940000081655],[-96.9336389998293,32.92785299988849],[-96.93382499960212,32.92774300013705],[-96.93403100036475,32.927645000284464],[-96.93429400013049,32.927548000138785],[-96.9345970000792,
32.92745000007021],[-96.93483899992854,32.927379000245075],[-96.93509300037175,32.92732299989675],[-96.93532600000026,32.92729200025421],[-96.93544700037407,32.92728900004499],[-96.93555100013116,32.927297999918316],[-96.93570199974388,32.92732500028679],
[-96.93587199962319,32.927373999649866],[-96.93601599956324,32.9274460000497],[-96.93617200009717,32.927544999938256],[-96.9365600004347,32.927865999706135],[-96.93671500024539,32.92800800002577],[-96.93680899995672,32.9280550001451],[-96.93690500021617,
32.92808399990148],[-96.93702300021695,32.928078000290675],[-96.93712600014912,32.92806099975746],[-96.93720700033997,32.92802899980948],[-96.93727799958677,32.92799500022904],[-96.9373429998841,32.92793399970707],[-96.93741599967905,32.927832000063],
[-96.93745199966403,32.927735000122404],[-96.93746599990774,32.92760500015956],[-96.93746400025793,32.92757300004659],[-96.93746000005997,32.927483999860094],[-96.93744300034153,32.92738599972061],[-96.93738499971688,32.92721700027142],[-96.9373279998155,
32.92707000033184],[-96.93724199960175,32.92689499983398],[-96.93715700011126,32.926735000131565],[-96.93705199963097,32.92656299995906],[-96.93691199988888,32.92637499993161],[-96.93675200005531,32.9262090003052],[-96.93651699987866,32.926000999852306],
[-96.93635299984713,32.92584599996896],[-96.93622800017367,32.925717000082805],[-96.93611400037084,32.92557599969395],[-96.9360199997612,32.925406999803585],[-96.935921000027,32.92524099986911],[-96.93586400012559,32.92507499962321],[-96.93585900010272,
32.924918999780566],[-96.93590099993553,32.9247490002962],[-96.9360199997612,32.924565000335456],[-96.93617100027225,32.92439100001233],[-96.93646199962707,32.92410300018178],[-96.93671600007029,32.92391600006213],[-96.93704400013335,32.92372699983],
[-96.93755799996924,32.923461999937786],[-96.93787299961352,32.92332900013951],[-96.93800800023105,32.923250000357434],[-96.93811199998812,32.92314600010729],[-96.93823599983668,32.92295300026898],[-96.93835100036273,32.92272199967863],[-96.938413000287,
32.92255599998527],[-96.93842400015765,32.92247800013997],[-96.93843900022627,32.9223870003592],[-96.93841800030988,32.92223800018462],[-96.93838999982246,32.92211399970133],[-96.93835399983746,32.92200600011179],[-96.93816700023972,32.92149100030511],
[-96.93812399968368,32.921328000222104],[-96.93811500036117,32.9211599996466],[-96.9381189996608,32.92091800010625],[-96.93813399972942,32.92075700026042],[-96.93821200044555,32.92054299968878],[-96.93839300019552,32.920162999695854],[-96.93851299984613,
32.919834999810796],[-96.93863300039504,32.91942099993532],[-96.9386790004258,32.91907199992018],[-96.93869399959607,32.91850400023711],[-96.93865599996126,32.91821899986175],[-96.93856300007484,32.91791400008394],[-96.93845400029488,32.91769599971728],
[-96.93829799976096,32.91745099996505],[-96.9380550000867,32.91710800007747],[-96.93789400042823,32.91683199991508],[-96.9378009996435,32.9166600000999],[-96.93776999968135,32.916583000276006],[-96.9377510003131,32.9164999999893],[-96.93773299987143,
32.91632800028306],[-96.93772700002364,32.9161140003134],[-96.93772700002364,32.915901999720596],[-96.93778300010015,32.915677999979565],[-96.93787900035962,32.91544700000639],[-96.93809799974443,32.91506200021965],[-96.93829699993606,32.91476299988032],
[-96.93842099978461,32.91459599962448],[-96.93846199979248,32.91452100019275],[-96.93850299980036,32.914433999626134],[-96.93852399971676,32.91426700025781],[-96.93850600017342,32.91405499976594],[-96.93849600012769,32.91398599968841],[-96.93846500016554,
32.913894000255475],[-96.93839400002041,32.913717000151316],[-96.93836499970811,32.913641999974864],[-96.93829100008827,32.91347299991743],[-96.93824099985954,32.91341499986799],[-96.93814600032331,32.91332799972257],[-96.93805699973653,32.91324100024578],
[-96.9379060001238,32.913103000276216],[-96.93777600042745,32.91301199990533],[-96.93756999966482,32.912908999671],[-96.9374330002958,32.912828999655254],[-96.93700099957732,32.91264999971638],[-96.93682900004819,32.91259299986626],[-96.93661599961287,
32.912539999919794],[-96.93628699972491,32.91244899972429],[-96.93601300008851,32.91241400020427],[-96.93542300008464,32.91235700020226],[-96.93497700002078,32.912327999816696],[-96.93483899992854,32.91232199989177],[-96.9338930002725,32.9122410001112],
[-96.93370699960134,32.91220099981053],[-96.93353599989713,32.912155000309696],[-96.93309700040429,32.91198799965842],[-96.93286300005258,32.91186699987479],[-96.93256199975369,32.911693000226414],[-96.93212200043594,32.91137199986058],[-96.932006000085,
32.911238999992925],[-96.93187499966544,32.91107799988577],[-96.93164899970961,32.91077299963416],[-96.93127899981377,32.91004699980011],[-96.93121699988949,32.909909000130554],[-96.93111300013241,32.90955800028042],[-96.93107499959926,32.909430000051145],
[-96.93115300031539,32.9093839998646],[-96.931168000384,32.90934999990813],[-96.93117300040686,32.90930399968002],[-96.93117300040686,32.90921900006458],[-96.93113200039899,32.9090030002044],[-96.93112200035326,32.908837999694306],[-96.93124299982875,
32.90845399985338],[-96.93130899995099,32.908296000059785],[-96.93138400029406,32.90816100002702],[-96.9314500004163,32.908082000281155],[-96.93152999988394,32.908014000109254],[-96.93163299981609,32.90791600027987],[-96.9316610003035,32.907891000098275],
[-96.93174699961892,32.90779800032596],[-96.93179799967253,32.90771800021666],[-96.93182299978689,32.90765900012743],[-96.93185299992412,32.90756099990511],[-96.93185100027429,32.907458000116314],[-96.93183100018283,32.90738199987319],[-96.93181299974114,
32.90733400004324],[-96.9316820002199,32.907092999702456],[-96.93151399999041,32.90690000030533],[-96.93083699994787,32.90644899978862],[-96.92994900001818,32.905996999932576],[-96.92901500005772,32.90584000034037],[-96.928127000128,32.90550699985157],
[-96.92756600043643,32.90511400002807],[-96.92709899955788,32.90454599977643],[-96.92684199963993,32.90399600036813],[-96.92665500004219,32.90360299987228],[-96.92660800018652,32.90305399997876],[-96.92670100007294,32.90275900019354],[-96.92679999980713,
32.90262799964913],[-96.92678700028668,32.902590999823],[-96.92679200030953,32.90254100021686],[-96.92681200040103,32.90246899991983],[-96.92683499996724,32.90242799963027],[-96.92731299981813,32.901803000242566],[-96.92741400010047,32.90165899989843],
[-96.92746299960595,32.901575999949884],[-96.9275000003142,32.90147699967323],[-96.92751899968246,32.90138100037346],[-96.9275299995531,32.90128699968552],[-96.92747000017697,32.90066400002617],[-96.92744800043567,32.90055100006152],[-96.92709899955788,
32.90007300001783],[-96.92677100039313,32.89966099999922],[-96.92639800012424,32.89934699994298],[-96.92564999993662,32.898973999685765],[-96.92485599971823,32.89892999962464],[-96.92396699996361,32.89926799987606],[-96.9235230004479,32.89961999991819],
[-96.923150000179,32.89975899991376],[-96.922705999765,32.89964099964932],[-96.92233199967117,32.89944500020491],[-96.92221500039363,32.898973999685765],[-96.92233199967117,32.89844400023815],[-96.92251900016724,32.89803200018439],[-96.92265499971136,
32.89792299972506],[-96.92291599982728,32.897658999669105],[-96.92345300012771,32.89752199970419],[-96.92406099967494,32.89752199970419],[-96.92504200038938,32.897580000359355],[-96.92644400015499,32.897658999669105],[-96.92707500016675,32.89761999972266],
[-96.92756600043643,32.89742400033157],[-96.92800999995214,32.89695200021804],[-96.92826699987008,32.8963449999082],[-96.92837300017528,32.89604000019918],[-96.92845199981801,32.89604299995911],[-96.92851299991737,32.895973000003735],[-96.92853100035903,
32.895773000041935],[-96.92853100035903,32.89569299962905],[-96.92853200018395,32.895590000367655],[-96.92853300000885,32.89543299967396],[-96.92854200022968,32.89539700003776],[-96.92851799994025,32.89535200028341],[-96.92849700002385,32.89526800027849],
[-96.92851000044263,32.89522299970427],[-96.92850399969653,32.895180000223775],[-96.92854700025256,32.89510600036728],[-96.92852200013822,32.89506000028264],[-96.92851999959008,32.89503599967145],[-96.92840400013743,32.89490800032493],[-96.92839099971863,
32.89482200028294],[-96.92836700032751,32.8948039999654],[-96.92833700019028,32.89480799995246],[-96.92827799974073,32.89471600020408],[-96.92827299971786,32.894624000360096],[-96.92828000028888,32.8945639996561],[-96.92821099979358,32.894459999647],
[-96.92814999969423,32.894424999805025],[-96.92805099996002,32.89430900035927],[-96.92789600014932,32.8942239999277],[-96.92785599996634,32.89418300034707],[-96.9277120000263,32.89394500025399],[-96.92766099997267,32.89386899972829],[-96.92744900026057,
32.89361100009736],[-96.92731299981813,32.89341799998154],[-96.9272049998631,32.89319299972603],[-96.92716700022827,32.89304400019781],[-96.927169999703,32.892898000285356],[-96.92718599959652,32.89276000029154],[-96.927169999703,32.892481999990224],
[-96.92716300003029,32.89231600016487],[-96.92722900015255,32.892033999866776],[-96.92724800041911,32.89191599987148],[-96.927325000412,32.89178300019982],[-96.9274080002527,32.891691999793295],[-96.92745299956022,32.89167300012768],[-96.92755700021561,
32.891541999781346],[-96.9275990000484,32.89147699964699],[-96.92773600031575,32.89139800010413],[-96.92778399999631,32.891379000375466],[-96.92782099980624,32.891358999664135],[-96.92785599996634,32.89131100020151],[-96.92790100017218,32.89128599985819],
[-96.92801699962482,32.891221999761775],[-96.9281410003717,32.891201999769315],[-96.92821499999154,32.89117299999856],[-96.92827299971786,32.89115599992046],[-96.92834399986299,32.891142999991594],[-96.92854800007747,32.89112499968083],[-96.92862000004749,
32.89112599990774],[-96.92873800004828,32.89113899983904],[-96.92891100030063,32.891138000366624],[-96.92904099999697,32.89112599990774],[-96.92912499966256,32.891132999987015],[-96.92918300028721,32.89114800037063],[-96.92923699981556,32.89114800037063],
[-96.92926699995279,32.89115700014697],[-96.92929399971698,32.89115199976844],[-96.9293520003416,32.891144000218304],[-96.92941300044097,32.89114800037063],[-96.92950200012943,32.89114899984295],[-96.9296200001302,32.89116199977088],[-96.92971499966644,
32.89117100030012],[-96.9298310000174,32.89115299999504],[-96.92994300017038,32.89112599990774],[-96.93005199995034,32.891112999974474],[-96.93013700033916,32.89109100025718],[-96.9302329997003,32.891074999636494],[-96.93034200037856,32.89105299990975],
[-96.93041699982331,32.891028999721634],[-96.93052599960325,32.89100699998348],[-96.93064899962691,32.89092800002159],[-96.93074300023656,32.89084700028351],[-96.93082100005437,32.890795999851655],[-96.93088899982644,32.89079400014471],[-96.93092399998653,
32.890765999717026],[-96.93097500004015,32.89072600027607],[-96.93101100002515,32.890658000355195],[-96.93103199994155,32.890586999683265],[-96.93106399972861,32.89053800032319],[-96.9310989998887,32.89047900010323],[-96.93112099963001,32.89038000024685],
[-96.93114300026964,32.89028700018953],[-96.93116400018603,32.89024800001479],[-96.93114800029251,32.890173000326755],[-96.93118000007956,32.890128000181754],[-96.9311559997901,32.89008700021413],[-96.93112999985085,32.88995400005976],[-96.93112300017815,
32.8898580003404],[-96.93111499978224,32.88976899994974],[-96.93108200017028,32.88968499993134],[-96.93103000029173,32.88954199974364],[-96.93098400026098,32.889455000281465],[-96.93093900005515,32.88935300004887],[-96.93091300011586,32.88927199962516],
[-96.93089200019948,32.88921799980451],[-96.93080500016084,32.88906299963349],[-96.93076400015295,32.88902399967426],[-96.93072499979489,32.88895899995554],[-96.93067200009145,32.888876000175806],[-96.93063600010643,32.888817999856414],[-96.93062400041087,
32.888712000137076],[-96.93059900029652,32.888623000103955],[-96.93050100038721,32.888406999795905],[-96.93036999996765,32.88823600009007],[-96.9301900000426,32.88793600017941],[-96.93010700020191,32.88766000036019],[-96.93010999967666,32.88745100033783],
[-96.93012100044562,32.887355000169556],[-96.93013800016405,32.88727299991207],[-96.93024500029419,32.88711500004822],[-96.93027000040854,32.88705800035759],[-96.93031200024134,32.88698399975171],[-96.93038099983832,32.886892999696656],[-96.93050200021213,
32.88677400012196],[-96.93055699956541,32.886741000059445],[-96.93059900029652,32.88669300035807],[-96.9306269998856,32.88665599991039],[-96.93066799989349,32.88660500008363],[-96.93077500002362,32.886522999886395],[-96.93083399957484,32.88647300026246],
[-96.93094699955275,32.88637900034995],[-96.93099900032959,32.88635400012372],[-96.93105399968287,32.886309999829095],[-96.93112200035326,32.886258000275646],[-96.93119400032326,32.88622199992865],[-96.93129399988237,32.886148999662026],[-96.93134599976092,
32.88610899964548],[-96.93143799982242,32.88605599968995],[-96.93150399994465,32.88600500027218],[-96.93156199967099,32.885965999721364],[-96.93161100007478,32.885905999943],[-96.93169300009055,32.885844000305354],[-96.93178299960391,32.88573100029453],
[-96.93182799980977,32.885694000199585],[-96.93185299992412,32.88565700008915],[-96.93188800008421,32.885592000163626],[-96.93192700044229,32.88549800007093],[-96.9319509998334,32.885463999996794],[-96.93202700000138,32.885364999817575],[-96.93205600031371,
32.88530499963228],[-96.93212499991067,32.88520299990295],[-96.9321330003066,32.88516800017585],[-96.93215000002505,32.88515099969991],[-96.93219799970562,32.88508900028839],[-96.93222399964488,32.885009000034565],[-96.93222799984284,32.88495400033682],
[-96.93223700006368,32.884857999726435],[-96.93224399973637,32.88481499974152],[-96.93224200008655,32.88476900034858],[-96.93227999972139,32.88471500004677],[-96.93229099959203,32.88468899980586],[-96.93227399987359,32.88465800032112],[-96.93227200022378,
32.884612000092275],[-96.93227200022378,32.88457200013628],[-96.93228300009443,32.88454599985341],[-96.93229899998795,32.884504000018765],[-96.93230800020879,32.88445200015994],[-96.9322749996985,32.88439700011649],[-96.9322730000487,32.88436300037432],
[-96.93226999967563,32.88433700003013],[-96.93226700020091,32.884308000275574],[-96.93226100035312,32.88424199981035],[-96.93224200008655,32.88418799994175],[-96.93226300000296,32.88415299981383],[-96.9321759999643,32.88404399962847],[-96.93204799991778,
32.88382899978338],[-96.93186899981764,32.88351899993066],[-96.93172999990048,32.88330300000547],[-96.93144299984529,32.883144000289924],[-96.9312810003619,32.883070999750906],[-96.93102299972074,32.88297300023483],[-96.93052899997632,32.8828950002192],
[-96.93018599984464,32.882885000038165],[-96.93003400040699,32.88288100026715],[-96.92950499960416,32.8830279996533],[-96.92885299967601,32.88324600012603],[-96.92871100028411,32.88327000015916],[-96.92861500002462,32.883225000280326],[-96.92832100029676,
32.88301699992317],[-96.92820900014377,32.8827919996582],[-96.9281970004482,32.88267900028195],[-96.92819599972498,32.88227000031366],[-96.92828000028888,32.88218200017336],[-96.9287899999268,32.881578000006975],[-96.92898499992047,32.88144899974152],
[-96.9292390003637,32.88126799982444],[-96.92925699990704,32.881254999953704],[-96.92937200043309,32.881175000010856],[-96.92942900033448,32.88105400037505],[-96.92942000011367,32.88103100008268],[-96.92949499955843,32.88097699976639],[-96.92953800011443,
32.880875000336495],[-96.92956499987862,32.88084600020351],[-96.92957800029741,32.88078299969983],[-96.92963299965068,32.8806550001311],[-96.92965100009235,32.88059800005743],[-96.92965500029031,32.88054400023169],[-96.92968000040466,32.88041100008762],
[-96.9296970001231,32.88030399977013],[-96.92972600043541,32.88023899969041],[-96.92977099974293,32.88017600026406],[-96.92976499989516,32.88012499972572],[-96.92971499966644,32.88005800031991],[-96.92971999968933,32.87998100035481],[-96.92971499966644,
32.87989199985126],[-96.92971999968933,32.87977499988406],[-96.92969899977292,32.87965799976242],[-96.92969100027533,32.87951100006769],[-96.92966600016095,32.879362000164264],[-96.92959699966566,32.87925199976088],[-96.92955700038101,32.8792229998513],
[-96.92956099968066,32.879182999726254],[-96.92965000026743,32.879147000277314],[-96.92969200010023,32.87909599990126],[-96.92962699980289,32.878910999755355],[-96.92955200035814,32.878739000219426],[-96.92955300018305,32.87865900026888],[-96.9295270002438,
32.87860699999834],[-96.92949799993147,32.8783429997208],[-96.92948500041099,32.87800500036098],[-96.92944699987784,32.87794099972549],[-96.9294719999922,32.877904000150416],[-96.9294860002359,32.877838999819566],[-96.92946299977137,32.87779299982357],
[-96.92947799983997,32.87736599985323],[-96.92943299963413,32.87724199990226],[-96.92947399964203,32.877211000076045],[-96.92947500036526,32.87716299973961],[-96.92949499955843,32.87702500013652],[-96.92953800011443,32.876662000335116],[-96.92955499983287,
32.87662500022618],[-96.92954899998509,32.87658200001894],[-96.92956900007658,32.876428000018095],[-96.9295919996428,32.87638200004435],[-96.9296190003053,32.876331000340784],[-96.9296129995592,32.8762569998311],[-96.92965799976503,32.87613400023381],
[-96.92967200000875,32.876071000153146],[-96.92975200037468,32.87586300035937],[-96.92976700044329,32.87581500004745],[-96.92980900027608,32.87570099967407],[-96.92985100010888,32.875627000147354],[-96.92988999956864,32.875543999952285],[-96.92989999961438,
32.87549299976655],[-96.92997400013253,32.87536900021336],[-96.92998199963014,32.87535699988236],[-96.9300200001633,32.87528500012545],[-96.93003799970664,32.875220000137546],[-96.93006500036913,32.87516499964625],[-96.93010499965378,32.875090000018666],
[-96.93013999981387,32.87504899988362],[-96.93018500001972,32.87497499981269],[-96.93023400042352,32.87491000035192],[-96.93033200033281,32.874739999911945],[-96.93044299976259,32.87461800013194],[-96.93048100029573,32.87457199997344],[-96.93052599960325,
32.87451600017467],[-96.93056400013641,32.87448999995964],[-96.9306050001443,32.87443400010908],[-96.93065700002282,32.8743859997779],[-96.93069899985562,32.8743200002232],[-96.93073700038877,32.87426600034517],[-96.93076199960483,32.87424699996114],
[-96.93082899955196,32.87420400010937],[-96.93085000036668,32.87413000008751],[-96.93079000009223,32.87411099967434],[-96.93058199967977,32.87404600033455],[-96.93079099991712,32.873716000049484],[-96.93085899968919,32.8736089999494],[-96.93108600036824,
32.873254999826024],[-96.93127200014106,32.87330000023978],[-96.93134900013395,32.873122999737895],[-96.93143000032481,32.87287499986393],[-96.93152499986104,32.87254600018354],[-96.93161600009766,32.87216800032779],[-96.93164500040996,32.872031000181735],
[-96.93165000043284,32.871939999863095],[-96.9316400003871,32.87173599970487],[-96.93162500031849,32.871588000006334],[-96.93158900033347,32.871430999791045],[-96.93154900015051,32.87130100015205],[-96.93150999979245,32.871214000136256],[-96.93142500030194,
32.871049000158074],[-96.93133200041552,32.87089699975554],[-96.9312389996308,32.87077599967075],[-96.93112499982797,32.87066300006595],[-96.93104399963713,32.87060100032846],[-96.93074800025944,32.87044600004055],[-96.93052800015141,32.8703450002718],
[-96.93041400034858,32.870306000375116],[-96.93015099968454,32.870201999812316],[-96.92976300024534,32.870016000257166],[-96.92953899993935,32.86988399987376],[-96.92932700022725,32.86978100003826],[-96.92896999985186,32.869617999841665],[-96.92881800041421,
32.86956299964753],[-96.92832399977148,32.86940700009106],[-96.92800599975419,32.869335000029075],[-96.92753200010125,32.8692830003252],[-96.92741300027555,32.86927500031001],[-96.92729799974951,32.86927899994046],[-96.92716899987809,32.86928999986636],
[-96.92706799959575,32.869314999624265],[-96.92697800008239,32.86935100004791],[-96.92688199982291,32.869402999711916],[-96.92672899966203,32.86951100007736],[-96.92658100042235,32.869651999958286],[-96.92656700017865,32.86966700020533],[-96.92602499985534,
32.870260000242794],[-96.9257970002497,32.870479000134296],[-96.92556799992084,32.87066599993047],[-96.92542200033097,32.87076799979026],[-96.92533600011726,32.87081799997453],[-96.92526499997214,32.87084399975743],[-96.92501899992484,32.87091300024701],
[-96.92502099957467,32.870749999867904],[-96.92497500044223,32.868150999678576],[-96.92528199969058,32.86802599993227],[-96.9256270003704,32.86786499975189],[-96.92592600012114,32.86771299992727],[-96.92626900025282,32.86751100008476],[-96.92666099988998,
32.86726100012068],[-96.92686299955632,32.867073999934235],[-96.92693399970145,32.86695699964927],[-96.92699200032608,32.866839000218064],[-96.92701999991517,32.866655999644976],[-96.92702999996092,32.86655200008283],[-96.92701999991517,32.86644799964417],
[-96.92695799999089,32.86616600003205],[-96.92689600006662,32.865957999636485],[-96.92686299955632,32.865872999929366],[-96.92683400014232,32.8658139998894],[-96.92680499983001,32.86576900020345],[-96.92668500017942,32.865632999739454],[-96.92653700004142,
32.865480999861724],[-96.92645900022362,32.8654200000361],[-96.92638200023072,32.8653829997627],[-96.92629099999411,32.86535000003604],[-96.92620099958243,32.8653330002864],[-96.92610400039636,32.86534399994724],[-96.92601399998469,32.86536099969477],
[-96.92585199960297,32.86540499982513],[-96.92555500040038,32.86550200013829],[-96.92538700017087,32.86557200001839],[-96.92517399973555,32.86565399998004],[-96.92497399971901,32.86574599971799],[-96.9248249997561,32.865801999774206],[-96.92472199982393,
32.865828000273346],[-96.92460800002111,32.86583999963052],[-96.92447699960155,32.865831000301384],[-96.92436699999668,32.86580600031581],[-96.9242900000038,32.86577200023354],[-96.92424399997304,32.865735999865905],[-96.9241920000945,32.865681000282095],
[-96.92414699988866,32.86558400016472],[-96.9241229995992,32.865483999901556],[-96.92412799962209,32.865425000357355],[-96.92416000030745,32.86532899972346],[-96.92423099955425,32.865170000213396],[-96.92429599985158,32.86506799995057],[-96.92505800028292,
32.86396699976538],[-96.92521899994139,32.863680000144775],[-96.92526400014724,32.86354899992241],[-96.9252969997592,32.86338700012869],[-96.9252900000865,32.86333800006757],[-96.92526400014724,32.86327300037594],[-96.92510299959044,32.863056000375465],
[-96.92501200025217,32.862963000320484],[-96.92488599985546,32.86287599966963],[-96.9247550003342,32.86281299997772],[-96.92465900007474,32.86278300018053],[-96.92456299981528,32.8627610002222],[-96.92339200002834,32.86266099979407],[-96.9231850003391,
32.862605999812416],[-96.92299100017034,32.862524000050755],[-96.92279100015381,32.862416000230596],[-96.92258399956626,32.86228200025698],[-96.92242299990778,32.86216700003931],[-96.92233199967117,32.86208499987185],[-96.92226100042438,32.86199300010896],
[-96.92220299979974,32.861868999785436],[-96.9221579995939,32.861737999906495],[-96.92212199960889,32.86159599970972],[-96.92211699958602,32.86136700017291],[-96.92214199970039,32.86121899976886],[-96.92219000027927,32.861070999872496],[-96.92223499958679,
32.860950999775156],[-96.92229900005921,32.86083600009552],[-96.92234500008998,32.860778000292406],[-96.9223900002958,32.86073999977631],[-96.92243499960334,32.860714000049306],[-96.92437299984448,32.859991999767225],[-96.92454100007396,32.85992100018612],
[-96.92474799976318,32.859817000271946],[-96.92486999996193,32.8597409999093],[-96.92500600040438,32.85964499991417],[-96.92509000006994,32.85956900015874],[-96.92522200031445,32.85942300018773],[-96.9252769996677,32.859280000226086],[-96.92529500010937,
32.859146999875435],[-96.92528199969058,32.858991000106464],[-96.92525699957622,32.85888699985657],[-96.92523200036018,32.85882000024772],[-96.92520200022295,32.858769000252465],[-96.92514500032154,32.85871599979729],[-96.92504900006207,32.85865499984638],
[-96.92497200006919,32.85861199997953],[-96.92479399979396,32.85853900036841],[-96.92429800039972,32.85837900016294],[-96.92382800004643,32.858268000294146],[-96.92367400006064,32.85824299968593],[-96.92317500029336,32.858172000214076],[-96.92169300016181,
32.85781800034137],[-96.92139900043394,32.85774699977481],[-96.92021400040332,32.85752599967736],[-96.91958400021645,32.85743100015602],[-96.91947100023854,32.857416000103186],[-96.91934200036712,32.85741299979044],[-96.91897099974804,32.85746299995852],
[-96.91876599970863,32.857503000072654],[-96.91858800033172,32.857562000359046],[-96.91841599990425,32.85764300033017],[-96.91825500024578,32.85775699977302],[-96.9180879998412,32.857905999763815],[-96.91758700042409,32.85844399966808],[-96.9175170001039,
32.858494000009664],[-96.91744799960861,32.85853000029845],[-96.91733999965356,32.85856199970452],[-96.91722699967566,32.858565999818076],[-96.91714700020803,32.85855599991106],[-96.91710899967488,32.8585419998884],[-96.917039000253,32.858525000343086],
[-96.91695300003929,32.858494000009664],[-96.91691500040444,32.85846599994258],[-96.91684500008424,32.858403000136704],[-96.91680200042656,32.85832200010492],[-96.91674799999987,32.858194999645335],[-96.91672700008347,32.85809599995118],[-96.91672700008347,
32.858009999654676],[-96.91675399984766,32.857784000215304],[-96.9167859996347,32.85757999993982],[-96.91687699987129,32.856702999644824],[-96.91687199984842,32.85661200019844],[-96.9168559999549,32.856540000313274],[-96.91683400021361,32.85647699989416],
[-96.91680200042656,32.85641300032095],[-96.91674299997699,32.85631800036235],[-96.91662999999909,32.8561919999187],[-96.91653799993759,32.85612800013988],[-96.91644699970098,32.85609099976326],[-96.91634999961661,32.856070000276894],[-96.91624199966158,
32.85605099976709],[-96.91612399966081,32.85604200019933],[-96.91587599996369,32.855997000083164],[-96.91548799962617,32.85595199994411],[-96.91529500018062,32.85595199994411],[-96.9151870002256,32.85596600037552],[-96.91503599971455,32.85597800031231],
[-96.91490199982024,32.85600599965543],[-96.91475100020749,32.8560559998619],[-96.91467599986444,32.856088000160405],[-96.91421300008217,32.856322999687535],[-96.91409900027934,32.856403000171234],[-96.91406199957112,32.85643999966311],[-96.91403499980694,
32.85647699989416],[-96.91400300001989,32.85654899983046],[-96.91399200014922,32.85661200019844],[-96.91396500038505,32.85684199979649],[-96.91394899959322,32.85705899990732],[-96.91390000008772,32.85744899976337],[-96.9138630002778,32.85764300033017],
[-96.9138299997675,32.85775099992512],[-96.91378700010982,32.85783800032072],[-96.91371699978961,32.857942000291295],[-96.91363599959877,32.85800499966995],[-96.91350699972732,32.85807199989443],[-96.91330300041113,32.85814099975729],[-96.91319999958066,
32.858158999975146],[-96.91310900024239,32.858168000082706],[-96.913012000158,32.858168000082706],[-96.91291500007362,32.85815399999881],[-96.91284499975343,32.85814099975729],[-96.91272099990488,32.85809599995118],[-96.91262999966825,32.85805500025897],
[-96.91254400035287,32.857992000161154],[-96.91246800018487,32.857905999763815],[-96.91236600007763,32.857765000072604],[-96.9123009997803,32.857639000175],[-96.91225300009972,32.85746700012163],[-96.91212900025116,32.8568380003598],[-96.9119839995879,
32.85621900008274],[-96.91194599995305,32.856115000356034],[-96.91182799995228,32.85586200035221],[-96.91177400042392,32.85576199969248],[-96.91167700033954,32.855653999939925],[-96.91157500023229,32.855554999673984],[-96.91141299985058,32.855460000305804],
[-96.91121899968184,32.85537299984199],[-96.91096099993896,32.85528799980081],[-96.91078900040984,32.855261000108065],[-96.91065899981518,32.85526899987817],[-96.91052499992087,32.85528799980081],[-96.91036900028527,32.855333000276666],[-96.91022299979707,
32.855391999742366],[-96.90988999971115,32.85554099993235],[-96.90932999984449,32.85582900010169],[-96.90919500012528,32.8558930000962],[-96.90902299969783,32.85596600037552],[-96.90885000034379,32.85602000007832],[-96.90873700036589,32.85604599967195],
[-96.90858099983197,32.856073999748254],[-96.90852200028073,32.85607899984176],[-96.90847899972472,32.856088000160405],[-96.90835499987615,32.85609099976326],[-96.90824799974604,32.856083000067336],[-96.90814499981387,32.8560559998619],[-96.90789200009388,
32.855933000163674],[-96.90771999966641,32.85584299979787],[-96.90764500022168,32.855798000335334],[-96.90755800018303,32.85573500014398],[-96.90742900031161,32.855623000112416],[-96.90733200022721,32.85549200006464],[-96.90728899967121,32.85536099982337],
[-96.90719199958683,32.85498499967521],[-96.90712800001273,32.854827000369696],[-96.90700400016416,32.85457700012006],[-96.9069020000569,32.85443800019273],[-96.906789000079,32.854325000145565],[-96.90667500027621,32.85423399976925],[-96.90659499991025,
32.854176000177276],[-96.90653600035903,32.854138999741195],[-96.90643199970363,32.85409900037416],[-96.90617200031095,32.85399499967151],[-96.90598499981488,32.85392900003312],[-96.90576899990481,32.853865000131094],[-96.9056330003607,32.85385600034159],
[-96.90555999966745,32.8538689997018],[-96.90547699982676,32.85386799980918],[-96.90540200038201,32.85387300002702],[-96.90503400013598,32.85392100014224],[-96.90455999958475,32.85404099993929],[-96.90429199979614,32.8541309998692],[-96.9041479998561,
32.854165999775404],[-96.904048000297,32.854188000356174],[-96.90395500041056,32.85419299980139],[-96.9038669996487,32.85419299980139],[-96.90380499972441,32.854177000066464],[-96.90371100001309,32.854141000275064],[-96.90364200041611,32.85408899996356],
[-96.90359899986011,32.85404099993929],[-96.90353600011092,32.853957000022916],[-96.90351099999656,32.853894999925856],[-96.90349199972998,32.85382499988588],[-96.90349199972998,32.853752000108784],[-96.90356100022527,32.853150000008476],[-96.90355500037748,
32.853081000036866],[-96.9034859998822,32.85296599996503],[-96.9033739997292,32.85282900034114],[-96.90330500013222,32.85278300019963],[-96.90309900026791,32.85261999970309],[-96.90298000044221,32.85255199998154],[-96.90276199998401,32.852445999912106],
[-96.90266200042488,32.85240399996347],[-96.90189400014577,32.8521849999631],[-96.90164399990053,32.85220000014577],[-96.90155000018919,32.85221000001462],[-96.90128200040058,32.85226299982878],[-96.90118199994318,32.85230499984415],[-96.90109400007962,
32.85235200014324],[-96.90093800044401,32.85251000008309],[-96.90071999998581,32.85280399970942],[-96.90051999996926,32.8532119998715],[-96.90046399989276,32.853311999632346],[-96.9003829997019,32.85341700027873],[-96.90031999995271,32.85349100022835],
[-96.90021399964752,32.85355800008879],[-96.9000580000119,32.85362200021227],[-96.89985200014759,32.85366400033898],[-96.8996639998266,32.853673000147914],[-96.89959000020676,32.8536679999188],[-96.89948300007663,32.8536679999188],[-96.89937099992365,
32.85365800021432],[-96.89910200031012,32.85358899988318],[-96.8988899996997,32.85350099995171],[-96.89859000012406,32.853317999780465],[-96.89839099993242,32.853143999849],[-96.89823399957359,32.85299799986876],[-96.89815300028104,32.85290800029879],
[-96.89804699997585,32.85273500022339],[-96.89799699974712,32.85262900037257],[-96.89794099967062,32.85246299986769],[-96.89787799992143,32.85206400000674],[-96.89788499959413,32.8520100001601],[-96.89792200030236,32.85193699964434],[-96.89868999968317,
32.85120399971656],[-96.8987900001406,32.851072999935894],[-96.89881500025496,32.8510200001656],[-96.89883399962322,32.85096199998191],[-96.8988400003693,32.85091499970119],[-96.89882100010274,32.850861999836525],[-96.89874599975967,32.8507159998746],
[-96.89862799975889,32.850606000158095],[-96.89855300031414,32.85054899963394],[-96.89842199989457,32.85048999996632],[-96.89835300029759,32.85047600018016],[-96.89824699999237,32.850427999710575],[-96.89815300028104,32.850401999979965],[-96.89805299982362,
32.8503860003161],[-96.89766600020933,32.85035300029274],[-96.89742299963677,32.85035799995401],[-96.89656700039242,32.85048999996632],[-96.89620499999418,32.85058899984671],[-96.89593600038066,32.8506790002596],[-96.89536200027031,32.85092000008551],
[-96.89529299977501,32.850934999727365],[-96.89521800033026,32.85093000009857],[-96.89495200019148,32.850887000260755],[-96.8947499996268,32.85084800010899],[-96.89457800009767,32.85080500023144],[-96.89447900036345,32.85076600004362],[-96.89437300005825,
32.85069900033891],[-96.89402699955353,32.8503860003161],[-96.89390799972786,32.850247999793744],[-96.89382900008512,32.85013800025181],[-96.89372299977992,32.84996000037479],[-96.89367699974916,32.84984300015519],[-96.89366500005359,32.849794000159285],
[-96.89366300040378,32.84973799980739],[-96.89369600001575,32.84954999971522],[-96.89385900022235,32.849072000055514],[-96.89387400029098,32.84890299984236],[-96.89385500002439,32.84865700006425],[-96.89381200036668,32.84849099967526],[-96.89378200022946,
32.84840699978747],[-96.89369799966556,32.84825599978023],[-96.8935880000607,32.84814400011869],[-96.89331199987618,32.847925000169866],[-96.89320100044642,32.847802999726255],[-96.89354600022791,32.84755100013466],[-96.89366500005359,32.84746300025242],
[-96.89314700001974,32.84714099966514],[-96.89273000026822,32.846872000189],[-96.89221600043233,32.846722999780425],[-96.89161399983456,32.84663399985765],[-96.89102700020374,32.84668300008901],[-96.89044899989541,32.846938999764454],[-96.89003100031898,
32.8472630002642],[-96.88972599982215,32.847533000028584],[-96.88959699995071,32.84758700033574],[-96.88945300001068,32.84747899968861],[-96.88945300001068,32.84720899975993],[-96.88964499963129,32.846722999780425],[-96.88985399986866,32.846264000332816],
[-96.89007899999956,32.845872999629755],[-96.89025599955157,32.84565700007003],[-96.89040100021484,32.845332999744706],[-96.89043300000189,32.845050000183925],[-96.89043300000189,32.84460400034851],[-96.89038399959809,32.844347999975405],[-96.8903569998339,
32.84422199989209],[-96.89033799956734,32.84382799998681],[-96.89034699978816,32.84272800036428],[-96.89042299995616,32.84270299990567],[-96.89040899971245,32.842122000094705],[-96.89034500013834,32.84162799993994],[-96.89034400031342,32.84133899968397],
[-96.89085800014932,32.84133899968397],[-96.89176899964525,32.84133899968397],[-96.89185499985898,32.8413379996501],[-96.8918709997525,32.84048699996148],[-96.89182300007192,32.83936800013836],[-96.8918060003535,32.83880099975252],[-96.89187499995049,
32.83860500012796],[-96.89183899996547,32.83809799986568],[-96.8918060003535,32.83809899993604],[-96.89182300007192,32.83772099970959],[-96.89191900033141,32.837708000248234],[-96.89193500022492,32.83750399985878],[-96.8918709997525,32.83741100019162],
[-96.89122800004519,32.83742399969647],[-96.89120499958065,32.838279000340755],[-96.89126800022815,32.837991999891486],[-96.89127599972575,32.83807100022603],[-96.89129199961927,32.840637000314416],[-96.89080200007282,32.840642999810036],[-96.89039299981891,
32.84065000010162],[-96.89034099994039,32.840252000005954],[-96.89033799956734,32.83906399993587],[-96.8902570002748,32.83905800033353],[-96.8902780001912,32.83789200022706],[-96.89031900019907,32.83745699999856],[-96.89044399987255,32.837142999989126],
[-96.8905889996375,32.836690999910154],[-96.89060899972898,32.83613399995731],[-96.89048499988043,32.83559499979552],[-96.89007099960362,32.83489900017502],[-96.89002999959575,32.8345329997278],[-96.89032400022195,32.83346499980872],[-96.89032300039703,
32.833052999688405],[-96.8905109998197,32.832589999976015],[-96.89048499988043,32.83247999968454],[-96.89079600022505,32.83159200035616],[-96.89081700014145,32.83143599969985],[-96.89095000021082,32.83150700018251],[-96.89101299996001,32.83134899983901],
[-96.89111400024237,32.831102000324826],[-96.89125599963428,32.830931000316745],[-96.89133400035038,32.83072100004173],[-96.89133400035038,32.83070499984944],[-96.89073199975263,32.8303140000573],[-96.89080600027079,32.83021900008916],[-96.89091599987565,
32.83008099991468],[-96.89145800019894,32.82948199978402],[-96.89173100001042,32.829185000140214],[-96.89181200020128,32.82908400019768],[-96.89207999998987,32.82860900031014],[-96.89214199991416,32.82852499972398],[-96.89220499966335,32.8284529996975],
[-96.89230500012079,32.82836000036319],[-96.89296600026978,32.827790000075574],[-96.89365199963481,32.8272610002542],[-96.8945739998997,32.826389999733635],[-96.89531100021668,32.82579800032631],[-96.89558200037834,32.82561100031827],[-96.89556899995954,
32.8250659998978],[-96.89696400005246,32.8251039998375],[-96.89761599998062,32.82440400012758],[-96.89911400000568,32.823014000148994],[-96.89991800026982,32.822082000078616],[-96.90037299965617,32.821680000280985],[-96.90137899958667,32.82075699992956],
[-96.9031419999256,32.81902600030415],[-96.90337700010224,32.81879699963226],[-96.90427799955243,32.817912000275946],[-96.90464300032373,32.817574000172726],[-96.90516499965723,32.81698299969438],[-96.90525099987096,32.81687400001091],[-96.90543300034416,
32.81660300030838],[-96.9056969999348,32.81619399992215],[-96.9057530000113,32.81601099984665],[-96.90580400006492,32.815925000295664],[-96.90590699999709,32.81569400004503],[-96.90600999992924,32.815090999717896],[-96.90612899975493,32.81428599962391],
[-96.9061129998614,32.813840000028],[-96.90615800006725,32.80964700002513],[-96.90614899984641,32.80939300007464],[-96.90614200017373,32.809179999788384],[-96.90614100034881,32.809130000359694],[-96.90612899975493,32.809044000189296],[-96.9061120000365,
32.80891999988492],[-96.9060769998764,32.80874199966924],[-96.90593600030941,32.808027000054814],[-96.90587600003494,32.807805999998635],[-96.90572100022425,32.80740300012487],[-96.90555499964458,32.807087999901086],[-96.90526599993957,32.80657900007798],
[-96.90491000028743,32.8060409999369],[-96.9045649996076,32.8055940000529],[-96.9026349997624,32.807289000194345],[-96.90220899979005,32.807665000007056],[-96.90218600022382,32.807636000104246],[-96.90182700019864,32.80737499979786],[-96.90168800028145,
32.80728799977705],[-96.90158899964895,32.80722600030912],[-96.90154599999124,32.807193999763044],[-96.901479999869,32.80713299989355],[-96.90144300005907,32.807098000320856],[-96.90132800043135,32.80703199979474],[-96.90122499960087,32.80697999982625],
[-96.90112199966872,32.806929000248616],[-96.90101700008671,32.80688099964232],[-96.90090999995661,32.80683400018758],[-96.90087499979651,32.80681899989049],[-96.90096500020819,32.80672999998842],[-96.90106999979017,32.806625999667574],[-96.90117199989741,
32.80653100003773],[-96.90126999980671,32.806441999847266],[-96.90134900034774,32.80636900037107],[-96.90166099961895,32.80608400035282],[-96.90185200031299,32.805909999963895],[-96.90201600034452,32.80575999984997],[-96.9033040003073,32.80461000013069],
[-96.90359700021028,32.80434400001249],[-96.9037050001653,32.80428100030506],[-96.9032199997434,32.80355900009836],[-96.9024160003776,32.80226699987595],[-96.9015369997704,32.80066800031708],[-96.90000600013337,32.79909200033296],[-96.89969700033687,
32.79884200020888],[-96.89932400006798,32.79860200000224],[-96.89852200035199,32.79819200006983],[-96.8993759999465,32.79813300034939],[-96.89950099961999,32.798118999859604],[-96.90013199963174,32.79810500012281],[-96.9005579996041,32.79805300021798],
[-96.90087200032175,32.79802499996615],[-96.90122200012614,32.79803400012894],[-96.9022189998358,32.79813300034939],[-96.90355600020239,32.79819800016722],[-96.90403200040345,32.79819800016722],[-96.90412199991682,32.79819500011855],[-96.90454200004139,
32.79814300026634],[-96.90486099988361,32.79807099978186],[-96.90648699995522,32.797553000219864],[-96.90690999955451,32.79739300035155],[-96.9070279995553,32.79734199980441],[-96.90715599960181,32.79726199971637],[-96.90735300014362,32.79711100033576],
[-96.90744199983207,32.79703000026227],[-96.90757099970351,32.79690299971886],[-96.90781400027608,32.7966490003532],[-96.90806000032336,32.79643299962611],[-96.9081049996309,32.796351999690124],[-96.90825100011908,32.79601300010831],[-96.90828999957883,
32.79593199978973],[-96.90839099986117,32.79569800030078],[-96.90853099960326,32.79534900026095],[-96.90876599977989,32.79492500019368],[-96.90882799970417,32.79483499990856],[-96.90893499983429,32.79469399973186],[-96.90900199978142,32.794618000256186],
[-96.90906399970572,32.79452399968213],[-96.90927700014105,32.794260999773314],[-96.90931599960079,32.794189999730634],[-96.90969100041784,32.793672000213824],[-96.90987600036577,32.793342000114514],[-96.91006600033656,32.793006999676415],[-96.9101449999793,
32.79284200005627],[-96.91039100002656,32.79226799989434],[-96.91046399982152,32.79194699989488],[-96.91048700028605,32.79178699975653],[-96.91052499992087,32.791388999721335],[-96.91052499992087,32.7910749999925],[-96.91055300040829,32.790655000089146],
[-96.9106039995636,32.789892999893745],[-96.9106539997923,32.78965400031498],[-96.91074099983095,32.789431000169955],[-96.9109760000076,32.788663000075296],[-96.91117199982615,32.78811300022177],[-96.91145999970625,32.78751899979223],[-96.91173000004298,
32.78705799971019],[-96.91211599983237,32.78644999972609],[-96.91249999997193,32.78570499965189],[-96.91284200027869,32.78531900001114],[-96.91313900037962,32.78505500015706],[-96.91347499994026,32.784804999841924],[-96.91375699997258,32.784615999835125],
[-96.91392500020208,32.78449499995564],[-96.9140320003322,32.78443299969771],[-96.91423900002142,32.78435699976106],[-96.91438899980926,32.78433100032434],[-96.9146249998108,32.78429199964455],[-96.91489400032263,32.784255000300554],[-96.91515700008839,
32.78424099989162],[-96.91538100039436,32.784255000300554],[-96.91565500003072,32.78431099964866],[-96.91581800023737,32.78436300003667],[-96.91610299974441,32.784488999688946],[-96.91675300002274,32.7848290000658],[-96.91701300031374,32.784985000230286],
[-96.91717599962203,32.78506799977057],[-96.91741599982156,32.785198000332606],[-96.91759699957151,32.78531600028323],[-96.91778300024268,32.78546299966996],[-96.91790600026633,32.78554500036798],[-96.91800900019847,32.78559500022234],[-96.9181869995754,
32.785656999670394],[-96.91829200005571,32.785686999850654],[-96.91858999998153,32.785745000371925],[-96.91890200015108,32.785718999830415],[-96.91914599965021,32.785638999859444],[-96.91937199960604,32.785530000255115],[-96.91964600014073,
32.78538599994955],[-96.92025799988593,32.785044000366405],[-96.92074900015561,32.784838000053654],[-96.92175900028404,32.78442700018206],[-96.92227800014282,32.78415900025728],[-96.92315299965374,32.783676000213994],[-96.92439799995881,32.78304800032213],
[-96.92510099994061,32.78268200001685],[-96.92535799985858,32.78253199998914],[-96.92607699973388,32.782076000224784],[-96.92624099976541,32.78140500012101],[-96.92623499991763,32.78128099978639],[-96.92620599960532,32.78109800034121],[-96.92618200021417,
32.780853000032515],[-96.92616799997047,32.78059400033199],[-96.92620599960532,32.780359999761814],[-96.92623499991763,32.78005300015254],[-96.92620599960532,32.77958100018762],[-96.92626699970467,32.77897199972415],[-96.92630500023782,32.77887899996736],
[-96.92641599966758,32.77869400014589],[-96.92640700034507,32.77854000025022],[-96.92639200027646,32.77845999986568],[-96.92639700029933,32.77817300029244],[-96.92638700025358,32.77812200005293],[-96.926367999987,32.778024000206784],[-96.92632500032931,
32.777935000183646],[-96.92616700014555,32.777802000356495],[-96.92613799983324,32.77772400005308],[-96.92609500017554,32.777524000143906],[-96.92608099993183,32.777180999793245],[-96.9261000001984,32.776947000065896],[-96.9261289996124,32.77687399978945],
[-96.92614799987898,32.77678100010572],[-96.92619599955955,32.77667600024855],[-96.9262969998419,32.77649599966568],[-96.9263539997433,32.776203999741654],[-96.92633500037505,32.776055000135436],[-96.92628699979615,32.77587899986858],[-96.92608500012979,
32.775430000138826],[-96.92605199961952,32.775225000247374],[-96.92605199961952,32.77500700031265],[-96.92608500012979,32.7747170000914],[-96.92611899956667,32.77451800025235],[-96.92624900016132,32.77425700017225],[-96.92627299955247,32.773945999751575],
[-96.92632500032931,32.77371599998492],[-96.92642599971333,32.773485999623794],[-96.92645500002565,32.77336100029479],[-96.9264309997362,32.773187000078465],[-96.92640700034507,32.773098999796105],[-96.92639700029933,32.77301400032486],[-96.92641200036793,
32.77287699974432],[-96.92646400024648,32.77272799985495],[-96.92659899996569,32.77228000014491],[-96.9266419996234,32.77208599967869],[-96.92670400044598,32.77120600018128],[-96.92669500022517,32.77107400018605],[-96.92664699964625,32.77077500009082],
[-96.92653200001854,32.770227000090294],[-96.92646900026935,32.770029000112174],[-96.9261140004421,32.76921800012575],[-96.92609000015267,32.769112000318216],[-96.92607599990896,32.76897100015772],[-96.92608099993183,32.7688699997715],[-96.92611899956667,
32.76866499987676],[-96.92614299985611,32.76845900016647],[-96.92618100038928,32.76835799995467],[-96.92637300000987,32.768035999688536],[-96.92645500002565,32.76793900017064],[-96.92656999965337,32.767841999791685],[-96.92667500013367,32.767761000258616],
[-96.92673799988287,32.767720999762574],[-96.92734200013044,32.76744600011487],[-96.92740499987964,32.76740299990085],[-96.92745699975818,32.767352999643464],[-96.92749600011624,32.76731000013994],[-96.92750500033705,32.7672370002676],[-96.9275010001391,
32.767184000333195],[-96.92745299956022,32.76710400031536],[-96.92739499983391,32.767034999977874],[-96.92737800011545,32.76701999976606],[-96.9272950002748,32.76698699974436],[-96.92718200029688,32.76694199983244],[-96.92713399971798,32.76692299989639],
[-96.9271139996265,32.76691699995551],[-96.9270929997101,32.766907000304876],[-96.92707199979371,32.76689300018784],[-96.92705800044833,32.76687900006861],[-96.92704500002954,32.76686200035251],[-96.9270359998087,32.766842999644],[-96.92703099978583,
32.76682399968681],[-96.92697600043256,32.7667279997218],[-96.92697600043256,32.766633999891795],[-96.92697499970933,32.76650900000426],[-96.92703199961073,32.76617800023986],[-96.92705800044833,32.76611999980532],[-96.92709100006029,32.7660200000873],
[-96.92718499977161,32.76584900025635],[-96.92732700006184,32.76563399965385],[-96.92741400010047,32.76549599966811],[-96.9275000003142,32.7653649996479],[-96.92772399972186,32.76506700015254],[-96.92772899974474,32.765057999675705],[-96.92772200007205,
32.764921999829454],[-96.92770100015565,32.76467299974472],[-96.92768799973685,32.76451700022871],[-96.92768199988907,32.76443700008031],[-96.9276690003686,32.76426299979265],[-96.92764300042933,32.76397900020759],[-96.92752500042856,32.76379300023313],
[-96.92740400005474,32.76340999967502],[-96.92716800005317,32.76310899995777],[-96.9270359998087,32.76298999985915],[-96.92688799967068,32.76272699964194],[-96.92669100002719,32.76246400015869],[-96.9262540001842,32.76227900020895],[-96.92591299970233,
32.76215400024986],[-96.92567199967792,32.762218999918126],[-96.9253479998128,32.76237599985077],[-96.92505699955969,32.76241299998225],[-96.9247200001741,32.76224999985938],[-96.9246210004399,32.76174299985439],[-96.92426300023962,32.76133000022573],
[-96.92410599988077,32.76122900023531],[-96.92405400000224,32.761190000006444],[-96.92401999966705,32.76112999973719],[-96.92401700019232,32.76106500002936],[-96.92401999966705,32.76099900009153],[-96.9240649998729,32.7608119997502],[-96.92413099999514,
32.76061500016965],[-96.92426300023962,32.76031699988374],[-96.92429900022464,32.760263000171385],[-96.92462899993751,32.75984400005913],[-96.92491099996981,32.75939900031949],[-96.92514600014647,32.758942999871635],[-96.92522499978917,32.758748999801384],
[-96.92523300018509,32.758722999681936],[-96.92525499992641,32.758647999905094],[-96.92526599979706,32.75848000014553],[-96.92543300020162,32.75769299994316],[-96.92553299976075,32.75735899997237],[-96.92591799972521,32.75583099974293],[-96.92593500034197,
32.75552199964954],[-96.92596899977883,32.75536700021114],[-96.92596899977883,32.75523200016359],[-96.92592699994606,32.75504900004114],[-96.92582599966372,32.75486000030012],[-96.92572600010459,32.754654999875754],[-96.92566699965504,32.75451599999396],
[-96.92563400004308,32.75435400002652],[-96.92565099976153,32.75421899995441],[-96.92575100021894,32.754022000142406],[-96.92585199960297,32.753695000343775],[-96.92609000015267,32.75282300029978],[-96.92613399963528,32.752441999954605],[-96.92617399981826,
32.751930999631554],[-96.9262419995903,32.751363999754005],[-96.92623800029067,32.75086699966307],[-96.92621900002409,32.750618999860514],[-96.92617399981826,32.7498229999483],[-96.92616100029777,32.74977500025775],[-96.92617399981826,32.74971800002494],
[-96.92616100029777,32.7496360003153],[-96.92612799978751,32.749191999747325],[-96.9261200002899,32.749072999938825],[-96.92625699965893,32.74782400007259],[-96.92631399956034,32.747717000151624],[-96.92632500032931,32.747692000165706],[-96.92632699997912,
32.74753399969948],[-96.92632899962895,32.747465000063066],[-96.92633399965183,32.747292999773144],[-96.92636899981193,32.747258999659],[-96.92670299972278,32.74694299993251],[-96.92661599968412,32.74656299971429],[-96.92658899991994,32.74644499976212],
[-96.92665400021727,32.74609599996202],[-96.92693299987653,32.745691000116835],[-96.92697499970933,32.74563899980187],[-96.92703900018175,32.74556199962842],[-96.92731199999321,32.74483700005063],[-96.92758200032996,32.74470100030012],[-96.92806000018085,
32.74446299985948],[-96.9282400001059,32.744474000131945],[-96.9292050000285,32.74447800009331],[-96.92926699995279,32.744478999705876],[-96.9293170001815,32.74445899989745],[-96.9295060003274,32.74448099968644],[-96.92972999973506,32.74440600000562],
[-96.93040299957961,32.743477999627764],[-96.93041299962535,32.743464000360596],[-96.93043199989192,32.743442000320485],[-96.93108899984296,32.74258900024248],[-96.93127100031614,32.74260400003627],[-96.93500999963275,32.74282499962671],[-96.93500899980785,
32.7428660003589],[-96.93500399978497,32.743076000366905],[-96.93702999988966,32.74311500021677],[-96.93709500018699,32.74311700022801],[-96.93783900017665,32.742513999724615],[-96.93827400036984,32.74215900029528],[-96.93992800003052,32.742184000322695],
[-96.94123400043497,32.742209000343095],[-96.9426739998354,32.74222899990097],[-96.94289800014141,32.74222800026316],[-96.94293800032438,32.74144500011855],[-96.94307300004358,32.73873300007678],[-96.94864199964628,32.738758999986445],[-96.94866400028592,
32.736690000343096],[-96.94978400001922,32.73745300008454],[-96.95035800012957,32.73782500010021],[-96.95141000009082,32.737952000328846],[-96.95143500020517,32.738704000372024],[-96.95143900040313,32.738793999998244],[-96.95144199987786,32.73891299993533],
[-96.9532250003083,32.738914000365895],[-96.95335500000463,32.738747999764044],[-96.95338500014185,32.73870000015145],[-96.9537190000527,32.73870700015952],[-96.95480100015116,32.738719999741285],[-96.95536000019291,32.738730999967196],[-96.95627300023698,
32.738747000087244],[-96.95768300039852,32.73877299999282],[-96.95798700017214,32.73877799988658],[-96.95820599955694,32.738782000103704],[-96.95820399990711,32.738884000289154],[-96.95818399981562,32.74000100008809],[-96.95815899970127,32.7412459999599],
[-96.95814299980775,32.74207800006773],[-96.95799600039297,32.74206999992928],[-96.95797299992843,32.7422550003018],[-96.9579229996997,32.74592700035119],[-96.9579229996997,32.746205000260744],[-96.9579229996997,32.74624499984472],[-96.95795500038508,
32.74644000029852],[-96.95796399970759,32.74649499967127],[-96.95903199956237,32.74647399996973],[-96.95948699984703,32.746433000142375],[-96.95960900004576,32.7464279999226],[-96.96031299985246,32.74640799979614],[-96.96427899984809,32.74631600036548],
[-96.9647869998362,32.74629899974579],[-96.96568399998675,32.74626600035581],[-96.96846400012683,32.74613500000103],[-96.9694259996764,32.74608899977886],[-96.97075299999725,32.74602699996742],[-96.9715510004136,32.74598900023222],[-96.97291600036928,
32.74591100000932],[-96.9746429998249,32.745834000070964],[-96.97800399974804,32.745685000256394],[-96.97937999957438,32.7456409997564],[-96.98031500025807,32.745602999856615],[-96.98656000007837,32.74533900006555],[-96.98744499963504,32.745369999838324],
[-96.98746599955146,32.7452579997067],[-96.98746100042689,32.745110999650805],[-96.98756199981091,32.74488100019213],[-96.98761899971232,32.744688999689956],[-96.98764800002463,32.74453200030981],[-96.98764700019971,32.744263999641106],[-96.98766100044342,
32.74354100008056],[-96.98766200026834,32.74299700023126],[-96.98767200031408,32.74229199972571],[-96.98768499983456,32.74178500019667],[-96.98769800025336,32.7410109998229],[-96.98769700042843,32.73990999975026],[-96.98770499992605,32.739488000091185],
[-96.98771599979668,32.73891500004088],[-96.98771599979668,32.73862799992843],[-96.98771599979668,32.73821100016886],[-96.98705600037093,32.73818299997737],[-96.98389100026638,32.73815699989965],[-96.98387799984759,32.73639200010816],[-96.98385699993119,
32.73505299975848],[-96.9838939997411,32.73489500030453],[-96.98576300038526,32.73491700018788],[-96.98650099962883,32.73492000010285],[-96.9865469996596,32.734920999822585],[-96.98730999991584,32.73492399973743],[-96.98802399976827,32.73492399973743],
[-96.98877000030608,32.734926999652174],[-96.98884399992592,32.734926999652174],[-96.9892640000505,32.734930000322485],[-96.98926200040067,32.73478400032931],[-96.98928099976892,32.73284900026221],[-96.9894409996025,32.73284300029276],[-96.9910600000014,
32.73284300029276],[-96.99123300025376,32.73284499977885],[-96.9912290000558,32.733289000197026],[-96.99121399998718,32.734806000240056],[-96.99121700036024,32.73492800012749],[-96.99128799960704,32.734926999652174],[-96.99159899995166,32.734920999822585],
[-96.9924819998585,32.734926999652174],[-96.99275999969282,32.734930000322485],[-96.99289199993731,32.734930000322485],[-96.99296300008244,32.734930000322485],[-96.99295200021177,32.733997999817404],[-96.99293700014316,32.732865999669755],[-96.99292799992233,
32.73219199969482],[-96.99292000042472,32.73181400031036],[-96.99292000042472,32.731595000131506],[-96.99299200039475,32.731595000131506],[-96.99328299974957,32.73159599988859],[-96.99364199977477,32.7315969996456],[-96.99400699964775,32.73159899991534],
[-96.994004000173,32.731357999963286],[-96.9938689995555,32.73125900027078],[-96.99382900027084,32.731265000346866],[-96.99330100019122,32.731351999893405],[-96.99259999985928,32.730392999914216],[-96.99135200007943,32.73058200017479],[-96.9912569996449,
32.730503000298555],[-96.99101399997063,32.73029799974783],[-96.98981700024444,32.72929399972359],[-96.9894690000899,32.72900100014121],[-96.98906499985885,32.727607999990575],[-96.98985099968132,32.727167999975585],[-96.98985300022946,32.72698099965177],
[-96.98986599974994,32.72639299980383],[-96.98986800029807,32.72596700034475],[-96.98987199959772,32.72570500022001],[-96.98987499997077,32.72554100036167],[-96.98842399980136,32.72552699978838],[-96.98836000022725,32.72552699978838],[-96.98740100015243,
32.72551799985053],[-96.98739199993159,32.72619099983512],[-96.987384000434,32.72682000006094],[-96.98738199988586,32.72695000028354],[-96.98737600003807,32.72737099980236],[-96.98671099969111,32.72734200017924],[-96.98593499991439,32.72733400022944],
[-96.98588800005874,32.72730700020468],[-96.98584500040103,32.7272849999545],[-96.98581000024093,32.72726900004395],[-96.98567299997357,32.72720500037305],[-96.98561400042234,32.72717699974694],[-96.98513800022128,32.7271790001158],[-96.9847380001882,
32.72718399990428],[-96.98360099983815,32.728178000044444],[-96.98298300024517,32.728756999844315],[-96.98285299965052,32.728853999717096],[-96.98251999956459,32.7291509996763],[-96.98200599972868,32.72914999989185],[-96.98146599995351,32.72914999989185],
[-96.98153000042595,32.726624999749454],[-96.9815000002887,32.72635400019346],[-96.98150100011362,32.72627799979919],[-96.98097600040707,32.72627799979919],[-96.98078899991101,32.726279000371576],[-96.97977600030782,32.726271000326385],[-96.97955200000185,
32.726271000326385],[-96.97908599984653,32.72627699998246],[-96.97856799981265,32.72627500034909],[-96.97721399972762,32.72625900025728],[-96.97721499955253,32.7261569999824],[-96.97722200012353,32.724604000003],[-96.97722299994845,32.723069999650285],
[-96.9772329999942,32.72158900000299],[-96.97723800001707,32.72103499966873],[-96.97724100039012,32.72080699980562],[-96.97722499959829,32.720428999762525],[-96.97723600036724,32.719898000234714],[-96.97724100039012,32.71891899999337],[-96.97724200021504,
32.71875299994442],[-96.97723899984199,32.7183729996981],[-96.97723700019216,32.717947999622794],[-96.97724200021504,32.717587000363466],[-96.977246000413,32.71722499972473],[-96.976986000122,32.71721599970478],[-96.97686800012121,32.7172129999498],
[-96.97657299967011,32.71736400033794],[-96.97612599978136,32.717348000158765],[-96.97567200021993,32.71723600033576],[-96.97524299987452,32.716928000097326],[-96.97497300043611,32.71658200012652],[-96.97489600044321,32.71653900030068],[-96.97488700022238,
32.71647299987732],[-96.97483199997079,32.716397000130925],[-96.97474599975706,32.71631999963566],[-96.97463000030444,32.71625299987699],[-96.97450200025791,32.71619999984045],[-96.97446299989984,32.716100000013704],[-96.97448399981624,32.715900999957],
[-96.97457500005284,32.71580700015561],[-96.97474300028234,32.715418000004654],[-96.97480199983357,32.71519599978765],[-96.9748880000473,32.715091999822796],[-96.9753609998753,32.71475599974705],[-96.97591400006927,32.71401299983431],[-96.97609599964416,
32.71359999965308],[-96.9768039996488,32.712656000264595],[-96.97712500003917,32.71220700001856],[-96.9771619998491,32.712155999795485],[-96.9771839995904,32.71200599963735],[-96.977246000413,32.71155699989887],[-96.97726399995634,32.71148900035924],
[-96.97725800010855,32.71138199990046],[-96.97720899970474,32.71127800002384],[-96.97707499981044,32.71103600033589],[-96.9769519997868,32.71079000003021],[-96.97689099968743,32.71071299998562],[-96.97682399974029,32.71065199974606],[-96.97676900038702,
32.71056899962573],[-96.97672599983099,32.710393999956786],[-96.97671099976237,32.710270999759416],[-96.97670200043987,32.71019500001971],[-96.97671499996034,32.71015200013837],[-96.97669700041699,32.7100480003395],[-96.97671499996034,32.709976999651374],
[-96.9767400000747,32.70993599966473],[-96.97678899958018,32.7098739996492],[-96.97681299986962,32.70980200033289],[-96.97680700002185,32.70969900012862],[-96.97680700002185,32.7095549996437],[-96.97683799998399,32.709390000314045],[-96.97688700038779,
32.70918999964095],[-96.97696000018273,32.709050999895474],[-96.97700899968822,32.70897299985102],[-96.97713099988694,32.70885500002232],[-96.97716799969687,32.70879300001137],[-96.97714900032861,32.70873700003761],[-96.97714299958251,32.708674999944634],
[-96.97714900032861,32.70863500013],[-96.97718000029074,32.708603999675525],[-96.97734500014718,32.708486000114725],[-96.97739399965268,32.7084440001821],[-96.97744300005648,32.70842399984733],[-96.97751599985142,32.70841899976293],[-96.97760200006515,
32.708450000281694],[-96.97765300011876,32.70842099979673],[-96.97779100021103,32.708280000327946],[-96.97788900012031,32.708089999640684],[-96.97791400023466,32.70778000027632],[-96.97793500015106,32.70724700021669],[-96.97807599971807,32.70688199984226],
[-96.9781839996731,32.70683399970266],[-96.97824300012263,32.706808000309096],[-96.97835199990259,32.70678999967795],[-96.97835199990259,32.706723000320196],[-96.97839399973537,32.70672799974379],[-96.9785770000335,32.7067509998097],[-96.97869599985918,
32.706766000342526],[-96.97886999993646,32.70674799970285],[-96.97893299968565,32.706742000244695],[-96.97905599970929,32.70672999981545],[-96.97905999990725,32.706589999979435],[-96.97906199955706,32.70650999997451],[-96.97905499988437,32.70649200003908],
[-96.97903399996797,32.70647400010002],[-96.97872299962336,32.70619400016082],[-96.97849199964467,32.70589299990756],[-96.97896399964779,32.70588600034664],[-96.97949900029839,32.70587799998391],[-96.98001300013429,32.70587000037632],[-96.98097499968384,
32.70588200016539],[-96.98099700032347,32.70587199971136],[-96.98115499960889,32.7058209996463],[-96.98120900003558,32.70580300032779],[-96.98121999990623,32.705800000189065],[-96.98174100031314,32.70556999983484],[-96.9818729996593,32.70551099995739],
[-96.98190000032179,32.705490999721],[-96.98203900023897,32.70542600024467],[-96.98218499982885,32.705377000026665],[-96.98458500002734,32.704676000070826],[-96.98465199997449,32.7046530002259],[-96.98473700036328,32.70461799966174],[-96.98482100002887,
32.704577000236036],[-96.9848929999989,32.70453399991475],[-96.98495300027335,32.70449299969454],[-96.98500799962663,32.70445000008863],[-96.98505000035775,32.70441200001537],[-96.98509200019053,32.7043709997391],[-96.98514200041924,32.7043160000764],
[-96.98520599999335,32.70423200004513],[-96.98525100019918,32.70415400032321],[-96.98527899978828,32.70409300013458],[-96.98532900001699,32.70396600005423],[-96.9853519995832,32.703814999664004],[-96.98532399999411,32.701342000070646],[-96.98532399999411,
32.701315999832815],[-96.98526200006985,32.695757000004875],[-96.98525500039715,32.695062000325194],[-96.98523100010772,32.694410999872254],[-96.98541199985767,32.69440099964482],[-96.98595400018098,32.69441399963791],[-96.98875199986442,32.69448300026736],
[-96.98930199968531,32.69448300026736],[-96.98975299977202,32.69448800037663],[-96.99084599974117,32.694504000119665],[-96.99106300037444,32.694484999857515],[-96.99110400038234,32.69350699988175],[-96.99111799972772,32.69232899986876],[-96.99109000013863,
32.69232899986876],[-96.99110400038234,32.69125699974815],[-96.99122400003293,32.68754200024123],[-96.99099399987917,32.687540999990404],[-96.99036899971517,32.68753999973952],[-96.98915600009546,32.68754899972874],[-96.98852099988574,32.68753600024805],
[-96.98846700035737,32.68754500023769],[-96.98832699971696,32.68752900000353],[-96.98813300044652,32.68754599973242],[-96.98788400002618,32.68754599973242],[-96.98750999993239,32.6875379999938],[-96.98710900007438,32.687536999742946],[-96.9866660003836,
32.68753600024805],[-96.98556599984346,32.68753200000037],[-96.98507100027413,32.6875339997462],[-96.98491200026548,32.68753000025449],[-96.9849149997402,32.6871049999361],[-96.984920999588,32.68604999985763],[-96.98492599961087,32.68515800019281],
[-96.9849270003341,32.68495400004483],[-96.98492800015899,32.684425999677146],[-96.98492899998391,32.68342600017421],[-96.98492899998391,32.68322000000763],[-96.98493999985456,32.68218500032224],[-96.98494200040271,32.68201700011187],[-96.98495800029623,
32.681285000313494],[-96.98496999999179,32.680736999689934],[-96.98500299960375,32.67927700019368],[-96.98500000012902,32.67923700005808],[-96.9833940001489,32.6792719999887],[-96.98335999981373,32.67825100035165],[-96.9833089997601,32.67698199992425],
[-96.9832590004297,32.67565199965258],[-96.98321599987366,32.674467999892684],[-96.9831969996071,32.67396000003866],[-96.98317400004088,32.67334699969559],[-96.98322300044468,32.67315500019965],[-96.98330700011029,32.672759999927266],[-96.9834150000653,
32.67225099976922],[-96.98347299979163,32.67198400009557],[-96.98356900005109,32.67155499969662],[-96.98368000037918,32.671065999870784],[-96.98373599955735,32.67087600012886],[-96.98381699974821,32.67085200021231],[-96.98503600011404,32.67025900028991],
[-96.98524799982614,32.6701640003676],[-96.98652099972033,32.669564000275905],[-96.98777400042134,32.66897699985143],[-96.987448999833,32.668473000125374],[-96.9872510003646,32.66823100008696],[-96.98816100003562,32.66800799999942],[-96.98798399958531,
32.665865999895416],[-96.98797600008768,32.6658190001274],[-96.98803399981401,32.66554499968426],[-96.98826999981556,32.66442299970453],[-96.98971000011433,32.663063000162545],[-96.98888999995668,32.66176799988906],[-96.99497699959323,32.65875799977604],
[-96.99366299969117,32.65679499964013],[-96.99322500002326,32.656150999769984],[-96.9909319999549,32.65277800017932],[-96.9904619996016,32.65208699993233],[-96.99037499956296,32.651975999807455],[-96.99024900006458,32.65181500029456],[-96.9898699999479,
32.65120499977792],[-96.98903100042199,32.6500739998277],[-96.98908300030052,32.64959399973603],[-96.98904099956941,32.64926100025282],[-96.98898100019326,32.649048999667784],[-96.98878299982655,32.64833799992314],[-96.98867999989439,32.647416999787],
[-96.988109999982,32.647091000148954],[-96.98812300040078,32.64673200017736],[-96.9883910001894,32.646523000265404],[-96.98885499979657,32.64648599970173],[-96.98918600023269,32.646309000084784],[-96.98951699977047,32.645989999907584],[-96.98941700021138,
32.64550599996984],[-96.9895870000907,32.645009000064796],[-96.98960200015928,32.64404699969967],[-96.98975000029729,32.64383199966195],[-96.98978100025943,32.643786999623856],[-96.98986699957484,32.64366499994451],[-96.99000999968999,32.64329999989774],
[-96.99004400002516,32.64321699995485],[-96.99031299963869,32.64253199994612],[-96.99099300005423,32.64277099998186],[-96.99189600005256,32.64279899985564],[-96.99389399966985,32.64094199983087],[-96.9942910002282,32.640671000353294],[-96.9952770000672,
32.63986400018927],[-96.99545100014447,32.63972299989156],[-96.99565600018389,32.63878699970018],[-96.99572499978086,32.63764400017213],[-96.99574099967437,32.63738000017267],[-96.99588499961442,32.63667899983486],[-96.99626299990621,32.63492199992705],
[-96.99624299981471,32.63458399984871],[-96.99623699996692,32.63447799962378],[-96.9962550004086,32.63429499991058],[-96.99625299986045,32.6341189997134],[-96.99623000029422,32.633900999737094],[-96.99622600009627,32.63380499966238],[-96.9962550004086,
32.63358500023737],[-96.99618900028635,32.633486999624786],[-96.9961990003321,32.63332700021567],[-96.99633700042435,32.63302500015421],[-96.996340999724,32.632884999774916],[-96.99634800029501,32.63271599983037],[-96.99635900016567,32.63241899977672],
[-96.99634200044723,32.63229899994917],[-96.99637300040936,32.63206300027279],[-96.99638199973188,32.63193700002401],[-96.99635900016567,32.631824999737965],[-96.99633900007417,32.63147799972479],[-96.99628999967038,32.63141400022287],[-96.996268999754,
32.631254000133104],[-96.99629300004341,32.63114600025116],[-96.99627200012702,32.6310339997316],[-96.99622000024848,32.63086799970343],[-96.9961709998447,32.630604000136245],[-96.99615699960098,32.630412000374484],[-96.99611200029346,32.63029700004413],
[-96.99611099957023,32.63010300010568],[-96.99613700040783,32.62996000003389],[-96.99621299967747,32.62976600012147],[-96.99647600034153,32.629539999739876],[-96.99656099983204,32.62950500000466],[-96.99675800037384,32.62925999996184],[-96.99689300009304,
32.62910099995187],[-96.99709800013247,32.62900299972413],[-96.99719799969158,32.62890399999495],[-96.99724299989742,32.62883699971106],[-96.99734599982958,32.62874000010325],[-96.99739199986034,32.62863200021343],[-96.99747800007407,32.628500999653774],
[-96.99759600007482,32.62838499973732],[-96.99774300038793,32.62827499986029],[-96.99783000042656,32.62813599977418],[-96.99786499968835,32.627917000191],[-96.99793099981059,32.62777399965236],[-96.99804600033663,32.62766600010987],[-96.99816400033743,
32.627602000151384],[-96.99826700026956,32.62750299962895],[-96.99832699964571,32.627380000271586],[-96.99834900028533,32.627277999753716],[-96.99841100020961,32.62716900019919],[-96.99850099972298,32.62708800000699],[-96.99853599988307,32.62698800025703],
[-96.99851099976873,32.6268960002673],[-96.99853199968511,32.626678000095076],[-96.99853599988307,32.626586999963266],[-96.99857100004319,32.626520000214434],[-96.9986299995944,32.626438000013195],[-96.99879199997612,32.62628200006884],[-96.99884200020482,
32.626215000091676],[-96.99886200029633,32.626191999715324],[-96.99887700036494,32.62609199972077],[-96.99884800005263,32.626000000323174],[-96.99887200034206,32.62589499994942],[-96.99891199962673,32.625820999900256],[-96.99894699978682,32.62556300019079],
[-96.99899299981757,32.6254239996755],[-96.99898699996979,32.62527399986781],[-96.99899299981757,32.625229000330414],[-96.9990220001299,32.62509699989246],[-96.99913699975762,32.62492099976228],[-96.99915100000132,32.62483000011377],[-96.99911300036649,
32.624764000003196],[-96.99908099968113,32.624434000233435],[-96.99910099977261,32.624236999839106],[-96.99916199987197,32.624028000333176],[-96.9993049999871,32.623786999746834],[-96.99930800036014,32.623618000022226],[-96.99933799959906,32.62344399967698],
[-96.99937399958408,32.623334999992785],[-96.99937199993425,32.6232519996861],[-96.99952699974496,32.62306899971344],[-96.999566000103,32.622991000243935],[-96.99965099959351,32.62292299985556],[-96.99977299979226,32.622793000237735],[-96.99980999960216,
32.62272499969893],[-96.99987900009747,32.62268099985687],[-97.00010300040344,32.62244300009539]],[[-96.89848700019189,32.734164000199065],[-96.89847899979598,32.73454599984842],[-96.89843699996317,32.735046999937374],[-96.89841199984883,32.73517299987398],
[-96.89757800034579,32.734931000042096],[-96.89756400010208,32.73496300013252],[-96.89752200026929,32.735025000086054],[-96.89749999962966,32.73503500029395],[-96.89719099983317,32.73503500029395],[-96.89697699957293,32.735008000334695],[-96.89669899973859,
32.73499899984269],[-96.8960590004043,32.735008000334695],[-96.89493499957473,32.734992000299016],[-96.89377300000864,32.73501700007014],[-96.89375999958983,32.73651400009154],[-96.89373899967343,32.73656700014375],[-96.89368099994712,32.73660099980421],
[-96.893545000403,32.73670300021908],[-96.89350799969476,32.736746999843405],[-96.89347199970975,32.7368090000672],[-96.89338800004415,32.73696699990625],[-96.89400300016239,32.736859999792394],[-96.8939959995914,32.73715500013404],[-96.8939959995914,
32.73859999986796],[-96.89397800004805,32.73927099997544],[-96.89397499967501,32.739426000219964],[-96.89397100037536,32.739852000341735],[-96.89397499967501,32.74056700009421],[-96.89396399980434,32.74107900027351],[-96.89397499967501,32.741483000280596],
[-96.89397499967501,32.742312999657365],[-96.89398100042109,32.742938999809745],[-96.89398300007092,32.74474299977856],[-96.89396800000229,32.74484400033217],[-96.89391899959848,32.74489499999217],[-96.89564000010465,32.74483900002321],[-96.89564900032548,
32.7464290002688],[-96.89137399963504,32.7465430003737],[-96.89137500035828,32.745434000066155],[-96.89136799978726,32.74490499984801],[-96.89135899956642,32.7439439998842],[-96.89135699991661,32.743549999709806],[-96.89134799969578,32.74317299976819],
[-96.89135799974153,32.74263799966025],[-96.8913700003354,32.742324000195346],[-96.89037500027557,32.74232699986099],[-96.89000100018175,32.742324000195346],[-96.88892300028125,32.742322999803065],[-96.88856400025604,32.74231400004983],[-96.88720199977509,
32.742324000195346],[-96.8857809997429,32.74232000013722],[-96.88381999993555,32.742289000058896],[-96.88312399962645,32.74230300026621],[-96.88250000018571,32.742282999969355],[-96.8810060003586,32.74228599963637],[-96.8810070001835,32.74122800023496],
[-96.88100899983334,32.741082999631736],[-96.88100299998554,32.740943000076],[-96.88099399976471,32.74023199971446],[-96.88097799987118,32.740057000075375],[-96.88097000037358,32.73996700021354],[-96.8809720000234,32.73992099982928],[-96.88088099978681,
32.739945999728974],[-96.88035100005737,32.74007299995734],[-96.87981899977983,32.74022000001356],[-96.87875699977285,32.74050199973558],[-96.87859399956622,32.74054300002547],[-96.87859199991641,32.74041099990943],[-96.87860100013722,32.739264000011666],
[-96.87874099987931,32.73925700004735],[-96.87962999963395,32.73926600010934],[-96.8796349996568,32.738660000202636],[-96.87963800002986,32.73825100031921],[-96.87964899990051,32.73774799997455],[-96.87966999981691,32.737443000148026],[-96.87965999977116,
32.736867999642946],[-96.87966599961895,32.73647199975685],[-96.87966999981691,32.735888999850005],[-96.87964899990051,32.73558299999421],[-96.87965999977116,32.735268999850085],[-96.8796830002357,32.73495200019718],[-96.88035799973008,32.734950999722145],
[-96.88043399989807,32.734950999722145],[-96.88099700013775,32.73496600004596],[-96.88152500021738,32.73496600004596],[-96.8816330001724,32.73496600004596],[-96.88207300038844,32.73496600004596],[-96.88259200024721,32.734968999959285],[-96.88409100009721,
32.734995999930355],[-96.88471799991102,32.734984999999085],[-96.88518499989125,32.7349820000863],[-96.88569000040464,32.73497900017341],[-96.88715499991942,32.734992000299016],[-96.88767600032634,32.734984999999085],[-96.88768299999903,32.73449899996411],
[-96.88768999967172,32.734066000329804],[-96.88769700024274,32.73358400026803],[-96.88770399991543,32.7331579996552],[-96.88774599974822,32.731723999680916],[-96.88867700023395,32.73163999976708],[-96.88998299974008,32.73164100027928],[-96.89009200041833,
32.731234000201255],[-96.89145800019894,32.731234000201255],[-96.89144899997812,32.73275699967842],[-96.89200700019495,32.73275599993441],[-96.89214799976193,32.73275399969063],[-96.89231199979348,32.73275399969063],[-96.89251600000797,32.73274900021455],
[-96.89493600029796,32.73277399985916],[-96.89581099980887,32.732794000023155],[-96.89688299986162,32.732809999697785],[-96.897636999897,32.732826999868436],[-96.89770700021721,32.732818999655166],[-96.8977699999664,32.73283899980912],[-96.89781000014938,
32.73284700002053],[-96.89808899980864,32.73284100005093],[-96.89846299990245,32.732826999868436],[-96.89847100029837,32.73360700020943],[-96.89848700019189,32.734164000199065]],[[-96.81921599978473,32.83644699967258],[-96.81923699970112,32.83665499981831],
[-96.81859200034395,32.83664699987977],[-96.81735100023684,32.83663799985371],[-96.81697399976997,32.836629999913626],[-96.81624800022196,32.83662699965287],[-96.81559100027094,32.83662699965287],[-96.81521899982695,32.836624000146806],[-96.81514199983404,
32.836624000146806],[-96.81502200018346,32.83662699965287],[-96.81495400041139,32.836624000146806],[-96.81487900006833,32.83662699965287],[-96.81485300012905,32.83683400004708],[-96.81477399958801,32.83755800022949],[-96.81473900032623,32.83795999986019],
[-96.81462700017325,32.83890400008649],[-96.81450900017246,32.83990599998605],[-96.814412999913,32.840695999739744],[-96.81430199958491,32.84161700035748],[-96.81416400039097,32.842774999697966],[-96.81383100030503,32.84535600024007],[-96.81372099980187,
32.84638099998831],[-96.81366700027351,32.84688399984637],[-96.8130119999723,32.846882999874985],[-96.81301000032248,32.84732699964534],[-96.81212499986749,32.84732699964534],[-96.81210399995109,32.84830100004913],[-96.81209899992824,32.849263000239446],
[-96.81209800010332,32.85022000014284],[-96.81208600040776,32.85117700029032],[-96.81222600014983,32.85117700029032],[-96.81299600007877,32.85116599962731],[-96.8131679996079,32.85117399976658],[-96.81313499999595,32.85141000015565],[-96.81287200023021,
32.85334300026735],[-96.81250999983197,32.85634100027427],[-96.81241899959537,32.8570479999736],[-96.81232400005914,32.8579220003354],[-96.81215400017983,32.85793300016075],[-96.80861800035449,32.857912000355796],[-96.80860999995858,32.85886499968649],
[-96.8085970004381,32.85982799986231],[-96.80858400001931,32.86042199986334],[-96.80637200014178,32.860393999650256],[-96.80638700021039,32.859841999682],[-96.80425800017356,32.859817000271946],[-96.80423899990699,32.86067200024197],[-96.80421399979264,
32.86135699982709],[-96.80420700011993,32.86178700009698],[-96.8041970000742,32.862181000244405],[-96.80421299996772,32.86274399997629],[-96.8042049995718,32.863652999988005],[-96.80420299992197,32.86444100006296],[-96.80417199995983,32.865495000298175],
[-96.80401299995118,32.865490999742555],[-96.8027679996461,32.86548799970295],[-96.80180400044672,32.8654819996235],[-96.80055699959348,32.86547900033815],[-96.79961599996031,32.86547799982178],[-96.79933899995088,32.86547700005996],[-96.79865299968753,
32.86547700005996],[-96.79854100043286,32.86547900033815],[-96.79854499973251,32.865407999867536],[-96.7957999997525,32.86540000025732],[-96.79545099977307,32.865398999740066],[-96.79210699956836,32.86539199989181],[-96.78965799986439,32.86540100002],
[-96.78863199984241,32.86540499982513],[-96.78674700020304,32.86538899984885],[-96.78306800026259,32.86537500015022],[-96.78304700034619,32.86430000019616],[-96.78303099955434,32.86333800006757],[-96.7829999995922,32.862309999874014],[-96.78301200018608,
32.861341999683496],[-96.78300299996526,32.86037999991774],[-96.78299100026967,32.85991200025638],[-96.78029800016823,32.85989600004375],[-96.78029399997027,32.85925899998541],[-96.78027999972656,32.85812699966914],[-96.7802670002061,32.857608000286504],
[-96.77819599989557,32.857588000255376],[-96.77797699961245,32.857585999799234],[-96.77669299984763,32.85757699963262],[-96.77669000037288,32.85708099977074],[-96.77669000037288,32.856374000334355],[-96.77673999970328,32.856186999831564],[-96.77679400012997,
32.85602299968354],[-96.7769459995676,32.85572400004603],[-96.77696499983418,32.85558399977853],[-96.77697400005502,32.855514000316596],[-96.77697400005502,32.85549000031587],[-96.77310400031885,32.855514000316596],[-96.77311799966424,32.854974000238904],
[-96.7731439996035,32.85464900008913],[-96.77327000000021,32.85391500003492],[-96.77338399980302,32.853301999887755],[-96.7734099997423,32.852982999820995],[-96.7734259996358,32.8528080000826],[-96.77342999983377,32.85204899980107],[-96.77342900000886,
32.85183699984304],[-96.77342999983377,32.851607000098845],[-96.77699900016937,32.85165499993064],[-96.77699900016937,32.85158499963275],[-96.77700599984207,32.85109000015456],[-96.77521400008912,32.851083999855824],[-96.77343400003173,32.851072999935894],
[-96.77336600025967,32.85104399986614],[-96.77277700008071,32.851023999864545],[-96.77277399970765,32.85048399962702],[-96.77267099977549,32.85048099983453],[-96.77209900021327,32.85046700004695],[-96.77199799993095,32.85046700004695],[-96.77201600037259,
32.85042699977913],[-96.77209900021327,32.85023200010212],[-96.77225300019906,32.84986700017414],[-96.77240100033707,32.8494719997287],[-96.77245400004053,32.84933000027378],[-96.77263999981335,32.84883600024031],[-96.77270199973762,32.84861199997588],
[-96.77280200019507,32.84825499982429],[-96.77291900037093,32.847892999946026],[-96.77333799977227,32.84665700001586],[-96.77381399997333,32.84557299976385],[-96.77359999971308,32.84557799969441],[-96.77334600016819,32.8455840003655],[-96.77311199981645,
32.84559100026742],[-96.77278799995135,32.84557399975],[-96.77245800023847,32.845579999666576],[-96.77208599979448,32.845567999832966],[-96.77209400019039,32.845470000376],[-96.77148999994283,32.84546099973508],[-96.77148499991995,32.84476999970638],
[-96.77103700020629,32.84477099970158],[-96.77103800003118,32.84469100005067],[-96.7710520002749,32.843749000247364],[-96.77261999972185,32.8437699996309],[-96.7741219999449,32.843784999726566],[-96.77425599983921,32.84378799974541],[-96.77429000017439,
32.84378699973914],[-96.77458100042753,32.84377999969494],[-96.77464800037468,32.84377899968858],[-96.77476300000241,32.84377799968221],[-96.7749389997295,32.84351699989914],[-96.77517899992903,32.84315900037102],[-96.77542699962612,32.84276700031094],
[-96.77558900000784,32.84249500034542],[-96.77576499973493,32.84222200027723],[-96.77591500042108,32.841968999906776],[-96.77608000027752,32.84169499970041],[-96.77650700007479,32.84086200036855],[-96.77662400025065,32.84062199968675],[-96.77672899983263,
32.84038700008857],[-96.7768329995897,32.8401250000986],[-96.77700199964411,32.83969499975264],[-96.77725600008732,32.83912799994586],[-96.77735700036968,32.838959999726946],[-96.77752100040118,32.83868700010824],[-96.77770200015117,32.83847299979809],
[-96.77788999957383,32.83823999993181],[-96.7783590001022,32.837646000120245],[-96.77851700028594,32.83742900008612],[-96.77869999968571,32.83719300025733],[-96.77883000028038,32.837019999738],[-96.77905799988602,32.83675999979384],[-96.77920699984892,
32.83659299970973],[-96.77938400029926,32.836590000202456],[-96.77975500002002,32.83658800002779],[-96.78106800009716,32.83658200025812],[-96.78093400020286,32.83365300000521],[-96.7809509999213,32.832836999880094],[-96.78094800044657,32.83275399964975],
[-96.78114799956481,32.83259100010842],[-96.78140000035819,32.83236500009187],[-96.78157000023751,32.83223100002417],[-96.78271799955989,32.831274000150806],[-96.78349099986188,32.83063599978919],[-96.78398200013156,32.83020399996572],[-96.78614299995544,
32.82833300002689],[-96.78706500022035,32.827545000099114],[-96.78771299995056,32.82700499969012],[-96.78793399988348,32.826820999796126],[-96.78846699998596,32.826345999882825],[-96.7887089998353,32.82616099992846],[-96.78938699970273,32.82556700008154],
[-96.79049300009065,32.82464599979925],[-96.79117000013315,32.82408400014824],[-96.79119100004955,32.824042000367335],[-96.79162000039496,32.82367899965386],[-96.79268999989955,32.82265999969778],[-96.79299200002333,32.822173000202795],[-96.79351300043024,
32.82243100008954],[-96.79419899979527,32.822711000060856],[-96.79537999962794,32.82309600018451],[-96.79569400034563,32.82318899974649],[-96.79620999983133,32.82319499966618],[-96.79657200022959,32.82322399977559],[-96.79754299999998,32.823213000177766],
[-96.79790600022314,32.82321000021852],[-96.7980939996458,32.82320799974241],[-96.79820900017184,32.82320799974241],[-96.79817700038478,32.823130000011304],[-96.79781199961349,32.82216700021408],[-96.7973120000213,32.82084300008771],[-96.79818800025544,
32.82003199988647],[-96.79837800022625,32.81974000022504],[-96.79843000010479,32.81965899963446],[-96.79873200022857,32.81938199994587],[-96.79886100009999,32.81926500019128],[-96.79897800027587,32.819287000363374],[-96.79911100034525,32.819311999865995],
[-96.79917599974426,32.819055000264754],[-96.79920500005659,32.81894499981751],[-96.7994310000124,32.81894400028638],[-96.79974400000683,32.81894400028638],[-96.7999869996811,32.81897000017132],[-96.799995000077,32.81911399968672],[-96.80002900041221,
32.8192399999205],[-96.80004000028283,32.819273000185895],[-96.80007299989482,32.8193750002423],[-96.80020900033725,32.81969300002183],[-96.80092900003748,32.819688000143316],[-96.80101000022832,32.819688000143316],[-96.80204899977078,32.81969400029947],
[-96.8023810000318,32.81967899990833],[-96.80237199981097,32.81984999968793],[-96.80235099989457,32.82067999982263],[-96.80235500009252,32.82158699989407],[-96.80235400026761,32.82167199974827],[-96.80234699969661,32.82267100011901],[-96.80264299997262,
32.822687999737944],[-96.80343999966573,32.82269300020252],[-96.80439299989277,32.822687999737944],[-96.80438299984702,32.82277400029135],[-96.80439000041804,32.82317299970701],[-96.80451300044167,32.8231750001839],[-96.80459899975709,32.82316800002437],
[-96.80475799976577,32.82316300034143],[-96.80491900032256,32.82316300034143],[-96.80507999998102,32.82316300034143],[-96.80524400001256,32.82316500006366],[-96.80540100037139,32.823163999825105],[-96.80556500040292,32.823163999825105],[-96.80573000025936,
32.823163999825105],[-96.80589799959054,32.82316500006366],[-96.80605599977429,32.82316600030221],[-96.80622300017887,32.82316500006366],[-96.80638399983735,32.82316500006366],[-96.80654299984602,32.82316600030221],[-96.80670699987755,32.82316600030221],
[-96.80686599988621,32.823162000102855],[-96.80695999959752,32.82317099998496],[-96.80708900036727,32.8231850003031],[-96.80933399985676,32.82318899974649],[-96.81052300008535,32.82319199970639],[-96.81059599988028,32.82318200034291],[-96.81203399963091,
32.82319499966618],[-96.81230899999052,32.82295100008872],[-96.81239699985407,32.82287099964824],[-96.81245700012852,32.822804000025926],[-96.81251800022788,32.822737999841586],[-96.81266899984062,32.82260300010101],[-96.81287600042818,32.8224199996386],
[-96.8128579999865,32.82230700034865],[-96.81281600015372,32.822062999841805],[-96.81294300037533,32.82194800034821],[-96.8130680000488,32.82185500024182],[-96.81316599995809,32.821760999783756],[-96.81327700028616,32.82169700008957],[-96.81331200044627,
32.82165499993489],[-96.8134909996481,32.82144500037359],[-96.81336799962446,32.82131999975199],[-96.81353599985394,32.8210350001229],[-96.813899999902,32.8207630000135],[-96.81395599997852,32.82070700022067],[-96.81390300027506,32.820665000352854],
[-96.81382799993199,32.82060699996354],[-96.81374599991624,32.820540999656664],[-96.81466599963298,32.81983399980196],[-96.81471199966374,32.8198680001224],[-96.81495100003833,32.82004299987818],[-96.8153779998356,32.82037400002236],[-96.81552199977564,
32.820498000196714],[-96.81581499967861,32.82076799983151],[-96.81669599993563,32.821527999849714],[-96.81676500043092,32.8215919996657],[-96.81682200033232,32.8216410001306],[-96.81688900027947,32.82169599983448],[-96.81687599986068,32.82178799985323],
[-96.8175520000783,32.82236499962806],[-96.81807799960974,32.822811999701834],[-96.81845699972644,32.823134999696094],[-96.81820499983135,32.82359700015654],[-96.8179119999284,32.824131999765676],[-96.8176099998046,32.82468399991864],[-96.81843800035817,
32.825404999639694],[-96.81798499972332,32.82578300021102],[-96.81792500034719,32.82582600013216],[-96.81730400038117,32.82638199962514],[-96.81725400015246,32.82643800036952],[-96.81724199955858,32.82647000002419],[-96.81724199955858,32.826504000069185],
[-96.81728000009171,32.826550999688166],[-96.8173269999474,32.82659399999237],[-96.81790899955536,32.827070000283605],[-96.81805000002065,32.8271980001868],[-96.81815399977773,32.82727499992759],[-96.81821099967915,32.8273139998689],[-96.81826199973275,
32.827332000300544],[-96.81831600015946,32.82733900013192],[-96.81836100036529,32.827332000300544],[-96.81840099964994,32.8273139998689],[-96.81828600002221,32.827442000175246],[-96.8190740003928,32.82811099971816],[-96.81911899970034,32.82815000004717],
[-96.81911399967747,32.828356999823036],[-96.81912899974607,32.82892300030589],[-96.81913899979182,32.829203000192635],[-96.8191449996396,32.829258999913094],[-96.81914999966247,32.8293230001974],[-96.81914800001266,32.82958999968272],[-96.81917399995193,
32.83044699984195],[-96.81916300008128,32.830986999702326],[-96.81916200025636,32.83131699967788],[-96.81916899992905,32.83226199971983],[-96.81917300012701,32.833229000010306],[-96.81918300017274,32.83405899966572],[-96.8192009997161,32.83487999966096],
[-96.81919099967035,32.83575400022833],[-96.81919099967035,32.835920999626275],[-96.81919800024137,32.836153000203005],[-96.81921599978473,32.83644699967258]]],[[[-96.59723800003005,32.89084700028351],[-96.59724399987783,32.89080100025026],
[-96.59722399978632,32.89066700018131],[-96.59716000021223,32.890615999645895],[-96.59673300041496,32.89051500022931],[-96.59665100039922,32.89048600023367],[-96.59659699997253,32.890432999878975],[-96.59657299968309,32.890326999828694],[-96.59661700006401,
32.890208999822846],[-96.59668499983607,32.890140000021525],[-96.5966990000798,32.890062000279755],[-96.5966649997446,32.88998499995477],[-96.59666100044495,32.889898999659664],[-96.59667599961526,32.889801000151365],[-96.59668099963811,32.88965699990747],
[-96.59663200013264,32.88947699965065],[-96.59657799970596,32.88935000006241],[-96.59655500013974,32.8892170003104],[-96.59652099980454,32.88909900033492],[-96.59644800000962,32.88890699969365],[-96.59642799991813,32.88871899965273],[-96.59644800000962,
32.888588000218974],[-96.59639500030617,32.88801400028405],[-96.59627399993234,32.88787499996264],[-96.59607899993868,32.88776899986948],[-96.59587800009723,32.887682999686476],[-96.59572400011143,32.88762500009487],[-96.59547600041434,32.887496000333776],
[-96.59533099975106,32.88738199989737],[-96.59511200036626,32.88722600001539],[-96.59482500031108,32.88700599973442],[-96.5944119998592,32.88660600036157],[-96.59430599955398,32.88651600019721],[-96.59421299966756,32.88635599993082],[-96.59410600043577,
32.88610699983275],[-96.59398500006193,32.88590700022882],[-96.59374200038769,32.88567100035704],[-96.59365399962583,32.88559299969862],[-96.59346100018028,32.88535800003693],[-96.59346100018028,32.885312000171446],[-96.59344600011168,32.885266999820765],
[-96.5934059999287,32.88525399978229],[-96.59336300027101,32.88527800002594],[-96.59332399991294,32.885294999723136],[-96.59319199966846,32.88533599964507],[-96.59305100010145,32.88534800013382],[-96.5929489999942,32.88534399971964],[-96.59290999963618,
32.88533199998473],[-96.59287600019928,32.88530299980141],[-96.59286000030575,32.88527400036299],[-96.59283199981836,32.88525800020053],[-96.5927430001299,32.88518400035455],[-96.59263599999977,32.88505600035276],[-96.59259099979394,32.88498799985226],
[-96.59258199957311,32.88491399978081],[-96.59259099979394,32.884870000279925],[-96.59260000001476,32.88485299974681],[-96.59266299976395,32.88480100009277],[-96.59277900011492,32.8847180001901],[-96.59310100033018,32.884447999705316],[-96.59316400007938,
32.884372000085435],[-96.59319099984356,32.88431300028595],[-96.59320900028521,32.88425300014278],[-96.59324899956988,32.884157000281775],[-96.59327399968423,32.88412700016241],[-96.59332999976071,32.88411500026272],[-96.59337999998944,32.88414000036627],
[-96.5934400002639,32.88412700016241],[-96.59350100036326,32.88408500012914],[-96.59362699986164,32.88395800035655],[-96.59371700027333,32.88388700035087],[-96.5938279997031,32.8838650003482],[-96.59394400005407,32.88389100007642],[-96.59407899977326,
32.88396299963228],[-96.59419500012422,32.88403400033141],[-96.59452200036236,32.88417799990661],[-96.59462799976927,32.884253999692866],[-96.59472300020381,32.884283999769224],[-96.59477900028033,32.88432599970814],[-96.59485399972507,32.88435099975217],
[-96.5949190000224,32.88434700004732],[-96.59496500005315,32.88431300028595],[-96.59502000030474,32.88426199986506],[-96.59509599957441,32.884208000008705],[-96.59516099987174,32.88412700016241],[-96.59519100000895,32.88404699979452],[-96.59520600007758,
32.88390800003968],[-96.59512599971164,32.88385299965862],[-96.59490899997665,32.883777000282876],[-96.59477400025744,32.88369200030829],[-96.59460299965491,32.88359099978869],[-96.5944470000193,32.883535999965275],[-96.59429600040656,32.88346000031768],
[-96.5941449998955,32.883366999786716],[-96.59402400042,32.883342000219486],[-96.59392300013766,32.88336300003751],[-96.59380799961161,32.883426000216005],[-96.59366200002174,32.883498000149594],[-96.5935309996022,32.883573999764614],[-96.59340000008093,
32.883639999973],[-96.59335499987507,32.88368799981935],[-96.59331499969211,32.88370499982156],[-96.59327399968423,32.883701000087555],[-96.59322900037671,32.88363699979317],[-96.59320300043743,32.88360499962859],[-96.59316900010224,32.88356399966019],
[-96.59311300002575,32.88347700036363],[-96.59308299988851,32.883421999715054],[-96.59307299984278,32.883366999786716],[-96.59308299988851,32.88333299964936],[-96.5931239998964,32.883316000330204],[-96.59316900010224,32.88333299964936],[-96.59322400035384,
32.88338000010206],[-96.59327899970711,32.88341200034783],[-96.5933349997836,32.88340900016028],[-96.59342000017242,32.883357999973526],[-96.59354099964793,32.8832530000735],[-96.59362199983877,32.88319400028344],[-96.59375200043343,32.88312500030013],
[-96.59413499984977,32.88297300023483],[-96.59417500003273,32.88293899994632],[-96.59419000010135,32.88288899980894],[-96.59415499994125,32.8828260000031],[-96.59401900039713,32.882693000265924],[-96.59394900007692,32.882613000112286],[-96.59386399968811,
32.88254100021404],[-96.59370800005249,32.882388999901515],[-96.59361699981591,32.882330000290665],[-96.59350200018818,32.88231699982129],[-96.59343100004307,32.88234300000372],[-96.59338099981434,32.88237699976647],[-96.59336599974573,32.8824299996591],
[-96.59338599983724,32.88250600018999],[-96.5934059999287,32.88255399989614],[-96.59345100013455,32.88260900032905],[-96.59352200027966,32.88262099967827],[-96.59359699972441,32.88261699989539],[-96.59365699999888,32.88260900032905],[-96.59373300016685,
32.88260400022253],[-96.59376800032696,32.88263799988515],[-96.59375300025835,32.882693000265924],[-96.59363199988451,32.88282799988988],[-96.59358699967868,32.88286200022097],[-96.59352200027966,32.88286599999279],[-96.59347600024891,32.88284100028423],
[-96.59337599979146,32.882824000116294],[-96.59330499964636,32.882892000014145],[-96.59323000020161,32.882975999682735],[-96.59313899996502,32.88302700008937],[-96.59302400033728,32.88302700008937],[-96.59291800003209,32.88300100010761],[-96.59280199968113,
32.88294700023723],[-96.59268600022848,32.88287499985599],[-96.59257999992327,32.88279499986663],[-96.59251100032631,32.8827269998944],[-96.59249000040991,32.88267499974729],[-96.59248000036416,32.882613000112286],[-96.59250299993039,32.88250499986584],
[-96.59253800009049,32.882452000018056],[-96.59254700031131,32.88239200012365],[-96.59252999969456,32.88230900022792],[-96.59252999969456,32.8822490002367],[-96.5925740000755,32.88218200017336],[-96.59259199961885,32.88213699974209],[-96.59259199961885,
32.88209799975213],[-96.59256499985466,32.882053000032634],[-96.59252100037205,32.88201599991082],[-96.59246699994537,32.88197899977356],[-96.59242199973953,32.88191900031334],[-96.59236900003607,32.88176900035348],[-96.59227100012679,32.88152099977249],
[-96.59218999993595,32.88139999985464],[-96.59204699982081,32.88125899979805],[-96.59193999969068,32.88110900022999],[-96.59188399961418,32.88097200032216],[-96.5918429996063,32.8808429999291],[-96.59183000008582,32.88073000033107],[-96.5918629996978,
32.880474000101344],[-96.5919890000945,32.88001799981733],[-96.59200099979005,32.87986500010465],[-96.59198400007162,32.879725000224965],[-96.5919549997593,32.879598000239774],[-96.59187600011657,32.879316999809994],[-96.59179699957555,32.87878499972448],
[-96.59171299990996,32.878442000199904],[-96.59168500032087,32.87837399990558],[-96.59168199994782,32.87835699963525],[-96.59167899957477,32.878346000079844],[-96.591680000298,32.87832099985077],[-96.59167699992494,32.878287999658305],[-96.5916810001229,
32.87825999980545],[-96.59168799979561,32.87824399988553],[-96.59169500036663,32.87821899962768],[-96.5917020000393,32.87819499973566],[-96.59170600023725,32.878180999795624],[-96.591708999712,32.878166999853384],[-96.59171299990996,32.87815600027446],
[-96.59171600028301,32.87814499993973],[-96.59172600032876,32.87812599963265],[-96.59172700015365,32.878107000075886],[-96.59172399978063,32.878087999760666],[-96.59171799993284,32.878073999803796],[-96.59171200008505,32.878051999867],[-96.59170600023725,
32.87803799990438],[-96.59169299981848,32.87801599995864],[-96.59168699997069,32.8779990003741],[-96.591680000298,32.877990999636495],[-96.59167399955192,32.877976999664305],[-96.59166500022938,32.87796299968984],[-96.5916519998106,32.87794899971317],
[-96.59163000006929,32.877930000118525],[-96.59162000002354,32.87792400012656],[-96.5916099999778,32.87791600013663],[-96.59159099971122,32.877904000150416],[-96.59156499977196,32.87788699978989],[-96.59150700004564,32.877858999810385],[-96.59149799982482,
32.87785299981362],[-96.59148500030433,32.87785000019227],[-96.5914750002586,32.87784499981728],[-96.59144900031932,32.877838999819566],[-96.59143599990053,32.87783299982145],[-96.5913499996868,32.877768999816205],[-96.59125099995259,32.877668000091134],
[-96.59117499978461,32.877565000245546],[-96.59111399968526,32.8775070000674],[-96.59101800032408,32.87745800026451],[-96.59094600035408,32.87743499979346],[-96.59093299993529,32.87743200015797],[-96.59078800017033,32.877367000235445],[-96.59075200018532,
32.8773310000489],[-96.59073100026892,32.87731099993895],[-96.59072500042113,32.87728099976561],[-96.59069100008594,32.87718400026723],[-96.5906380003825,32.87707600019526],[-96.59057800010804,32.87698200012333],[-96.59049899956702,32.876891999993184],
[-96.59044900023662,32.87678699997732],[-96.59039800018299,32.87670899979876],[-96.59016899985413,32.876467000239565],[-96.58999200030212,32.87620600005556],[-96.5898700001034,32.87597299968724],[-96.58965900021619,32.87578799981344],[-96.58953799984238,
32.875678999902796],[-96.58938700022964,32.87555299980445],[-96.58921599962709,32.875483999908234],[-96.58899499969417,32.8754429999554],[-96.58893100012006,32.875410999850246],[-96.58884699955615,32.875380000138136],[-96.58881099957114,32.87536799980861],
[-96.5887860003551,32.87535699988236],[-96.58875299984481,32.875345000304115],[-96.58871799968472,32.875330999914034],[-96.5886819996997,32.87531399981452],[-96.58863400001914,32.875289000239256],[-96.5886109995546,32.8752740001889],[-96.58857899976755,
32.87525200031165],[-96.5885539996532,32.87523500019699],[-96.58851799966818,32.875203999668905],[-96.58850900034565,32.875192999722316],[-96.58849599992686,32.87517099982496],[-96.58849000007909,32.87515399969477],[-96.58848699970605,32.87513799996873],
[-96.58848800042925,32.87510199963142],[-96.58849299955382,32.87500299994876],[-96.58849699975178,32.874991999977226],[-96.5885040003228,32.874972999748735],[-96.58851400036853,32.87495099979685],[-96.58852799971392,32.874926999774445],[-96.58854100013271,
32.87489900036885],[-96.5885479998054,32.87487500033236],[-96.5885550003764,32.87485300035609],[-96.58855600020132,32.8748169999031],[-96.58855299982828,32.87479000011958],[-96.58855000035355,32.87477900012156],[-96.58855299982828,32.87466000012461],
[-96.58855000035355,32.87463600002348],[-96.5885469999805,32.87462700007816],[-96.58852799971392,32.8746079997715],[-96.58850299959956,32.87458299999709],[-96.58849299955382,32.87456900024107],[-96.5884830004064,32.87455800021568],[-96.58845800029205,
32.874529999939064],[-96.58842300013194,32.87449899991887],[-96.58839399981962,32.87447899992445],[-96.58835899965952,32.874460000340534],[-96.58831000015404,32.87443400010908],[-96.58828099984171,32.87442300006694],[-96.58824200038197,32.874414000099996],
[-96.58821899991742,32.87441299968446],[-96.58820300002391,32.874420999990534],[-96.58818299993243,32.874443000073995],[-96.588166000214,32.87445400011371],[-96.58814299974945,32.87446399973705],[-96.58812699985592,32.87447499977416],[-96.58810699976443,
32.87448599980985],[-96.58808699967295,32.87449699984416],[-96.58805499988591,32.87450999995164],[-96.58802800012171,32.8745180002489],[-96.58799200013672,32.87452500013121],[-96.58796000034967,32.87452799986506],[-96.58793000021242,32.87452399971697],
[-96.58789500005233,32.874520999982984],[-96.58786900011306,32.8745180002489],[-96.5878430001738,32.874512000026],[-96.58781399986147,32.87450300006814],[-96.58779700014304,32.874494999769475],[-96.5877529997621,32.874452999698626],[-96.58774299971635,
32.87444500014992],[-96.58772099997506,32.874427999880496],[-96.58770199970849,32.87441100036234],[-96.5876759997692,32.87438900027093],[-96.58766599972347,32.8743749997298],[-96.58765400002792,32.87435800020144],[-96.58764800018012,32.87434399965541],
[-96.5876320002866,32.87431600006568],[-96.58762300006576,32.87429699969236],[-96.58759700012651,32.87425300020198],[-96.58757799985993,32.87422999965375],[-96.5875689996391,32.87421399976096],[-96.58756000031659,32.87419399970224],[-96.58755299974557,
32.87418600013017],[-96.58754400042305,32.87416699972893],[-96.58753199982917,32.874136000336335],[-96.58752500015648,32.87411699992438],[-96.5875190003087,32.87409499976001],[-96.58751000008786,32.874067000091635],[-96.58750400024007,32.87404200016472],
[-96.5874919996462,32.874008999888225],[-96.58747900012573,32.873990000203534],[-96.58747599975268,32.873981000192636],[-96.58745700038442,32.87395600024146],[-96.58742200022431,32.87392599968713],[-96.58739000043727,32.873911000160625],[-96.58735799975192,
32.873897000298484],[-96.58734500023142,32.87389399978886],[-96.58732799961467,32.87388800027814],[-96.58729900020067,32.873879999924036],[-96.58726999988835,32.873873999657945],[-96.5872310004286,32.87386499963527],[-96.58721200016203,32.87386199987899],
[-96.58718200002481,32.87385600036617],[-96.58713400034424,32.87384700034166],[-96.58710500003191,32.87383800031625],[-96.58707599971959,32.87382900028997],[-96.58704999978033,32.87381800017271],[-96.5870270002141,32.873804000295884],[-96.58700799994755,
32.873793000175574],[-96.5869789996352,32.873768000171324],[-96.5869700003127,32.873755999623604],[-96.58694699984817,32.87373699988474],[-96.58691599988602,32.8736950002092],[-96.58690300036555,32.87367299994017],[-96.58689099977167,32.87364500013847],
[-96.58687800025119,32.87362600037581],[-96.58686200035767,32.873601000324534],[-96.58685300013683,32.87359000017898],[-96.58683399987027,32.87356500011755],[-96.58682399982452,32.87355100020078],[-96.58680499955794,32.8735280002249],[-96.58679600023544,
32.87351499997347],[-96.58678299981663,32.87350100004882],[-96.58672500009031,32.873452999966894],[-96.58671199967154,32.873445000327955],[-96.5866740000367,32.87342700019465],[-96.58664800009741,32.87342200032458],[-96.58661200011241,32.873420999897895],
[-96.58658899964787,32.87342599976797],[-96.58657000027961,32.87342599976797],[-96.58651099983005,32.87342799986683],[-96.58648099969285,32.8734329997365],[-96.5864649997993,32.873434999835204],[-96.5864360003853,32.87343999970448],[-96.58640600024809,
32.873445000327955],[-96.5863929998293,32.873445000327955],[-96.58637399956272,32.87344800009836],[-96.58632800043029,32.873450000196726],[-96.58630800033879,32.873446999671906],[-96.58628900007221,32.87344399990148],[-96.58626599960769,32.87343999970448],
[-96.58623700019369,32.873436999933816],[-96.58607399998706,32.873432000064376],[-96.58606099956828,32.873429000293434],[-96.58603800000205,32.87342599976797],[-96.58602499958326,32.87342599976797],[-96.586006000215,32.87342299999682],[-96.58598699994843,
32.873416999699806],[-96.58597400042794,32.87341100015687],[-96.58595099996342,32.8733999999878],[-96.5859350000699,32.87339399968918],[-96.58591599980332,32.87338600004492],[-96.58589599971184,32.87337999974539],[-96.58588599966608,32.87337400019995],
[-96.58586700029782,32.87336799989962],[-96.5858510004043,32.873360000253015],[-96.58583499961247,32.87335399995174],[-96.58581899971892,32.87334600030387],[-96.58580899967319,32.87334000000165],[-96.58577400041142,32.87332600004934],[-96.58575400031992,
32.87331999974575],[-96.58574099990112,32.873314000196196],[-96.58572500000761,32.8733079998918],[-96.5857090001141,32.87329699970994],[-96.58565100038776,32.87324999994627],[-96.58564200016694,32.87323800008289],[-96.58561299985462,32.87321299992215],
[-96.58561000037989,32.873194000066924],[-96.58560399963379,32.87317700031208],[-96.585597999786,32.873163000334046],[-96.58558199989247,32.873136000046806],[-96.58557000019691,32.87311599974489],[-96.58556000015118,32.87310199975721],[-96.58555699977812,
32.87309100030423],[-96.58554799955728,32.87307199966837],[-96.58553800040985,32.87304999999916],[-96.58553199966376,32.873031000108945],[-96.58552599981597,32.87301700010784],[-96.58551099974737,32.87297799987756],[-96.58550099970164,32.87296100008132],
[-96.58549499985384,32.872947000069175],[-96.5854920003791,32.87293399973256],[-96.58548900000606,32.87291999971614],[-96.58548300015826,32.87290400034136],[-96.58547999978524,32.87288699977644],[-96.58548099961013,32.87283999979545],[-96.58548800018114,
32.87282599976419],[-96.58549499985384,32.872815000276965],[-96.58551499994532,32.87278599977043],[-96.58552499999107,32.87277500027824],[-96.58553500003681,32.87275600032915],[-96.58554500008256,32.87274200028462],[-96.58555199975525,32.87271999977904],
[-96.58555599995321,32.87270599972882],[-96.58556299962589,32.872684999649344],[-96.58556900037199,32.87267100034811],[-96.58557900041774,32.8726550001739],[-96.58559299976312,32.87264699970847],[-96.5856120000297,32.87264100011342],[-96.58563200012118,
32.8726389999968],[-96.5856680001062,32.872631000284414],[-96.58568399999973,32.87262299981681],[-96.58570400009121,32.87261299998584],[-96.5857240001827,32.8725960001196],[-96.58573699970317,32.87259100020273],[-96.58574699974892,32.87258600028552],
[-96.58579000030494,32.87257799981387],[-96.58580600019847,32.87257799981387],[-96.585822000092,32.87257599969588],[-96.58583899981043,32.87257599969588],[-96.58585499970394,32.87257400033228],[-96.58587399997053,32.87257400033228],[-96.58590699958248,
32.872568999659684],[-96.58592000000128,32.87256599985954],[-96.5859429995675,32.872563999741224],[-96.58598199992556,32.872553999903595],[-96.58601799991057,32.87254600018354],[-96.58603200015428,32.87254100026379],[-96.58606099956828,32.87253299978813],
[-96.58607399998706,32.87252999998676],[-96.58608700040587,32.87252500006617],[-96.58609999992633,32.87252200026455],[-96.58613599991135,32.87251199966763],[-96.58616299967552,32.872503000261176],[-96.58625399991212,32.8724890001767],[-96.58626999980565,
32.8724890001767],[-96.58631300036167,32.87248200013363],[-96.5863650002402,32.872473999652655],[-96.58638500033169,32.87246899972884],[-96.58640100022521,32.87246700036283],[-96.5864210003167,32.87246100000112],[-96.58645999977645,32.87245600007662],
[-96.58647999986792,32.872451000151855],[-96.58652900027174,32.87244699991],[-96.586555000211,32.872441000301414],[-96.58657500030249,32.87243900018029],[-96.58659399967075,32.87243900018029],[-96.58661399976222,32.8724370000591],[-96.58662999965577,
32.8724370000591],[-96.5866460004476,32.87243499993795],[-96.58665899996807,32.87243499993795],[-96.58667599968652,32.87243200013327],[-96.58670199962577,32.872427000207146],[-96.58674099998385,32.87241099998891],[-96.58675400040265,32.8723980003282],
[-96.58676899957293,32.87238600034945],[-96.58677699996886,32.872377000175774],[-96.58678500036477,32.872356000018335],[-96.58675600005246,32.87225500016189],[-96.58673799961079,32.872241999723805],[-96.58672300044049,32.87223699978697],[-96.58671199967154,
32.87223499966124],[-96.58669599977799,32.87223699978697],[-96.58666300016603,32.87224800010035],[-96.58664999974724,32.87225300003657],[-96.58663399985373,32.8722559998473],[-96.58662100033324,32.87226099978306],[-96.58660799991445,32.87226400034801],
[-96.58659399967075,32.872269000283325],[-96.58658100015026,32.87227099965379],[-96.5865619998837,32.87227700002837],[-96.58652599989868,32.87228199996295],[-96.58650900018024,32.87228699989731],[-96.58645099955561,32.87229399995577],[-96.58638500033169,
32.87230100001368],[-96.58636199986714,32.87230699963173],[-96.58634000012584,32.87230899975585],[-96.5862740000036,32.872319000375605],[-96.58625800011008,32.872319000375605],[-96.58622499959982,32.87232400030787],[-96.58620600023156,32.87232299986875],
[-96.58616600004858,32.87232799980073],[-96.58613699973625,32.87232799980073],[-96.58612099984273,32.87232999992437],[-96.58606200029152,32.8723290002398],[-96.58604899987272,32.87232599967711],[-96.5860260003065,32.87232599967711],[-96.5860129998877,
32.87232299986875],[-96.58600000036722,32.87232299986875],[-96.58597799972759,32.872320000060284],[-96.58592599984905,32.87230800007105],[-96.58588700038932,32.87229100014632],[-96.58587700034357,32.872284999772695],[-96.58586499974969,32.872274000218354],
[-96.585858000077,32.87226599971859],[-96.5858430000084,32.8722269999124],[-96.58583700016061,32.872219000162836],[-96.5858239997418,32.87218599996222],[-96.58582100026707,32.87216900001416],[-96.585822000092,32.87212199965249],[-96.58582600028994,
32.8721060001337],[-96.58583299996265,32.87208700004124],[-96.58583999963533,32.87207599970784],[-96.58585300005413,32.87205399979147],[-96.58586599957461,32.87204300020848],[-96.58587599962034,32.87203800026041],[-96.58590300028283,32.87202199997197],
[-96.58590900013063,32.87201400020391],[-96.58592199965109,32.87200799981154],[-96.58593199969684,32.87200000004221],[-96.58593900026784,32.871992000272165],[-96.58596199983407,32.871975999975476],[-96.58596900040509,32.87196800020327],[-96.58597899955251,
32.87195999967585],[-96.5859919999713,32.87194900008118],[-96.58600200001705,32.87193799973071],[-96.58601600026073,32.87191900035668],[-96.58602200010854,32.87191099982483],[-96.58603200015428,32.87189699964687],[-96.58604899987272,32.87187800026412],
[-96.58606200029152,32.871861999946795],[-96.58607599963689,32.871847999761094],[-96.58608599968264,32.87184299980199],[-96.5861059997741,32.87182700023285],[-96.58614199975912,32.871805999945174],[-96.58615199980487,32.87179699971257],[-96.58616199985062,
32.871791999750634],[-96.5861679996984,32.87178399996183],[-96.58617799974414,32.871778999999165],[-96.58619799983563,32.87176199997302],[-96.58620799988137,32.87175700000911],[-96.58622499959982,32.87174099966997],[-96.58623499964555,32.87173299987655],
[-96.58624200021657,32.87171599984158],[-96.58624499969129,32.8717050002167],[-96.58624899988924,32.87169399983589],[-96.5862520002623,32.87168100007005],[-96.5862520002623,32.871666999855776],[-96.58625700028517,32.87161500001057],[-96.58625399991212,
32.871595999812826],[-96.58625100043739,32.8715870003134],[-96.58624100039164,32.871568000109725],[-96.58622600032302,32.871548000208534],[-96.5862039996834,32.87151499975821],[-96.58619100016293,32.871497999681445],[-96.58617500026942,32.87147099964164],
[-96.58616900042162,32.87146200012951],[-96.58615900037587,32.87145700014864],[-96.5861269996905,32.87144200020442],[-96.58611699964477,32.87143700022247],[-96.58610099975125,32.871430999791045],[-96.5860909997055,32.87142500011372],[-96.58607499981197,
32.87142000013075],[-96.58605899991845,32.871410999859016],[-96.58604300002493,32.87140500018027],[-96.5860270001314,32.8714020003408],[-96.5860139997126,32.87139700035653],[-96.58596500020712,32.87138800008247],[-96.58594900031359,32.871381999647674],
[-96.58593300042007,32.871378999807426],[-96.58590999995555,32.87137599996703],[-96.58587099959747,32.87137000028598],[-96.585822000092,32.8713610000091],[-96.58579299977968,32.87136000031362],[-96.58578000025919,32.87135699971812],[-96.58569900006836,
32.87135600002259],[-96.58568300017481,32.87135300018141],[-96.58565700023556,32.871346999744304],[-96.58564100034202,32.87134399990281],[-96.58560100015904,32.87133499962336],[-96.58559199993822,32.87132999963533],[-96.58557199984674,32.87132399995115],
[-96.58555599995321,32.87131300027758],[-96.58554000005968,32.87130100015205],[-96.58551099974737,32.87128400003425],[-96.58550200042484,32.87127600019959],[-96.58547599958727,32.871259000077075],[-96.58540899964012,32.87119999984824],[-96.58540299979234,
32.87119200000601],[-96.5853869998988,32.87118100031611],[-96.58536699980733,32.87116400017531],[-96.58535799958649,32.87115799972541],[-96.58530599970796,32.87112499988437],[-96.58525499965432,32.87110200003364],[-96.58523499956284,32.871099000183875],
[-96.58521600019458,32.871092999729576],[-96.58520299977579,32.871092999729576],[-96.58518000020956,32.871089999879544],[-96.58516699979077,32.87108700002936],[-96.58515400027031,32.87108700002936],[-96.58508899997297,32.87107499987325],[-96.58507599955418,
32.87107200002256],[-96.58505999966066,32.87107100032381],[-96.58503399972139,32.871064999867606],[-96.58500500030739,32.871059000165516],[-96.58498900041386,32.87105600031428],[-96.58495900027663,32.871047999704565],[-96.58493300033737,32.87104200000132],
[-96.58492400011653,32.871036000297664],[-96.58491099969774,32.87103299969115],[-96.58489800017726,32.87102799968613],[-96.58486200019225,32.87101299966934],[-96.58484299992567,32.87099900010408],[-96.58482399965911,32.87098499978206],[-96.58480500029086,
32.87096800035823],[-96.58479199987205,32.87095999974057],[-96.58477000013073,32.87093999970224],[-96.58474400019148,32.87092100011441],[-96.58469200031293,32.870886999729834],[-96.58467300004638,32.870873000144684],[-96.5846539997798,32.87086199966071],
[-96.58464399973404,32.87085599994482],[-96.58461500032004,32.87083899974176],[-96.58460199990125,32.8708330000243],[-96.58458600000773,32.87082500014897],[-96.58455699969542,32.870805000080246],[-96.58454099980187,32.87079700020237],[-96.58452900010633,
32.870785999708914],[-96.58451200038789,32.87077400026655],[-96.584499999794,32.87076299977026],[-96.58448700027353,32.8707549998886],[-96.58445200011343,32.870716000172266],[-96.58443299984685,32.870688000191244],[-96.58442000032638,32.87067399982017],
[-96.58441100010553,32.87066000020138],[-96.58439799968676,32.87064299996069],[-96.58438199979322,32.870627000175],[-96.5843659998997,32.87060700006155],[-96.58434699963314,32.87058799964785],[-96.58433800031061,32.87057900004611],[-96.58432800026488,
32.87056800028012],[-96.58431800021914,32.87056199978988],[-96.5843020003256,32.87054800015341],[-96.58428600043209,32.870536999629124],[-96.58427700021124,32.87052899972707],[-96.58426399979246,32.87052599985792],[-96.58424399970097,32.87051700024988],
[-96.58422799980744,32.87050599972174],[-96.58420900043919,32.870494999946686],[-96.58418000012688,32.87047799967436],[-96.58412200040054,32.870454999655784],[-96.58409300008823,32.870431999631265],[-96.58408700024044,32.87042399971975],[-96.58407700019471,
32.87041799997427],[-96.58406399977592,32.87040200014799],[-96.58405499955508,32.87039299977285],[-96.5840489997073,32.87038199998378],[-96.5840420000346,32.87037400006775],[-96.58403600018681,32.870359999647086],[-96.58402699996599,32.870340999934974],
[-96.58402399959294,32.87033000013946],[-96.58402399959294,32.87031900034256],[-96.58402100011821,32.87030999995907],[-96.58402299976802,32.8702279997758],[-96.58402600014108,32.87021100020678],[-96.58403000033904,32.870199999640676],[-96.58403700001173,
32.8701700000789],[-96.58403700001173,32.87015900026217],[-96.58404399968443,32.870136999870155],[-96.58405299990527,32.87011399976313],[-96.58405799992813,32.87009900034621],[-96.58407100034691,32.87007699993925],[-96.58408200021756,32.87005300010644],
[-96.58408800006535,32.87004500016072],[-96.58410499978379,32.87001999985419],[-96.58413200044627,32.869977000215776],[-96.58413599974593,32.8699660003751],[-96.58414199959373,32.86995799966708],[-96.58414599979167,32.869946999824045],[-96.58415300036268,
32.86993000020115],[-96.58414999998963,32.86991599971039],[-96.58415099981454,32.869886000052524],[-96.58414699961658,32.86987500020056],[-96.58414199959373,32.86984999984604],[-96.58412900007325,32.86983100002464],[-96.58411599965446,32.869822000346055],
[-96.58410300013396,32.8698170002727],[-96.58409300008823,32.86981099973164],[-96.58408100039267,32.86980499994468],[-96.58406399977592,32.86979999987041],[-96.58404500040766,32.86978800029457],[-96.58402600014108,32.86976899970537],[-96.5840200002933,
32.8697600000205],[-96.5840069998745,32.86974699997105],[-96.58399699982877,32.86973800028393],[-96.58398799960793,32.8697300003098],[-96.5839490001482,32.869712999890844],[-96.58392599968366,32.86970999999408],[-96.58390700031539,32.86970900027996],
[-96.58386700013241,32.869720000152526],[-96.5838510002389,32.869728000127566],[-96.58384100019316,32.86973300020589],[-96.58381500025388,32.86974600025735],[-96.5837950001624,32.86975400023004],[-96.58377900026888,32.8697600000205],[-96.58375900017738,
32.86976500009702],[-96.58374599975859,32.86977000017326],[-96.58371300014663,32.869778000143775],[-96.58368700020735,32.86978300021934],[-96.58367399978857,32.86978800029457],[-96.58365700007015,32.8697910001887],[-96.58364399965134,32.86979600026348],
[-96.58362799975782,32.86979799968971],[-96.58361500023734,32.86980400023165],[-96.58358900029808,32.86980900030569],[-96.58357500005437,32.869813999624995],[-96.58355300031306,32.86981899969847],[-96.58351999980279,32.869826999664575],[-96.5835070002823,
32.86983000031189],[-96.58348700019083,32.86983499962995],[-96.58346100025155,32.86983999970231],[-96.58334599972551,32.86985700009691],[-96.58333300020504,32.86985700009691],[-96.58331999978624,32.8698599999887],[-96.5832810003265,32.869859000276286],
[-96.58324500034149,32.86986099970111],[-96.58323199992269,32.86986400034723],[-96.58321900040222,32.86986400034723],[-96.58319299956463,32.869868999663424],[-96.58318000004415,32.869868999663424],[-96.58314400005915,32.86987599991279],[-96.58312599961748,
32.86987699962502],[-96.58310800007413,32.86988099998277],[-96.58308899980756,32.869886000052524],[-96.58307499956386,32.86988899994328],[-96.58305199999764,32.86989699990307],[-96.58303299973107,32.86990199997192],[-96.58297400017983,32.869917999888436],
[-96.58296099976104,32.86992000006639],[-96.58294800024058,32.869922999956046],[-96.58292499977604,32.86992500013394],[-96.5829080000576,32.86992800002337],[-96.58288899979104,32.86993300009048],[-96.58287600027055,32.86993300009048],[-96.58285600017906,
32.86993800015725],[-96.58284000028553,32.86994000033479],[-96.58282299966878,32.869943000223735],[-96.58280400030051,32.869944999646656],[-96.5827740001633,32.869946999824045],[-96.5826899995994,32.86994600011262],[-96.58263799972084,32.86993399980206],
[-96.58261500015463,32.86992899973501],[-96.58259599988806,32.869922999956046],[-96.58258599984231,32.86991700017667],[-96.58253399996379,32.869904999862136],[-96.58252100044331,32.86989999979352],[-96.58250499965146,32.86989699990307],[-96.5824789997122,
32.869891000121946],[-96.58246600019172,32.8698850003404],[-96.58245299977294,32.86988199969494],[-96.58243400040467,32.8698739997338],[-96.5824150001381,32.869867999951104],[-96.58240199971931,32.86986200016801],[-96.58235300021381,32.86983399991726],
[-96.58232800009945,32.8698170002727],[-96.5822960003124,32.869789000007785],[-96.58228000041888,32.86976899970537],[-96.58226700000009,32.86975299976197],[-96.58226399962705,32.86974400007548],[-96.5822610001523,32.869720000152526],[-96.58225199993147,
32.86969199985693],[-96.58224299971066,32.869670000103554],[-96.58222699981711,32.86963899989304],[-96.58221500012155,32.869614000226505],[-96.58220500007582,32.86959800025513],[-96.5821900000072,32.869572999822516],[-96.58217099974063,32.869545000235064],
[-96.58216400006793,32.86953700024351],[-96.58214499980134,32.86950599998651],[-96.582127000258,32.869477999623335],[-96.582119999687,32.86946500028711],[-96.58211100036449,32.8694529999114],[-96.5819640000514,32.86919599983835],[-96.5819570003787,
32.869184000180816],[-96.58194099958686,32.86915700019082],[-96.58193200026435,32.869143000332514],[-96.58189999957898,32.86908700012263],[-96.58189100025646,32.86906800013768],[-96.58188200003563,32.869047999672645],[-96.58187199998989,32.86902899967933],
[-96.58186600014209,32.869013000356915],[-96.58186299976904,32.869000999920104],[-96.58185699992127,32.86898499983812],[-96.5818510000735,32.86895999998719],[-96.58184799970043,32.86894399989781],[-96.5818450002257,32.868930000005825],[-96.58184600005062,
32.86891600011168],[-96.58184299967756,32.86889100024129],[-96.58184000020283,32.86886400016208],[-96.58183699982978,32.86884200020326],[-96.58183400035504,32.86883100022179],[-96.58183099998199,32.86881099970328],[-96.58182900033218,32.868795000341535],
[-96.58182900033218,32.86878400035423],[-96.58182299958608,32.86876200037557],[-96.58182299958608,32.86875099962963],[-96.5818169997383,32.86873399977744],[-96.58180800041578,32.86870099978882],[-96.5818019996697,32.86868699985847],[-96.58179199962395,
32.86867599985783],[-96.58177599973041,32.868664999855746],[-96.58176300020995,32.86865600005882],[-96.58173700027068,32.86865000019371],[-96.58172100037714,32.86864700026098],[-96.5816979999126,32.86864200012142],[-96.58168200001907,32.868639000188416],
[-96.58166100010268,32.868637999707715],[-96.58163699981324,32.868637999707715],[-96.58161099987397,32.86862599997466],[-96.58159499998045,32.86861499996638],[-96.5815849999347,32.86860100002251],[-96.58158199956166,32.86859000001113],[-96.58159499998045,
32.86858199993342],[-96.58160800039923,32.868579999725235],[-96.58162500011767,32.868573999854995],[-96.58163500016343,32.86856599977583],[-96.58163500016343,32.868553000305845],[-96.58163199979037,32.868535999661226],[-96.58164699985898,32.86851099968371],
[-96.5816760001713,32.868423000219785],[-96.58172100037714,32.86834399974357],[-96.5817749999055,32.868265999681896],[-96.58183299963183,32.86821700005296],[-96.5819220002186,32.86816999985995],[-96.58193999976194,32.86813899987957],[-96.58193700028721,
32.86812199991005],[-96.58190700014998,32.86811399979011],[-96.58184299967756,32.86810799988833],[-96.5817249996768,32.86812499986055],[-96.58168100019418,32.8681550001142],[-96.58161300042211,32.86825699984447],[-96.58157300023913,32.86827899994843],
[-96.58153899990394,32.86827399978811],[-96.58151899981247,32.86824599979043],[-96.58151899981247,32.868203999777336],[-96.58150499956875,32.86814699999724],[-96.5814850003756,32.868093000132035],[-96.58142099990316,32.868017999803676],[-96.58125199984877,
32.86786900020042],[-96.58109700003807,32.86772199981989],[-96.58109000036538,32.86770000033222],[-96.58108399961928,32.867689000209126],[-96.58107500029675,32.867658999797754],[-96.58106799972576,32.86764799966958],[-96.58105900040324,32.86761400029355],
[-96.58105299965715,32.86759499999298],[-96.58104699980936,32.86758399985681],[-96.58103799958853,32.8675559996413],[-96.58103500011379,32.867545000254815],[-96.58102800044111,32.867537000082834],[-96.58102199969501,32.86751799976576],[-96.58100999999944,
32.86750099967719],[-96.5810069996264,32.86749000028389],[-96.5809940001059,32.86747300018994],[-96.58097499983934,32.8674560000928],[-96.58096200031885,32.86744799991278],[-96.58094600042534,32.86743999973204],[-96.58092600033383,32.86743099981079],
[-96.58090700006727,32.86742199988862],[-96.58088799980071,32.867416999679925],[-96.58086799970921,32.86741399970554],[-96.58084900034095,32.86741599993997],[-96.5808319997242,32.86741899991435],[-96.58081300035593,32.86742100014872],[-96.5808030003102,
32.86742600035713],[-96.58077300017297,32.8674339997846],[-96.58075800010437,32.86744199996589],[-96.58073700018797,32.86744700017318],[-96.58072100029445,32.86745000014644],[-96.58070799987564,32.86745500035328],[-96.58068100011147,32.86745999980524],
[-96.58066199984488,32.86746500001146],[-96.58064199975341,32.86746799998417],[-96.58062900023293,32.86747000021745],[-96.58058700040014,32.867477999640954],[-96.58055999973764,32.86748299984615],[-96.58054700021717,32.867488000051125],[-96.58053399979838,
32.86749100002301],[-96.58051799990484,32.867493000255756],[-96.58049799981336,32.86749600022754],[-96.58047900044511,32.86750099967719],[-96.58046199982836,32.86750399964868],[-96.58040400010202,32.86750299990971],[-96.5803809996375,32.86749699996659],
[-96.58036800011702,32.86749699996659],[-96.58029000029923,32.86747900013474],[-96.58027400040568,32.8674760001624],[-96.58025799961385,32.86747000021745],[-96.58024199972031,32.8674640002721],[-96.58021599978106,32.8674560000928],[-96.58018999984178,
32.86744700017318],[-96.58017700032131,32.86744100022621],[-96.58015399985676,32.867433000044834],[-96.58014100033631,32.86743000007098],[-96.58013200011547,32.86742400012287],[-96.58011899969667,32.86741899991435],[-96.5800989996052,32.86740999999096],
[-96.58008299971166,32.86740400004155],[-96.58007400038916,32.86739899983184],[-96.58004799955157,32.86738699993112],[-96.58003500003109,32.86737899974488],[-96.5800219996123,32.86737299979331],[-96.58000900009183,32.86736500036034],[-96.5799930001983,
32.86735899965335],[-96.57997999977951,32.86734999972387],[-96.57996399988598,32.867342000288836],[-96.5799510003655,32.86733600033482],[-96.5799379999467,32.86732800014397],[-96.57992500042624,32.867322000188956],[-96.5799160002054,32.867316000233586],
[-96.5799029997866,32.86731100001897],[-96.57988400041835,32.86729900010629],[-96.57987099999954,32.86729399989072],[-96.57986099995381,32.867287999933396],[-96.57983500001454,32.867276999759206],[-96.57982199959577,32.86726799982141],[-96.57980900007529,
32.867263000358555],[-96.57979700037973,32.86725399966487],[-96.57977999976296,32.867247999704844],[-96.57977100044045,32.867240000260594],[-96.57974499960285,32.867229000080386],[-96.57973499955712,32.86722300011873],[-96.57972200003664,32.86721700015666],
[-96.57971299981581,32.8672119999364],[-96.57969299972433,32.86720299999201],[-96.57967699983081,32.8671970000286],[-96.57966400031032,32.8671940000467],[-96.57965099989153,32.86718899982522],[-96.579634999998,32.867185999843045],[-96.57961900010447,
32.86717999987849],[-96.57960300021095,32.86717699989602],[-96.57958700031743,32.86717099993084],[-96.5795220000201,32.86715899999927],[-96.57950899960132,32.867156000016095],[-96.57948299966203,32.867156000016095],[-96.57944699967703,32.86715300003283],
[-96.57943400015655,32.8671550002732],[-96.57934299991996,32.867153999775745],[-96.57931299978273,32.867156000016095],[-96.57929400041446,32.8671580002564],[-96.57928099999566,32.86716400022246],[-96.57926400027725,32.86716899969083],[-96.57923800033798,
32.86717999987849],[-96.57922499991918,32.86718800008268],[-96.57920800020074,32.86719600028616],[-96.57919499978195,32.867200999752775],[-96.57913500040581,32.867249000201234],[-96.57912199998702,32.867256999644674],[-96.57910899956822,32.867263000358555],
[-96.5790990004208,32.86727099980074],[-96.57908299962897,32.86728199997574],[-96.57907299958323,32.867290000170726],[-96.57905900023782,32.867298000365004],[-96.57904900019209,32.86730599980401],[-96.5790359997733,32.86731399999686],[-96.57901999987978,
32.86732500016652],[-96.57899999978828,32.867329999625866],[-96.57897399984903,32.86733799981652],[-96.5789510002828,32.86734000005267],[-96.57892799981828,32.86734000005267],[-96.57891500029778,32.867342000288836],[-96.5788469996274,32.86734099979349],
[-96.57883400010694,32.86733799981652],[-96.5788049997946,32.867329999625866],[-96.57879499974887,32.86731799971576],[-96.57878600042635,32.867310000277826],[-96.57877600038061,32.86729900010629],[-96.578725000327,32.867256999644674],[-96.57871500028124,
32.8672509996849],[-96.57870900043346,32.867243000240926],[-96.57869000016689,32.867226000099635],[-96.57868299959587,32.86721799989887],[-96.57867099990031,32.86720399973438],[-96.57866099985456,32.86719799977102],[-96.578613000174,32.867156000016095],
[-96.57859700028048,32.86714799980901],[-96.5785710003412,32.86713099964951],[-96.57856200012036,32.867121999696906],[-96.57854899970157,32.867118999712474],[-96.57853899965583,32.86711400024127],[-96.5785160000896,32.86711100025658],[-96.57850299967082,
32.867108000271784],[-96.57849000015035,32.86710200030194],[-96.57848099992951,32.86709600033169],[-96.57846099983803,32.86708800011919],[-96.57844199957144,32.867079000162214],[-96.57840599958642,32.86706499997583],[-96.57839700026393,32.867059000003024],
[-96.57837100032465,32.86704799980043],[-96.57836100027892,32.86704000033807],[-96.57833600016455,32.86702300015786],[-96.57832000027103,32.867014000194345],[-96.57829699980648,32.86699499976521],[-96.57828799958567,32.866982999809764],[-96.57827800043825,
32.866975000341604],[-96.57825900017167,32.866949999924],[-96.57824999995084,32.86693299972653],[-96.57824400010306,32.86691700002594],[-96.57823900008017,32.86689900007636],[-96.57823099968425,32.866881000123136],[-96.57822200036173,32.86686399991244],
[-96.57820899994294,32.866846999698495],[-96.57818700020165,32.86681399976211],[-96.57818100035387,32.86680300028359],[-96.57816799993508,32.86678600005795],[-96.57815899971423,32.86677799981749],[-96.57815200004156,32.866767000334505],[-96.57814299982071,
32.86675800034494],[-96.57813600014802,32.866747000105],[-96.57812699992718,32.86673599986364],[-96.57811699988143,32.8667219996231],[-96.57810500018589,32.86670800013485],[-96.57809199976708,32.86669199963912],[-96.57807599987356,32.86667200014719],
[-96.57806699965273,32.86666399989644],[-96.57804099971345,32.86663900014568],[-96.57803099966772,32.866633000144105],[-96.57801899997214,32.866624999889844],[-96.57800599955335,32.86661899988732],[-96.57796700009362,32.866594000123825],[-96.5779379997813,
32.86657900011147],[-96.57790900036728,32.86656499984616],[-96.57789900032155,32.86656000034368],[-96.57787699968195,32.86655100033311],[-96.57785099974267,32.866540000067495],[-96.57782800017644,32.866531000054906],[-96.57781499975765,32.86652800005048],
[-96.57779899986413,32.86652200004139],[-96.57778600034365,32.86651699978195],[-96.57776999955182,32.86651399977711],[-96.57775100018355,32.866507999767016],[-96.57770199977975,32.86649899975118],[-96.57767900021352,32.86649800000087],[-96.57766300032,
32.866494999995396],[-96.5776209995889,32.866494999995396],[-96.57759499964962,32.86649199998975],[-96.5775589996646,32.866488000233645],[-96.57754600014412,32.86648500022776],[-96.5775229996796,32.8664820002218],[-96.5775009999383,32.866479000215776],
[-96.57747800037207,32.866479000215776],[-96.57746499995328,32.866476000209595],[-96.57744200038707,32.866476000209595],[-96.57740600040205,32.86647199969822],[-96.57739299998325,32.86646899969181],[-96.57735699999826,32.866465999685296],[-96.57734100010472,
32.866462999678724],[-96.57731900036343,32.86645699966518],[-96.57725999991388,32.86644000012776],[-96.57725099969304,32.86643400011271],[-96.57722800012682,32.86642800009721],[-96.57719600033977,32.86641699981632],[-96.57717899972302,32.86641399980806],
[-96.57716700002744,32.86640799979124],[-96.57715399960865,32.86640499978268],[-96.57713699989021,32.86639899976526],[-96.57712400036975,32.86639400025343],[-96.57711500014891,32.866388000235276],[-96.57710199973012,32.86638200021672],[-96.57708900020965,
32.866373999939796],[-96.57707900016389,32.866367999920236],[-96.57706699957002,32.86635699963191],[-96.57705700042261,32.86635100036574],[-96.57703800015602,32.86633199979461],[-96.57702800011027,32.86632100025631],[-96.57702200026249,32.86631200022149],
[-96.5770089998437,32.86629599965431],[-96.57699700014814,32.86627900008602],[-96.5769870001024,32.866260000253945],[-96.57698399972934,32.866251000212934],[-96.57697500040683,32.866236999895776],[-96.57697200003379,32.86622600034575],[-96.57696199998804,
32.86620699974778],[-96.57696299981295,32.866177000344116],[-96.57678999956059,32.866132000087816],[-96.5751559999914,32.86596699970723],[-96.5751080003108,32.865963999683785],[-96.57507499980053,32.86596099966019],[-96.57504300001348,32.86595500036723],
[-96.57501299987626,32.865949000319375],[-96.57496199982262,32.86593700022239],[-96.57495199977689,32.86593100017331],[-96.57492900021067,32.86592299985571],[-96.57490300027139,32.865913999780496],[-96.57487099958603,32.86590199967883],[-96.57485200021776,
32.86589700013897],[-96.57482899975324,32.865891000087196],[-96.57481000038499,32.86588500003495],[-96.57476400035422,32.865872999929366],[-96.57473800041497,32.865866999875905],[-96.57471900014838,32.86587500019854],[-96.57468599963812,32.865866999875905],
[-96.57464700017836,32.865854999767876],[-96.5746210002391,32.865851999740585],[-96.57459500029982,32.86585099998299],[-96.5745590003148,32.86585400001031],[-96.57454599989602,32.86585600027998],[-96.57451999995676,32.86585600027998],[-96.57450700043627,
32.86585799979506],[-96.57449300019258,32.86585799979506],[-96.57446499970517,32.86585799979506],[-96.57442899972015,32.86586000006459],[-96.57441000035189,32.86585700003753],[-96.57438699988737,32.86585600027998],[-96.57437099999385,32.865853000252734],
[-96.57435099990235,32.865844999928086],[-96.5743249999631,32.86583599984496],[-96.57429300017604,32.865825000245145],[-96.57427999975724,32.86581900018848],[-96.57424799997018,32.86580799983201],[-96.5742349995514,32.865801999774206],[-96.57420899961214,
32.865795999716],[-96.5741929997186,32.86578999965733],[-96.57417699982508,32.8657869996279],[-96.57416400030459,32.86578400035285],[-96.57414699968784,32.86578100032316],[-96.57407600044105,32.86576900020345],[-96.57401100014371,32.865763000143005],
[-96.57394599984639,32.86576199962985],[-96.57389399996786,32.8657660001733],[-96.57387100040164,32.86577099972049],[-96.57385100031016,32.8657790000518],[-96.57382100017293,32.86580100001605],[-96.57380500027939,32.86580300028691],[-96.57378799966266,
32.86580900034464],[-96.5737559998756,32.8658139998894],[-96.57374300035512,32.86581900018848],[-96.57371599969262,32.86582399973268],[-96.57370300017215,32.865829000031205],[-96.57368700027862,32.865832000059214],[-96.57367399985984,32.86583700035728],
[-96.57366100033936,32.86583999963052],[-96.57364799992055,32.865844999928086],[-96.57363399967686,32.86584799995561],[-96.5736150003086,32.865853000252734],[-96.57358199979832,32.86586300009161],[-96.57356199970684,32.86586799963333],[-96.5735459998133,
32.865870999660075],[-96.57349700030782,32.865887000303935],[-96.57347999969107,32.86588899981831],[-96.57345399975182,32.86590000016474],[-96.57344399970607,32.86590499970438],[-96.57342799981254,32.86590999999834],[-96.57341500029206,32.86591600004882],
[-96.57339799967531,32.86592400036705],[-96.5733619996903,32.86593700022239],[-96.57332900007833,32.86595300009984],[-96.57331300018481,32.865957999636485],[-96.57329599956806,32.86596599995093],[-96.57328300004758,32.86597400026465],[-96.57325000043562,
32.86599000013537],[-96.57323399964379,32.86599499966999],[-96.57321699992535,32.86600299998109],[-96.57320100003182,32.86601400031337],[-96.5731509998031,32.86603799973029],[-96.57313200043484,32.86604900005823],[-96.57311499981809,32.866058999875015],
[-96.57300000019036,32.86612399978835],[-96.5729800000989,32.86613400035121],[-96.57296400020535,32.866141999895234],[-96.5729469995886,32.86615300021028],[-96.57292099964934,32.866169000048714],[-96.5729109996036,32.866174000327725],[-96.5728970002582,
32.86618499988426],[-96.57287799999163,32.866196000193966],[-96.57286399974794,32.86620399973239],[-96.57285399970219,32.866212000024646],[-96.57284100018171,32.8662170003013],[-96.57281500024243,32.866233000128176],[-96.5728050001967,32.86623900015682],
[-96.5727919997779,32.866246999691356],[-96.57277500005947,32.86625499997973],[-96.57276199964069,32.866263000267374],[-96.57272900002872,32.86627900008602],[-96.57268600037101,32.86630600019773],[-96.57267299995222,32.86631699973789],[-96.5726570000587,
32.86632500001995],[-96.57263000029452,32.86634600009671],[-96.5726229997235,32.866354000376155],[-96.57261299967777,32.86636199990031],[-96.57260699982997,32.86637000017831],[-96.57259699978422,32.866379000207246],[-96.57255699960126,32.86642700034615],
[-96.57254699955551,32.86644099987871],[-96.57253999988282,32.86645200015668],[-96.57252999983707,32.866462999678724],[-96.5725230001644,32.8664739999539],[-96.57251300011865,32.8664820002218],[-96.57250300007291,32.866492999740125],[-96.5724960004002,
32.866503000261375],[-96.57248600035447,32.86651399977711],[-96.57247600030873,32.86652200004139],[-96.57246999956263,32.866531000054906],[-96.5724460001715,32.86655200008283],[-96.5724329997527,32.866563000347014],[-96.57240599998852,32.866593000374586],
[-96.57240000014075,32.86660099987725],[-96.57239299956973,32.866612000135305],[-96.57237300037657,32.86663600014492],[-96.57236300033082,32.866652999644835],[-96.57235599975981,32.866669000147596],[-96.57234599971406,32.86668299964195],[-96.57233900004137,
32.86669600014063],[-96.57232599962258,32.86671299962898],[-96.5723189999499,32.866720999875305],[-96.57230600042942,32.866734000368346],[-96.57229200018573,32.86674799985251],[-96.57225899967543,32.86677499982142],[-96.57224899962969,32.86678000006631],
[-96.57221299964468,32.86702499964663],[-96.57211399991047,32.867366999841394],[-96.57207100025278,32.86762099996642],[-96.57197900019126,32.86809099991288],[-96.5719259995895,32.86825600011399],[-96.57188899977959,32.868312999824006],[-96.5718629998403,
32.868354999785474],[-96.5717769996266,32.86840900024559],[-96.57168200009033,32.86842000027944],[-96.57165199995312,32.86842000027944],[-96.57161799961793,32.86841599985571],[-96.5715459996479,32.868410999703116],[-96.57146600018027,32.868393999785745],
[-96.57138099979147,32.868378000348756],[-96.57133399993579,32.868364000367414],[-96.57131100036958,32.86833900034144],[-96.57130600034671,32.86829599988785],[-96.57132300006514,32.86818399987188],[-96.57138499998943,32.8679639998599],[-96.57147200002805,
32.86772499978393],[-96.5716079995722,32.86738499969598],[-96.57175300023546,32.86699400002049],[-96.57178599984742,32.86685199993928],[-96.57178099982454,32.866834999723075],[-96.57176199955796,32.86684399970476],[-96.57174599966444,32.86685199993928],
[-96.57171600042554,32.86686799965164],[-96.5716999996337,32.86688199986912],[-96.57168999958795,32.86688700010793],[-96.57167700006748,32.86689800033057],[-96.57166299982377,32.86690599980567],[-96.57165000030331,32.866908000051616],[-96.5716079995722,
32.866908000051616],[-96.57159500005172,32.866905000059944],[-96.57158199963291,32.86690400031421],[-96.57156900011243,32.86690100032247],[-96.57153300012742,32.866895000338566],[-96.57145600013453,32.86687500013794],[-96.57143299967,32.86686900015226],
[-96.57140099988294,32.86686000017306],[-96.57138800036249,32.866854999932734],[-96.57137099974572,32.86685199993928],[-96.57135900005015,32.866845999952105],[-96.57134200033171,32.8668429999584],[-96.5713130000194,32.86683199972895],[-96.57129999960061,
32.86682599974043],[-96.5712910002781,32.866815000263394],[-96.5712779998593,32.86680900027366],[-96.57125500029308,32.86679800004005],[-96.57121299956196,32.86678099981345],[-96.57119699966844,32.86677199982531],[-96.57118099977491,32.866764000338115],
[-96.5711649998814,32.86675500034826],[-96.57114899998786,32.866747000105],[-96.57113599956908,32.86674100011068],[-96.5711230000486,32.86673200011848],[-96.57111399982776,32.86672699987093],[-96.57110399978203,32.866720999875305],[-96.57107799984276,
32.866709999630714],[-96.57106500032228,32.86670099963538],[-96.5710519999035,32.86669600014063],[-96.57103600000995,32.866687000143855],[-96.57102299959116,32.86667899989446],[-96.57100699969766,32.86667299989554],[-96.57099099980412,32.86666399989644],
[-96.57097800028365,32.866655999644976],[-96.57096499986486,32.86664999964455],[-96.57094599959828,32.86663900014568],[-96.570919999659,32.8666219998886],[-96.57090399976549,32.866613999633344],[-96.57089500044296,32.86660499962826],[-96.57088200002418,
32.86659899962438],[-96.57087199997844,32.866594000123825],[-96.57085899955966,32.86658500011671],[-96.5708269997726,32.86656799984926],[-96.57081400025211,32.86656000034368],[-96.5707980003586,32.86655100033311],[-96.57077200041932,32.866540000067495],
[-96.5707630001985,32.86653199980483],[-96.57074999977971,32.866525999795954],[-96.57072999968821,32.866515000281716],[-96.57070100027421,32.86650000025602],[-96.57068899968034,32.86649199998975],[-96.57067600015985,32.86648599997823],[-96.57065000022058,
32.86646899969181],[-96.57063400032706,32.86646100017729],[-96.57062099990827,32.86645200015668],[-96.5706080003878,32.86644699989329],[-96.57059199959595,32.86643799987125],[-96.57057900007548,32.866430000353944],[-96.57054700028843,32.86641300005679],
[-96.5705310003949,32.866407000039914],[-96.57051499960306,32.86639899976526],[-96.57049899970954,32.866392999747454],[-96.57047899961805,32.866386999729166],[-96.57046299972453,32.866379000207246],[-96.57044400035626,32.86637300018807],[-96.57038200043199,
32.86634999985928],[-96.5703559995944,32.8663409998274],[-96.57033399985309,32.866333000301275],[-96.57030799991382,32.866324000267674],[-96.5702850003476,32.86631800024478],[-96.57026299970799,32.866309000209654],[-96.57024000014177,32.86630399993826],
[-96.57018200041543,32.86628599986425],[-96.57016499979868,32.866282999851556],[-96.57014899990517,32.86627699982588],[-96.57013300001164,32.86627399981287],[-96.57005500019383,32.866251000212934],[-96.57003299955421,32.86624299992421],[-96.57000999998799,
32.866236999895776],[-96.56997099962993,32.86622000031617],[-96.56994899988861,32.8662110002711],[-96.5699329999951,32.86620299997877],[-96.56989399963705,32.86618499988426],[-96.56987799974351,32.866174000327725],[-96.56986199984999,32.86616600003205],
[-96.56983000006294,32.866142999649554],[-96.56979099970488,32.86612099977021],[-96.56976899996356,32.8661089996965],[-96.56974600039734,32.86609500011153],[-96.56971999955975,32.86608399978928],[-96.56966199983344,32.86605500009933],[-96.56963300041944,
32.86604399977213],[-96.56960699958185,32.86603499970925],[-96.56958800021359,32.86602700015552],[-96.56953299996202,32.866003999736975],[-96.56947799971043,32.86597800004399],[-96.56941400013632,32.86594199975999],[-96.56934600036426,32.86590499970438],
[-96.56928199989184,32.86586799963333],[-96.56921099974673,32.865834000329386],[-96.56914299997467,32.86580499980318],[-96.56908199987531,32.86578299983994],[-96.56904599989029,32.865764999660186],[-96.569016999578,32.86574599971799],[-96.56899200036196,
32.865720999708444],[-96.56896999972231,32.86568500007466],[-96.56895800002675,32.865645999637444],[-96.56894899980593,32.865606999937704],[-96.56893999958508,32.865577000331065],[-96.5689270000646,32.86555500031126],[-96.56891100017108,32.86554099988428],
[-96.56889199990451,32.8655319997703],[-96.56887199981304,32.865528999732135],[-96.56884300039903,32.865528999732135],[-96.56879099962217,32.86553300028604],[-96.56876200020817,32.86552700020964],[-96.56873600026891,32.86551899985559],[-96.56871000032963,
32.86550500017743],[-96.56868100001732,32.8654819996235],[-96.56865900027601,32.86546300037522],[-96.56864000000942,32.86544299985157],[-96.56862400011592,32.86542399984038],[-96.56861099969711,32.86540100002],[-96.5686020003746,32.86538199999982],
[-96.56858999978071,32.86534900027277],[-96.568587000306,32.86533199976844],[-96.56858099955988,32.86531599977894],[-96.56857499971211,32.86527999998076],[-96.5685660003896,32.86524700021582],[-96.5685529999708,32.865224000349464],[-96.56853999955202,
32.86521299991924],[-96.56852799985644,32.86520500029136],[-96.56851100013802,32.86519600014333],[-96.56849900044243,32.865187999759435],[-96.56848199982569,32.86518199965962],[-96.56846000008437,32.865174000029015],[-96.56844400019087,32.86516799992832],
[-96.56842400009936,32.86515899977648],[-96.56840200035806,32.86515299967471],[-96.56833399968768,32.86512800025254],[-96.56829500022795,32.86510999993983],[-96.56825599986988,32.86509099985731],[-96.56822400008284,32.86507100000432],[-96.56819200029578,
32.86504800009239],[-96.56815700013567,32.86501999983064],[-96.56811500030288,32.86498399991228],[-96.56810899955678,32.864976000263816],[-96.56809900040935,32.864970000149654],[-96.56808699981548,32.86495899968793],[-96.56807099992194,32.86494799997933],
[-96.56805099983046,32.8649359997469],[-96.5680319995639,32.86492800009409],[-96.5680190000434,32.86492199997675],[-96.56800599962462,32.86491400032268],[-96.56797700021062,32.864888000310074],[-96.56795799994404,32.864860999766634],[-96.56794299987543,
32.86483000013854],[-96.56793000035495,32.86480199980795],[-96.56792399960885,32.86478299965944],[-96.56792500033208,32.864755999838536],[-96.56792799980683,32.864745000104755],[-96.56793899967747,32.864719999813026],[-96.56794500042358,32.86471200014073],
[-96.56799200027923,32.86467099973384],[-96.56800499979971,32.86465499962513],[-96.56801599967037,32.86463099983396],[-96.56802599971611,32.864617000015606],[-96.56803300028712,32.8646030001951],[-96.56805199965537,32.8645949997577],[-96.56807199974686,
32.86459799982745],[-96.56808799964038,32.864603999966775],[-96.56810100005917,32.86461300017487],[-96.56811699995272,32.86462099985616],[-96.56813299984623,32.86462699999386],[-96.56815899978548,32.86462699999386],[-96.56818200025003,32.86461900031318],
[-96.56820200034151,32.864609000334035],[-96.56821499986201,32.8646030001951],[-96.56822499990774,32.86458400000396],[-96.56821900005997,32.86457600031933],[-96.56819300012069,32.86455600035026],[-96.56818399989987,32.86454199976552],[-96.56817700022715,
32.864531000005194],[-96.5681450004401,32.86450599965314],[-96.56813899969401,32.86449799996155],[-96.56811699995272,32.86447799997482],[-96.56811000028,32.8644700002807],[-96.56810100005917,32.86446400013237],[-96.56807799959464,32.86445599968243],
[-96.5680390001349,32.86444700021284],[-96.56802300024137,32.8644459996849],[-96.56800999982258,32.86445499990909],[-96.5679899997311,32.864467999979766],[-96.56796999963962,32.86447599967413],[-96.5679410002256,32.86447499990101],[-96.56791799976108,
32.86446400013237],[-96.56789299964672,32.86444700021284],[-96.5678569996617,32.8644189997614],[-96.56783800029346,32.8644110000619],[-96.56782200039991,32.86439899975686],[-96.56781599965383,32.86439100005561],[-96.56780899998112,32.86438000027657],
[-96.5677999997603,32.86435499988194],[-96.56779700028557,32.86434100002002],[-96.56779800011049,32.86432199977274],[-96.5677849996917,32.86429700011633],[-96.5677560002777,32.864274999778985],[-96.56774000038415,32.864263000210045],[-96.56772399959232,
32.86424700002774],[-96.56770799969878,32.86423300014882],[-96.56769600000322,32.8642100000195],[-96.56768599995749,32.864199000218],[-96.5676800001097,32.86418500033152],[-96.56766400021617,32.86415800032855],[-96.56764900014757,32.8641329998713],
[-96.56763599972878,32.8641080001616],[-96.56762700040625,32.86408599977737],[-96.56761800018542,32.864057999966455],[-96.56761200033763,32.86403000014671],[-96.56760599959154,32.86397500025944],[-96.56760800013969,32.863922999676134],[-96.56761099961442,
32.86390100000057],[-96.56761900001034,32.863843999718306],[-96.56763300025402,32.863794000128884],[-96.56764400012469,32.86374200019402],[-96.56764800032265,32.86369799999316],[-96.56765199962229,32.86367900036269],[-96.56764400012469,32.8636189998349],
[-96.56763699955367,32.863601999753456],[-96.5676309997059,32.863590999876536],[-96.56761800018542,32.863573999789736],[-96.56760499976664,32.86357099968528],[-96.56758200020042,32.86358200031924],[-96.56755600026113,32.86359799986695],[-96.56753299979661,
32.863611000063294],[-96.56748000009316,32.86364600000194],[-96.56745400015389,32.863662000292685],[-96.5674340000624,32.863670000059734],[-96.56741700034397,32.863677999826024],[-96.56739800007739,32.863686000346135],[-96.56737499961287,32.86369400011098],
[-96.5673550004197,32.863698999775025],[-96.56734200000089,32.86370499997511],[-96.56730299964283,32.86371199995652],[-96.56728599992441,32.86371199995652],[-96.56724400009162,32.863702999656915],[-96.5672220003503,32.863691999792536],[-96.56720200025882,
32.863680000144775],[-96.56717399977141,32.863660999755886],[-96.56716100025092,32.86365200020562],[-96.56712199989288,32.8636350001305],[-96.56709599995361,32.86362899992569],[-96.56702099961053,32.86362800014302],[-96.56700800009006,32.86363100024554],
[-96.56698200015079,32.86362800014302],[-96.56695600021152,32.86362700036034],[-96.56693000027225,32.86362400025769],[-96.56690099995993,32.86361800005212],[-96.56686800034797,32.863608999742986],[-96.56680399987555,32.8635860002064],[-96.56675500037007,
32.863563999692744],[-96.56673299973043,32.8635550001327],[-96.56671400036218,32.863544000249966],[-96.56669699974543,32.86353199982755],[-96.56667500000412,32.86351799983577],[-96.5666530002628,32.86350099973491],[-96.56659200016344,32.86344000005653],
[-96.56656299985113,32.86340700036144],[-96.56655399963029,32.86339300034994],[-96.56654399958455,32.86338199969254],[-96.56653199988898,32.86337000000277],[-96.56651900036852,32.86335599998542],[-96.56650000010193,32.86334500007801],[-96.56646800031487,
32.86332300025908],[-96.56645099969815,32.86331399992],[-96.5664130000633,32.86329699978009],[-96.56639700016977,32.86329100030692],[-96.56637700007829,32.86328599986536],[-96.56636100018476,32.86327999963692],[-96.5663419999182,32.86327100004801],
[-96.56632199982671,32.863264999818554],[-96.56630299956012,32.863257000015025],[-96.56627999999391,32.86324600009534],[-96.5662580002526,32.86323100027126],[-96.56619999962795,32.86318100033626],[-96.56617500041192,32.86316100005254],[-96.5661519999474,
32.86314200030704],[-96.56612699983303,32.863125000134154],[-96.56610400026682,32.86310799995797],[-96.56608500000024,32.86309099977857],[-96.56606599973367,32.8630799998383],[-96.56604999984015,32.86306599977516],[-96.56602999974866,32.86305199970977],
[-96.56600800000736,32.863037999642216],[-96.56598500044113,32.86302100020392],[-96.56596000032678,32.863004000007855],[-96.56593699986225,32.86298699980853],[-96.56591199974787,32.86297000036051],[-96.56588300033387,32.862953000154604],[-96.56585700039462,
32.86293699973597],[-96.5658280000823,32.86292199985965],[-96.56579899976997,32.86290499964459],[-96.56577000035597,32.86289100030836],[-96.56573500019587,32.86287099995924],[-96.56570599988356,32.86285699986308],[-96.5656799999443,32.86283999963557],
[-96.56562800006576,32.86281200018584],[-96.56560899979918,32.86280299979492],[-96.56559000043092,32.86279800008036],[-96.56556699996639,32.86279499994972],[-96.56551199971479,32.86279400015765],[-96.56547900010284,32.86279599974178],[-96.56542399985125,
32.86279000023471],[-96.56540799995773,32.86278700010374],[-96.56539500043725,32.86278099984155],[-96.5653779998205,32.86277500033352],[-96.56536600012494,32.86276699973123],[-96.56533400033788,32.86274399997629],[-96.5653080003986,32.86272999986007],
[-96.56526900004054,32.86270200037563],[-96.56524999977398,32.86269099963253],[-96.56523399988046,32.86267899984932],[-96.56521499961389,32.86266799985794],[-96.56520200009341,32.862656999865195],[-96.5651889996746,32.862642999735236],[-96.56518000035209,
32.86262900035771],[-96.56517399960599,32.862612000086436],[-96.56517100013127,32.86259600036085],[-96.56517399960599,32.862579000083315],[-96.565181000177,32.862557999869125],[-96.56517199995618,32.86253000033038],[-96.56515600006264,32.862524000050755],
[-96.56514299964385,32.86253000033038],[-96.56512599992543,32.862538000199486],[-96.56511300040493,32.86254799965758],[-96.5651030003592,32.86255899966385],[-96.56509300031345,32.86256700028491],[-96.56508300026772,32.86257800028882],[-96.56505700032844,
32.86259400001766],[-96.56503999971169,32.86260199988099],[-96.56501700014547,32.862612999880554],[-96.56500100025195,32.86261800036012],[-96.56496799974165,32.86263099994554],[-96.56494199980241,32.86263899980554],[-96.56491099984028,32.862648000213106],
[-96.56489599977165,32.862652000142404],[-96.56487900005322,32.862656999865195],[-96.56481600030403,32.86264500007734],[-96.56478500034189,32.86264199994146],[-96.56476199987735,32.86263899980554],[-96.56474599998381,32.86263300028785],[-96.5647300000903,
32.862630000151626],[-96.5647169996715,32.86262499967273],[-96.56470099977798,32.862622000290756],[-96.5646880002575,32.86261900015417],[-96.56467700038685,32.86261399967465],[-96.56464600042472,32.862609999743654],[-96.56457699992941,32.8626089999495],
[-96.56455500018811,32.86261100029232],[-96.56450199958634,32.862620999742234],[-96.56447599964709,32.86262900035771],[-96.5644499997078,32.86263400008173],[-96.5643850003088,32.86264400028358],[-96.56433599990501,32.862642999735236],[-96.56432000001146,
32.86263199973939],[-96.56432000001146,32.862620999742234],[-96.56432300038452,32.862609999743654],[-96.5643369997299,32.86259400001766],[-96.56434699977564,32.8625860001536],[-96.56436299966919,32.86258099967229],[-96.56437600008798,32.862575000150684],
[-96.56440899969994,32.86255899966385],[-96.56442200011873,32.86255399993553],[-96.56444600040817,32.86253500005999],[-96.56445599955559,32.86251600018038],[-96.56445899992865,32.86250200002822],[-96.56445599955559,32.862488999669324],[-96.56444300003513,
32.862491000014884],[-96.56439700000436,32.86250100023286],[-96.56434900032379,32.86250100023286],[-96.56431900018656,32.8624980000921],[-96.56430300029304,32.8624999996829],[-96.56428300020156,32.86250800030929],[-96.56426399993498,32.86251600018038],
[-96.56424700021654,32.862524000050755],[-96.564223999752,32.862531999920456],[-96.56420799985848,32.86253400026499],[-96.56415599997993,32.862535999854984],[-96.56414299956116,32.86253299971547],[-96.56412599984272,32.86253299971547],[-96.56401500041297,
32.86255000000182],[-96.56397600005488,32.86256100000784],[-96.5639559999634,32.86256300035173],[-96.56393300039718,32.862568000079534],[-96.56390400008488,32.86257100021792],[-96.56387499977254,32.862575999945214],[-96.56384499963532,32.86257800028882],
[-96.56381299984827,32.86258300001572],[-96.56374699972602,32.8625989997437],[-96.56371800031202,32.862605999812416],[-96.56368499980175,32.86261100029232],[-96.56365499966451,32.86261900015417],[-96.56361299983172,32.86262700001524],[-96.56359299974024,
32.86262600022128],[-96.56354400023476,32.86263400008173],[-96.56352199959514,32.862634999875596],[-96.56349499983095,32.86263599966946],[-96.56346600041695,32.86262399987877],[-96.56344999962512,32.862612999880554],[-96.56343399973159,32.86260500001821],
[-96.56339500027184,32.86260400022401],[-96.56337900037832,32.862612000086436],[-96.5633650001346,32.86262300008477],[-96.56335199971582,32.86263400008173],[-96.56334199967007,32.86263899980554],[-96.56332900014961,32.86264999980052],[-96.56331599973082,
32.8626579996588],[-96.56330599968507,32.86266300013577],[-96.5632799997458,32.862674000127775],[-96.56324999960856,32.8626840003251],[-96.56323700008808,32.8626840003251],[-96.56320799977577,32.86268599991171],[-96.56319100005733,32.86268299977721],
[-96.56314300037675,32.86268299977721],[-96.56309700034599,32.86268999983934],[-96.56307999972924,32.862695000314496],[-96.56305100031526,32.86271100002224],[-96.56303399969849,32.862718999875064],[-96.56301100013228,32.86272999986007],[-96.56298799966774,
32.862740999843766],[-96.56296199972847,32.862757000297826],[-96.56294500001005,32.86276800027811],[-96.56290900002503,32.86279700028833],[-96.56286299999428,32.86282099982129],[-96.56282700000926,32.8628319997937],[-96.56279100002425,32.86284199997322],
[-96.5627380003208,32.86285500028032],[-96.56270200033579,32.86286499970274],[-96.56265899977979,32.862881000134365],[-96.56262600016782,32.862896999808534],[-96.56257400028927,32.86292899990285],[-96.56254699962678,32.8629429999876],[-96.56251400001483,
32.862956000279965],[-96.5624980001213,32.86296099998561],[-96.56247200018203,32.86296899981585],[-96.56245499956526,32.86297199994066],[-96.56242899962601,32.86297100015059],[-96.56240299968674,32.86296499990079],[-96.56238400031847,32.862947999693986],
[-96.56237500009765,32.86293699973597],[-96.56236900024986,32.86292400019539],[-96.56236300040207,32.86288199992545],[-96.56237799957238,32.8628109996394],[-96.56237799957238,32.86277500033352],[-96.56237500009765,32.86276400035405],[-96.56236900024986,
32.86273399978572],[-96.56235400018124,32.86270899968167],[-96.56234099976245,32.86271100002224],[-96.56232400004403,32.86272500014145],[-96.56230700032559,32.86275499995825],[-96.56229999975457,32.86276299980705],[-96.56228999970884,32.86277399978667],
[-96.56228100038632,32.86277900025709],[-96.56226799996752,32.8627760001258],[-96.56225799992178,32.862765000146446],[-96.56224200002826,32.86274600031611],[-96.56222899960947,32.86274300018365],[-96.56221600008898,32.86274799990131],[-96.56220900041629,
32.86276400035405],[-96.56220100002037,32.862849000022734],[-96.56220000019547,32.86287099995924],[-96.56220299967019,32.86289900014491],[-96.56220199984529,32.862939999861865],[-96.5621950001726,32.86295399994487],[-96.5621890003248,32.86296199977579],
[-96.56216199966232,32.86296700023562],[-96.56214599976879,32.86296099998561],[-96.56210999978379,32.86297199994066],[-96.56208700021757,32.86298800035298],[-96.56205700008033,32.8630089997108],[-96.5620410001868,32.8630199996599],[-96.56202399957006,
32.86303399973028],[-96.56200400037687,32.863043999887026],[-96.56198099991235,32.86304900034224],[-96.56196800039186,32.863054999831775],[-96.56190300009455,32.86307599992829],[-96.56188600037609,32.863083999748156],[-96.56186299991157,32.86308900020111],
[-96.56184399964498,32.86309700001985],[-96.56182100007877,32.86310499983781],[-96.5617940003146,32.863112999655044],[-96.56176500000228,32.863119999683185],[-96.56169300003225,32.863143999883306],[-96.56166299989503,32.86315400002765],[-96.56161100001648,
32.86317599988844],[-96.56158799955195,32.86318399969934],[-96.56156499998573,32.86319399983917],[-96.56154200041952,32.86320199964838],[-96.56151499975702,32.86320700009468],[-96.56148899981775,32.86321499990272],[-96.5614629998785,32.86322000034834],
[-96.56144000031227,32.863221999922864],[-96.56138099986272,32.86322999972955],[-96.56135900012143,32.86322899994239],[-96.56127999958038,32.863239000077144],[-96.56124399959536,32.86324399976678],[-96.56120799961036,32.86325200032606],[-96.56118500004413,
32.863260000130104],[-96.56115900010488,32.86326799993336],[-96.56114599968608,32.8632700002613],[-96.56111300007413,32.86328100017803],[-96.56106399967032,32.863293999666276],[-96.5610410001041,32.863299000107446],[-96.56101500016484,32.863306999907195],
[-96.56091700025553,32.86333299962867],[-96.56089700016406,32.8633349999552],[-96.56087700007257,32.86333999963942],[-96.56085399960803,32.863342999751694],[-96.56083199986672,32.86334500007801],[-96.56081199977524,32.86334500007801],[-96.56077900016328,
32.8633469996497],[-96.56074999985097,32.86334899997587],[-96.56072399991169,32.86335200008782],[-96.56069100029973,32.86335599998542],[-96.56067799988094,32.86335900009709],[-96.56066199998742,32.8633620002087],[-96.56061000010888,32.86336900021718],
[-96.5605900000174,32.863373999899565],[-96.56054700035969,32.86337900033617],[-96.56052800009311,32.863384000017966],[-96.56050800000162,32.86338700012869],[-96.56045899959781,32.863394000135244],[-96.56041699976502,32.863401999926424],[-96.56037099973427,
32.86340599982171],[-96.56033499974927,32.86340899993174],[-96.56031600038101,32.8634080001466],[-96.56026299977925,32.8634080001466],[-96.56022799961916,32.86340700036144],[-96.5602109999007,32.8634040002514],[-96.56019199963414,32.86339800003089],
[-96.56015999984709,32.863384000017966],[-96.56014999980135,32.86337799979611],[-96.5601339999078,32.86337000000277],[-96.5601180000143,32.86336099966847],[-96.56009899974771,32.8633469996497],[-96.56008899970197,32.86334199996581],[-96.56007899965624,
32.86333299962867],[-96.56005000024223,32.86331399992],[-96.56004100002139,32.86330200022103],[-96.56002500012787,32.86327999963692],[-96.56001199970909,32.863271999834694],[-96.56000300038656,32.863266000359886],[-96.55997999992204,32.863260000130104],
[-96.55994099956396,32.863260000130104],[-96.55992100037079,32.863264999818554],[-96.55990499957896,32.8632700002613],[-96.55988200001275,32.86327800006372],[-96.55985900044652,32.863288999979446],[-96.55984199982977,32.86329699978009],[-96.55981599989049,
32.8633039997937],[-96.55978699957818,32.86330900023425],[-96.55976099963891,32.86331200034756],[-96.55971200013343,32.86331099980676],[-96.55967299977536,32.86330799969347],[-96.55961099985109,32.86330099968011],[-96.55959499995755,32.86329800032105],
[-96.55958200043709,32.863295000207266],[-96.5595489999268,32.863288999979446],[-96.55949700004827,32.86327999963692],[-96.55948500035271,32.863274000162605],[-96.55946799973596,32.86327100004801],[-96.55945500021546,32.863268999720084],[-96.55943699977382,
32.86326300024501],[-96.55942000005537,32.863257000015025],[-96.55939400011611,32.86324600009534],[-96.55935499975806,32.86322800015521],[-96.55933899986451,32.863222999710096],[-96.5593160002983,32.86321700023193],[-96.55930000040478,32.86321400011539],
[-96.5592679997194,32.86321099999883],[-96.55924500015318,32.86320700009468],[-96.55922900025966,32.86320499976525],[-96.55921300036613,32.86319900028592],[-96.55919599974938,32.86319300005161],[-96.55917999985586,32.86318699981682],[-96.55916399996234,
32.863179000006255],[-96.55914499969576,32.86317299977058],[-96.55913499965003,32.863167000289025],[-96.55912200012955,32.86316400017087],[-96.55910299986297,32.86315899972208],[-96.55908699996942,32.863153000239635],[-96.55906699987796,32.86315000012094],
[-96.5590350000909,32.863143999883306],[-96.55900900015165,32.86313799964521],[-96.55899599973284,32.86313799964521],[-96.55898300021236,32.86313500028064],[-96.5589630001209,32.86313200016134],[-96.5589439998543,32.863129000041944],[-96.5589150004403,
32.86312299980289],[-96.55890500039456,32.863117000317935],[-96.55888600012798,32.86310799995797],[-96.5588729997092,32.86310300026066],[-96.55886299966345,32.86309700001985],[-96.55885000014298,32.86309099977857],[-96.55880499993714,32.86306599977516],
[-96.55877599962483,32.86304099976464],[-96.5587670003023,32.86302999981821],[-96.55876099955621,32.863012999623805],[-96.5587539998835,32.863001999673855],[-96.55875100040879,32.86299099972259],[-96.55875200023368,32.8629799997699],[-96.55874499966266,
32.862965999690935],[-96.55873600034016,32.862952000364324],[-96.55872000044663,32.8629460001133],[-96.5587039996548,32.86294099965228],[-96.5586839995633,32.86293800028099],[-96.55862500001209,32.86293699973597],[-96.55860900011855,32.8629310002385],
[-96.55859599969976,32.86292800011229],[-96.55857999980623,32.86292199985965],[-96.55856700028576,32.86291899973314],[-96.5585410003465,32.86290799977152],[-96.55853200012567,32.862902000272086],[-96.55850299981334,32.86288800018081],[-96.55848000024713,
32.862867999831],[-96.55847100002629,32.862859999991684],[-96.55846099998055,32.862849000022734],[-96.55845500013278,32.86283800005245],[-96.55844199971398,32.86282099982129],[-96.55843300039146,32.86281299997772],[-96.55840999992692,32.86279000023471],
[-96.55835600039858,32.86276699973123],[-96.55834299997977,32.862765000146446],[-96.55832999956098,32.862762000014634],[-96.55830100014698,32.86274700010871],[-96.55829100010124,32.86273900025841],[-96.55827799968245,32.86273299999297],[-96.55824000004762,
32.86270799988865],[-96.55822300032916,32.86269900024168],[-96.55819800021482,32.86268299977721],[-96.5581820003213,32.862674000127775],[-96.55816600042776,32.86266799985794],[-96.55814600033628,32.86266300013577],[-96.55812299987176,32.8626579996588],
[-96.55809699993247,32.86265600007157],[-96.55808100003895,32.86265299993606],[-96.55794799996956,32.86265100034873],[-96.55793700009892,32.86264699966481],[-96.55791799983234,32.86264500007734],[-96.55789899956577,32.86264199994146],[-96.557860000106,
32.86263099994554],[-96.5578440002125,32.86262499967273],[-96.5578309997937,32.86261600001742],[-96.55782800031896,32.862591999674464],[-96.55783499999166,32.86258099967229],[-96.5578519997101,32.862575000150684],[-96.55786500012888,32.86257299980701],
[-96.55785799955788,32.86255899966385],[-96.55782900014387,32.86254799965758],[-96.5578230002961,32.86253899999445],[-96.55781300025036,32.86253400026499],[-96.55780400002952,32.86252799998569],[-96.55778399993802,32.862521999705976],[-96.55774899977794,
32.862521999705976],[-96.55773200005949,32.86251600018038],[-96.5577189996407,32.86251300004014],[-96.5577100003182,32.86250699975942],[-96.55768699985366,32.8624879998738],[-96.55767500015807,32.86247399971724],[-96.55766500011234,32.862460000312964],
[-96.55765599989151,32.862449000294426],[-96.55764300037104,32.86244600015191],[-96.55762300027955,32.86243999986665],[-96.55758700029453,32.86243900007059],[-96.55756800002796,32.86244200021333],[-96.55755100030954,32.8624469999479],[-96.557535000416,
32.86245000009037],[-96.55750600010369,32.862457000170835],[-96.55748299963915,32.862460000312964],[-96.55746599992072,32.862458999762545],[-96.55745000002719,32.862461999904625],[-96.55739200030087,32.862461000108794],[-96.55737499968411,32.86245799996669],
[-96.55736200016365,32.86245799996669],[-96.55734899974486,32.86245499982449],[-96.55732700000354,32.86245199968225],[-96.55731399958475,32.862449000294426],[-96.55729699986632,32.862443000009364],[-96.55728500017075,32.86243699972385],[-96.557267999554,
32.86243199998871],[-96.5572459998127,32.862423000313804],[-96.55723300029221,32.86242000017042],[-96.55722300024648,32.862413999883394],[-96.55719399993416,32.86239999971509],[-96.55717499966758,32.862391999833534],[-96.55715200010137,32.86238300015455],
[-96.55713899968258,32.862380000009814],[-96.55712600016209,32.8623739997201],[-96.55711000026858,32.862368999981356],[-96.55709400037503,32.86236599983614],[-96.5570779995832,32.86236000030005],[-96.55706500006272,32.86235700015453],[-96.5570490001692,
32.862350999863246],[-96.55698399987186,32.86233599988777],[-96.5569710003514,32.86233599988777],[-96.5569579999326,32.8623329997415],[-96.55694200003907,32.8623329997415],[-96.55690900042713,32.86232700020311],[-96.55689000016055,32.86232700020311],
[-96.55687300044211,32.86232400005654],[-96.55685699965025,32.862317999762965],[-96.55682499986322,32.86231200022363],[-96.55680899996969,32.862305999929255],[-96.55679599955089,32.862301000186726],[-96.55678600040346,32.86229499989166],[-96.55676999961163,
32.86228399985264],[-96.55675399971808,32.86227500016272],[-96.55673799982458,32.862260999972456],[-96.5567250003041,32.86225499967469],[-96.55671500025836,32.86224999992923],[-96.556690000144,32.862238000086315],[-96.5566700000525,32.86223300033996],
[-96.55665099978593,32.862223999890276],[-96.55663499989241,32.86221599999285],[-96.55660200028046,32.86220400014533],[-96.55658899986166,32.862197999843644],[-96.55657299996814,32.862194999692704],[-96.55656000044765,32.86218999994387],[-96.55641700033252,
32.862207000295975],[-96.55638100034751,32.86221399964107],[-96.55636799992871,32.86221399964107],[-96.55634799983724,32.862216999791436],[-96.55633500031675,32.86221399964107],[-96.55631199985223,32.8622110002452],[-96.55627699969213,32.86220199979329],
[-96.55625099975285,32.86218999994387],[-96.55623499985934,32.862182000043376],[-96.5562249998136,32.86217599974026],[-96.55621200029312,32.86217000019125],[-96.55620300007229,32.86216200028896],[-96.55617399975996,32.86214499992823],[-96.55614799982068,
32.862128000318776],[-96.55612500025447,32.86211999965811],[-96.55610299961485,32.86211700025906],[-96.55609000009439,32.86211400010538],[-96.55606699962983,32.86211000015177],[-96.55605400010937,32.8621079997976],[-96.55602800017009,32.8621069999978],
[-96.55601499975131,32.86210399984378],[-96.55598899981203,32.86210399984378],[-96.55597299991852,32.8621009996896],[-96.55594000030653,32.862099999889715],[-96.55592400041303,32.86209699973546],[-96.55581300008494,32.86209500013559],[-96.55579399981838,
32.8620980002899],[-96.55573199989408,32.86209699973546],[-96.55571500017565,32.86209900008981],[-96.55570199975686,32.86209900008981],[-96.55568900023638,32.86210200024405],[-96.55567599981758,32.86210200024405],[-96.55565300025137,32.8621069999978],
[-96.55562399993906,32.86211499990511],[-96.55561399989332,32.86211999965811],[-96.55558799995404,32.86213300007111],[-96.55557700008339,32.86214300032943],[-96.5555579998168,32.862163000088145],[-96.55554799977106,32.86217700029382],[-96.55554100009839,
32.86218500019481],[-96.55552799967958,32.862194999692704],[-96.55551799963384,32.862200999994535],[-96.55550099991541,32.862203000346604],[-96.55548199964883,32.862203000346604],[-96.55544099964095,32.862194999692704],[-96.5554299997703,32.862190999742744],
[-96.55538600028767,32.8621079997976],[-96.55537700006685,32.86209400033562],[-96.55535799980028,32.862065999895826],[-96.5553450002798,32.86205199967258],[-96.555331999861,32.8620390000023],[-96.55526800028692,32.86198299983371],[-96.55524900002034,
32.861970999954664],[-96.55521999970802,32.86196799979599],[-96.55520999966227,32.86197300031192],[-96.55519999961652,32.86198699979305],[-96.55519299994383,32.862001000026495],[-96.55518999957079,32.862012000100606],[-96.55518899974587,32.86202799993154],
[-96.55519499959364,32.8620500000717],[-96.55520100033976,32.86206400029525],[-96.55520100033976,32.86208599967189],[-96.555191000294,32.86210200024405],[-96.55518100024827,32.86212100021236],[-96.5551770000503,32.8621379998231],[-96.55517399967725,
32.86214899988021],[-96.55516700000456,32.86216200028896],[-96.55514699991308,32.86217000019125],[-96.55512500017177,32.86215100023345],[-96.55509900023249,32.86212599996509],[-96.55507999996593,32.86210900035198],[-96.55506700044546,32.862099999889715],
[-96.55505400002666,32.86209500013559],[-96.55503800013314,32.86208599967189],[-96.55502499971433,32.8620800001168],[-96.55499799995016,32.86207099965159],[-96.55486200040603,32.86204200015857],[-96.5548310004439,32.86204100035802],[-96.55474900042813,
32.86202099981722],[-96.55470800042025,32.862019000215625],[-96.55460100029013,32.86199600026678],[-96.55455199988631,32.86199099975216],[-96.55453199979483,32.86198699979305],[-96.55450000000779,32.86198100023127],[-96.55445099960399,32.861974999914544],
[-96.55441899981693,32.86196399983585],[-96.55439299987768,32.86195500011345],[-96.55436100009061,32.86193799971299],[-96.5543119996868,32.86190999997853],[-96.55429300031855,32.86190100025065],[-96.55427999989978,32.8618980000896],[-96.55425700033355,
32.86189199976727],[-96.55420499955669,32.86188900036051],[-96.5541340003099,32.86188799980365],[-96.55411699969315,32.86188499964222],[-96.55405899996683,32.86188399983991],[-96.55399700004253,32.861875000109386],[-96.5539519998367,32.86186300021573],
[-96.55393900031622,32.861856999890975],[-96.55389999995816,32.86184800015771],[-96.5538740000189,32.861840000226366],[-96.55385099955436,32.86183099973681],[-96.55382600033832,32.861822999803934],[-96.5537900003533,32.86181400006723],[-96.5537409999495,
32.861805000329596],[-96.55368599969793,32.86179800019764],[-96.55364100039039,32.86179199986852],[-96.55359799983438,32.8617889997038],[-96.55354000010804,32.8617879999004],[-96.55350400012304,32.861783999932136],[-96.55347499981072,32.861780999767134],
[-96.5534449996735,32.86177800035662],[-96.55342899977998,32.86177500019147],[-96.55339699999291,32.861776999798515],[-96.55337699990143,32.861776999798515],[-96.5533380004417,32.861782000325206],[-96.55329900008363,32.86179199986852],[-96.5532689999464,
32.8617999998042],[-96.5532329999614,32.86181300026409],[-96.55321000039518,32.86182100019787],[-96.5531769998849,32.861833999900114],[-96.55315099994563,32.861841999832],[-96.55312800037942,32.86185299992582],[-96.55297000019567,32.861916000299644],
[-96.55294400025639,32.861929999789766],[-96.55292099979185,32.861943000230625],[-96.55289800022564,32.86195400031192],[-96.55286800008842,32.86197000015331],[-96.55282799990545,32.861993999910055],[-96.55279899959311,32.86200999974423],[-96.55276599998115,
32.86202300017335],[-96.55272599979818,32.862032999689504],[-96.5526710004449,32.862043999759635],[-96.55265100035344,32.86204600011525],[-96.55262200004111,32.86204799971617],[-96.55258900042917,32.86204200015857],[-96.55254099985025,32.86201699985947],
[-96.55252800032979,32.86200299962849],[-96.55251200043625,32.861993999910055],[-96.5524730000782,32.86199899966987],[-96.5524660004055,32.86201299990149],[-96.55246200020754,32.86205099987214],[-96.55245100033687,32.86210900035198],[-96.55244100029114,
32.86213900037714],[-96.55241399962866,32.86216099973518],[-96.55238100001671,32.862174000142154],[-96.55235199970437,32.86218999994387],[-96.55230900004668,32.862227999838694],[-96.55226499966574,32.86226499991927],[-96.55222899968074,32.86230900007649],
[-96.55221199996228,32.8623329997415],[-96.55219500024384,32.862351999660305],[-96.55215500006086,32.8623870000958],[-96.55213900016736,32.86240100026616],[-96.55208899993865,32.86243299978486],[-96.55204000043315,32.8624540000286],[-96.55201299977067,
32.862468000188386],[-96.5519380003259,32.86250800030929],[-96.55190800018867,32.86252700019062],[-96.55184799991423,32.862575000150684],[-96.55178799963976,32.86262900035771],[-96.5517619997005,32.86265600007157],[-96.55170800017213,32.862715999741695],
[-96.55167499966184,32.862757000297826],[-96.55165499957037,32.86278099984155],[-96.55161500028571,32.86282399995112],[-96.551601000042,32.86283499992315],[-96.5515519996382,32.86285900020034],[-96.55149300008698,32.86287499987854],[-96.5514539997289,
32.86288199992545],[-96.55143100016268,32.86288500005316],[-96.55140500022344,32.862889999762814],[-96.5513750000862,32.8628950002267],[-96.55135499999471,32.86290600018993],[-96.55132599968239,32.86292199985965],[-96.55129999974314,32.86293200002901],
[-96.55126299993321,32.8629429999876],[-96.55123399962088,32.862950000029215],[-96.55121799972737,32.862953000154604],[-96.55111599962012,32.86296199977579],[-96.55108999968084,32.86297800018992],[-96.55107299996241,32.863006000341805],[-96.55106299991667,
32.86303299994092],[-96.55105600024397,32.863057999953675],[-96.55105200004601,32.86308500029152],[-96.55104500037332,32.86310400004923],[-96.55102500028184,32.86313799964521],[-96.55101000021322,32.863149000332875],[-96.55093499987015,32.86322999972955],
[-96.55087799996873,32.863266000359886],[-96.55085899970217,32.863277000277094],[-96.55083600013594,32.86328500007883],[-96.5507900001052,32.86330600012089],[-96.55075300029529,32.86332199971839],[-96.55072399998295,32.8633349999552],[-96.55069399984572,
32.86334599986386],[-96.55065500038597,32.8633620002087],[-96.55062500024876,32.86337000000277],[-96.55059299956339,32.86337499968509],[-96.5505309996391,32.86337600022512],[-96.55046899971482,32.86337499968509],[-96.55044600014861,32.86338099990709],
[-96.55041600001138,32.863391000024706],[-96.55036999998062,32.86340999971688],[-96.5503180001021,32.86342500026523],[-96.55023899956106,32.863440999841316],[-96.550206999774,32.863446000274145],[-96.55018099983474,32.86345099995218],[-96.55016699959104,
32.86345899973821],[-96.55013800017704,32.86347500006267],[-96.55011800008553,32.86349099962975],[-96.55008499957528,32.86351799983577],[-96.55007500042785,32.863523000264244],[-96.55005500033634,32.8635370002553],[-96.55003500024488,32.86354999970596],
[-96.55001900035133,32.86356100034252],[-96.54999199968884,32.86357099968528],[-96.54997599979534,32.86357699989402],[-96.54994300018336,32.863583999885584],[-96.54989399977956,32.863591999659626],[-96.54985500031982,32.863597000083935],[-96.54978900019758,
32.863610000280424],[-96.54977300030406,32.86361199984616],[-96.54974700036479,32.863617000269336],[-96.54971700022755,32.86362500004039],[-96.54970399980877,32.86362999970833],[-96.54967500039476,32.86364299989993],[-96.54966100015106,32.86365200020562],
[-96.54964500025754,32.86365900019126],[-96.549621999793,32.86367600026179],[-96.54958599980799,32.86369700021126],[-96.54954899999807,32.86372699969928],[-96.54951899986084,32.863750999735096],[-96.54951300001306,32.86375900024863],[-96.54949600029462,
32.86377000010471],[-96.54946299978432,32.86379700022579],[-96.54944000021811,32.86381299973476],[-96.54943000017236,32.863818000146615],[-96.54941699975357,32.86382899999537],[-96.54940300040819,32.86383699974731],[-96.54937999994367,32.86384800034828],
[-96.54932100039242,32.863869000256976],[-96.54930200012586,32.863870999816854],[-96.54927199998862,32.86387900031957],[-96.54921000006435,32.86389700012761],[-96.54919300034591,32.86390499987343],[-96.5491570003609,32.86392100011742],[-96.54914099956906,
32.863928999861066],[-96.54908399966764,32.863963999674276],[-96.54905799972838,32.863986000088715],[-96.54904799968264,32.86399699991662],[-96.54903799963691,32.86400499965341],[-96.54902799959116,32.86401499970068],[-96.54901800044374,32.86402399996861],
[-96.54901099987272,32.86403199970296],[-96.54898199956041,32.86405599965629],[-96.54896800021501,32.86406400014231],[-96.54895200032149,32.864071999873055],[-96.54893899990269,32.86408000035764],[-96.54892899985695,32.864084999999925],[-96.54891600033648,
32.8640910001739],[-96.54889899971973,32.8640989999022],[-96.54887299978046,32.86410899993886],[-96.54886299973471,32.86411699966554],[-96.54883000012275,32.86413599995673],[-96.54882000007701,32.864143999680984],[-96.54880699965821,32.86415200015906],
[-96.54879400013773,32.86415800032855],[-96.5487410004343,32.864189999967834],[-96.5487280000155,32.86419500035848],[-96.54870799992402,32.86420600016042],[-96.54868500035779,32.86421399987841],[-96.54864500017483,32.8642349997005],[-96.54862199971028,
32.86425399996636],[-96.54860900018983,32.864261999680025],[-96.54859199957308,32.86427799985962],[-96.54858200042563,32.86428899965133],[-96.54856499980887,32.86431600036896],[-96.54855899996109,32.86432400007697],[-96.54855200028841,32.86433499986296],
[-96.54854200024266,32.86434899972578],[-96.54853200019693,32.86436199981204],[-96.54852200015118,32.86436799996727],[-96.54850899973238,32.8643779999736],[-96.54849899968664,32.864387000204694],[-96.54847899959516,32.86439700020888],[-96.54846900044774,
32.86440300036174],[-96.54844599998319,32.86441000028805],[-96.54843000008968,32.864413000364124],[-96.54841400019613,32.86441499991174],[-96.5484030003255,32.864417999987644],[-96.5483899999067,32.864417999987644],[-96.54837700038622,32.86442000028965],
[-96.54836399996742,32.864423000365385],[-96.54835100044696,32.86442799998834],[-96.54829799984519,32.86444700021284],[-96.54827899957863,32.86446000028475],[-96.54825199981444,32.86447599967413],[-96.54823599992092,32.86448400012226],[-96.54821900020247,
32.86449499988835],[-96.54820300030894,32.86450300033478],[-96.54818999989016,32.86451100002598],[-96.54817300017172,32.86452199978872],[-96.54811999956998,32.86456199973781],[-96.54810399967643,32.864577999863286],[-96.54807699991225,32.86459199968779],
[-96.54805099997297,32.864610000105635],[-96.5480309998815,32.86461799978712],[-96.54802699968354,32.864637999742286],[-96.54804299957706,32.86465399985404],[-96.54805599999587,32.864656999921856],[-96.54807600008735,32.86465200031181],[-96.54810200002662,
32.864642000336374],[-96.54811899974504,32.86463600019968],[-96.54813200016385,32.86463600019968],[-96.54813800001162,32.86465300008293],[-96.54806000019381,32.86467500032649],[-96.54799800026954,32.86469900010578],[-96.54796399993435,32.864745000104755],
[-96.54794999969066,32.86477800005655],[-96.54793899981999,32.864787000247006],[-96.54793600034526,32.864795999682094],[-96.54791600025378,32.86482300024537],[-96.54790899968276,32.86483099990765],[-96.54790200001005,32.86483900032376],[-96.54788899959128,
32.86484699998459],[-96.5478760000708,32.86485799970572],[-96.54786600002507,32.86486300005865],[-96.54783000004005,32.86488200019002],[-96.54776700029086,32.86490800020433],[-96.54775700024511,32.86491400032268],[-96.54773799997855,32.86492199997675],
[-96.54772399973484,32.864929999630085],[-96.54771100021438,32.864934999978956],[-96.54770100016862,32.86494299963119],[-96.54768799974983,32.86494799997933],[-96.54767799970408,32.86495899968793],[-96.5476650001836,32.8649670000925],[-96.54765500013785,
32.86497799979874],[-96.54763500004638,32.86501099966379],[-96.54762800037369,32.86502999976344],[-96.54762099980267,32.86505199991344],[-96.54761699960471,32.86506300036369],[-96.54761099975693,32.86507400005803],[-96.54760400008425,32.865081999697665],
[-96.54759999988627,32.8650930001442],[-96.547573999947,32.86512500020066],[-96.5475599997033,32.865135999887315],[-96.54754700018283,32.86514700032715],[-96.54753700013708,32.86515199990923],[-96.54752100024356,32.865165999643125],[-96.54751100019782,
32.86517099997869],[-96.5474810000606,32.86519499962378],[-96.54747400038791,32.86520300000706],[-96.54746400034215,32.86520900010539],[-96.54741400011345,32.86524899974462],[-96.54738800017417,32.86528200026338],[-96.5473839999762,32.865292999930546],
[-96.54737399993047,32.86531700029714],[-96.54736999973251,32.865327999959966],[-96.54736999973251,32.865344999710565],[-96.54736600043286,32.86536900006306],[-96.5473680000827,32.86544500013051],[-96.54736399988474,32.865474000019944],[-96.5473630000598,
32.865501000376746],[-96.54736600043286,32.86551200001676],[-96.54736600043286,32.86554300016101],[-96.5473689999076,32.86555399979581],[-96.5473680000827,32.86558400016472],[-96.54736100040998,32.86561699980432],[-96.54734999964103,32.865638999808695],
[-96.54734399979323,32.865660999807666],[-96.5473329999226,32.865679999768076],[-96.54732299987684,32.865695999691845],[-96.54731299983109,32.865714999644744],[-96.54730299978536,32.865736999624815],[-96.54729600011267,32.86575100002091],[-96.54728900043997,
32.86577800029337],[-96.547277999671,32.865801999774206],[-96.54726799962526,32.86582999978906],[-96.54725500010478,32.86584899971326],[-96.5472340001884,32.865878999982364],[-96.54722099976959,32.86590099992179],[-96.54721099972384,32.86590900024138],
[-96.54719700037847,32.86592999966205],[-96.54718099958663,32.86595500036723],[-96.54716700024125,32.865978999800156],[-96.5471570001955,32.866003999736975],[-96.54714600032484,32.866028999666746],[-96.5471360002791,32.86606100014002],[-96.5471360002791,
32.86608099976974],[-96.54713200008112,32.86609999964017],[-96.54712799988317,32.86611099996042],[-96.5471210002105,32.86613800012334],[-96.54711799983743,32.86614899968434],[-96.54710399959374,32.86620399973239],[-96.54709600009613,32.86622799985243],
[-96.54707699982956,32.86624500018505],[-96.54704800041554,32.8662870003715],[-96.54704400021758,32.86633199979461],[-96.5470519997152,32.86638200021672],[-96.54704400021758,32.86641200030551],[-96.5470369996466,32.86642599984049],[-96.54702999997387,
32.86643600036925],[-96.54702599977593,32.86644699989329],[-96.54701300025545,32.86646400018392],[-96.54698999979091,32.866482999972284],[-96.54696300002672,32.866515000281716],[-96.54695600035403,32.866525999795954],[-96.54694999960793,32.86653400005916],
[-96.54694299993525,32.866555999836095],[-96.54693899973728,32.86656700009974],[-96.54693500043763,32.86660300013002],[-96.54693799991237,32.8666219998886],[-96.54693799991237,32.86663600014492],[-96.5469399995622,32.86666000014809],[-96.54694299993525,
32.866669000147596],[-96.5469460003083,32.866679999642734],[-96.54694899978303,32.86669600014063],[-96.54691399962292,32.86670899988279],[-96.54686500011745,32.866737000365795],[-96.54681900008669,32.86680100003528],[-96.5468059996679,32.866870999644505],
[-96.5468059996679,32.866937000217106],[-96.5468269995843,32.86699600026445],[-96.54685199969866,32.86702399990225],[-96.54688500020892,32.8670520002858],[-96.54694399976016,32.86707699992013],[-96.54697700027043,32.86710000006037],[-96.54699800018682,
32.867135999874264],[-96.54702900014898,32.867316000233586],[-96.54702599977593,32.86733799981652],[-96.54702300030118,32.867354999936346],[-96.54702300030118,32.86736600010087],[-96.54701900010322,32.86737599976915],[-96.54700900005749,32.867401000066664],
[-96.54700200038478,32.8674150002],[-96.54699200033905,32.86742799983681],[-96.54698800014108,32.86743899999234],[-96.54698200029331,32.86744700017318],[-96.54697800009535,32.8674560000928],[-96.54697100042264,32.86746599975086],[-96.54696800004962,
32.867476999901676],[-96.54696100037691,32.867485999818264],[-96.54695800000385,32.86749600022754],[-96.54694799995812,32.867516000288106],[-96.54694399976016,32.86752599993947],[-96.54693700008747,32.867534999851074],[-96.54693000041478,32.86755100019469],
[-96.54692700004172,32.867562000334964],[-96.54692000036904,32.86756999975016],[-96.54690299975229,32.86759499999298],[-96.54689699990449,32.86760499963543],[-96.5468900002318,32.86761400029355],[-96.54687299961505,32.86762699990115],[-96.54685699972154,
32.86764300022817],[-96.54684000000309,32.86765400035702],[-96.54682400010957,32.867661999763925],[-96.54679099959928,32.867661999763925],[-96.54677499970576,32.86766399999281],[-96.54675899981223,32.86766699995875],[-96.54673899972074,32.86766900018752],
[-96.54671899962925,32.86767099966173],[-96.54670299973573,32.86767399962748],[-96.54669000021526,32.86767599985605],[-96.54665699970498,32.86767599985605],[-96.54664400018451,32.867678000084624],[-96.54654299990216,32.86767700034761],[-96.54653000038168,
32.867678999821635],[-96.54650100006937,32.867678999821635],[-96.54648799965058,32.867681999787116],[-96.54647500013012,32.86768100005014],[-96.54644900019083,32.867686000243886],[-96.5464190000536,32.86769099968288],[-96.54637999969556,32.86769899984099],
[-96.54636399980203,32.86770199980573],[-96.54634700008359,32.86770699999836],[-96.54631500029653,32.86771200019064],[-96.54629500020503,32.867713999663884],[-96.54627900031151,32.86771899985578],[-96.54626199969476,32.86771899985578],[-96.54622599970975,
32.86772400004744],[-96.54620999981624,32.86772400004744],[-96.5461939999227,32.86772600027488],[-96.54609600001342,32.86772499978393],[-96.5460800001199,32.86772199981989],[-96.54592299976106,32.86771899985578],[-96.54589699982178,32.86772199981989],
[-96.54587799955522,32.86772400004744],[-96.54585800036205,32.86772700001134],[-96.54584499994326,32.86772900023876],[-96.54583200042278,32.86772900023876],[-96.54581900000397,32.86773200020256],[-96.54578600039203,32.86773599990255],[-96.5457699996002,
32.86773599990255],[-96.54569199978239,32.86774600028363],[-96.54567199969088,32.8677479997561],[-96.54565900017042,32.86775099971924],[-96.54561999981236,32.867761000098575],[-96.54556999958363,32.86777200021279],[-96.54555399969013,32.86777699964688],
[-96.54551500023037,32.867784000061405],[-96.54545599978081,32.86778600028755],[-96.54543999988731,32.86778300032564],[-96.54542099962072,32.86777500017512],[-96.54541099957498,32.86776600028788],[-96.54540499972721,32.86775500017291],[-96.54538600035895,
32.8677299999752],[-96.54536299989441,32.86771099969948],[-96.54534700000087,32.86769899984099],[-96.54533799978006,32.86769399964791],[-96.54531500021383,32.86769299991107],[-96.5452919997493,32.867701000068976],[-96.54528199970355,32.86770699999836],
[-96.54526199961207,32.867723000310946],[-96.54525499993937,32.86773099971162],[-96.5452420004189,32.867747000019875],[-96.54523200037316,32.86777200021279],[-96.54522099960418,32.86779099972091],[-96.54520499971065,32.86780199983135],[-96.54516899972565,
32.867812000204985],[-96.54511699984711,32.86781099971495],[-96.5450940002809,32.867807999753886],[-96.54508099986211,32.86780499979267],[-96.54506199959552,32.86779899986998],[-96.54504900007504,32.86779099972091],[-96.54504599970201,32.86777699964688],
[-96.54503599965625,32.8677600003625],[-96.54502999980846,32.867749000246846],[-96.54502700033375,32.867738000129776],[-96.5450180001129,32.86772199981989],[-96.54500800006717,32.86771299992727],[-96.54499499964838,32.867715999891594],[-96.54498499960263,
32.86772400004744],[-96.54495199999067,32.86775899987193],[-96.54494199994492,32.86776400006127],[-96.54492900042446,32.86776700002388],[-96.54489000006639,32.86777200021279],[-96.54487699964758,32.86777399968467],[-96.54485999992916,32.86777699964688],
[-96.5448470004087,32.86777399968467],[-96.54483099961683,32.867752000209904],[-96.54482200029433,32.86774600028363],[-96.54481200024858,32.867753999682236],[-96.54480800005062,32.86776499979732],[-96.54479800000489,32.867801000095724],[-96.54479399980693,
32.86781699963687],[-96.54478700013422,32.86782799974409],[-96.54478100028643,32.86783899985],[-96.5447710002407,32.86784999995453],[-96.54476100019497,32.86786300028205],[-96.5447500003243,32.867877000342446],[-96.54474000027857,32.86788799968775],
[-96.54473400043078,32.86789599982808],[-96.54472400038505,32.86790999988326],[-96.54471699981404,32.86791800002159],[-96.54470699976828,32.8679310003392],[-96.54469400024782,32.86794499963432],[-96.54468400020207,32.86795799994798],[-96.5446800000041,
32.86796699981575],[-96.54466699958532,32.86797700017071],[-96.5446570004379,32.86798300008142],[-96.54464400001909,32.86799299968011],[-96.54463399997334,32.86799900034419],[-96.54460700020917,32.86802000002448],[-96.54456799985113,32.86804700036068],
[-96.54455799980536,32.8680530002666],[-96.54454100008692,32.8680629998574],[-96.54453400041423,32.868070999981924],[-96.5445250001934,32.8680769998862],[-96.54451500014767,32.86808500000948],[-96.54450099990396,32.86809000018051],[-96.54449099985821,
32.86809800030261],[-96.54447800033773,32.86810599966945],[-96.544468000292,32.86811399979011],[-96.54445499987321,32.86812199991005],[-96.54444499982746,32.86812799981087],[-96.54443499978173,32.86813599992954],[-96.54441600041346,32.8681440000475],
[-96.54431699978095,32.86817799997483],[-96.54415600012247,32.8682089999416],[-96.54397299982435,32.86821400010564],[-96.54382200021162,32.86820000009839],[-96.54370400021084,32.86818099992344],[-96.54369099979206,32.868177000243456],[-96.54366900005076,
32.86818399987188],[-96.54363899991351,32.8681919999855],[-96.54361999964694,32.86819499993363],[-96.54359999955545,32.868197000150495],[-96.54357699998924,32.868197000150495],[-96.54356399957044,32.86819400020243],[-96.54355100004997,32.868191000254335],
[-96.54353500015645,32.868185000357705],[-96.54350599984413,32.86817899970621],[-96.54348599975263,32.86817599975754],[-96.54346700038438,32.86816999985995],[-96.5434480001178,32.86816399996197],[-96.54343800007206,32.86815899979517],[-96.54341899980548,
32.868149999946894],[-96.5433900003915,32.86813599992954],[-96.54336699992696,32.86812499986055],[-96.54333799961464,32.86811000010711],[-96.5433219997211,32.868104999937266],[-96.54329599978185,32.868093000132035],[-96.54328300026137,32.86808500000948],
[-96.54327400004053,32.86807900010574],[-96.54324499972822,32.86806500007724],[-96.54323200020774,32.86805699995216],[-96.54322200016199,32.86805100004648],[-96.5432089997432,32.86804500014044],[-96.54319899969747,32.868039999966925],[-96.5431870000019,
32.86803100010657],[-96.5431739995831,32.868025000199175],[-96.54315799968958,32.868017000070495],[-96.54313199975032,32.868005000253355],[-96.5431159998568,32.86800000007758],[-96.54310300033632,32.86799400016803],[-96.54308700044278,32.86798800025813],
[-96.54307400002399,32.86798500030301],[-96.5430609996052,32.867980000126124],[-96.54302200014546,32.86797100025967],[-96.5429760001147,32.86796199963777],[-96.54296000022117,32.867955999725716],[-96.54294099995461,32.86794999981325],[-96.54292800043412,
32.86794699985684],[-96.54291800038838,32.8679419996778],[-96.54289599974875,32.86793599976433],[-96.542885999703,32.8679299998505],[-96.5428699998095,32.86792399993628],[-96.54285999976376,32.86791899975589],[-96.54281799993096,32.86789899978621],
[-96.5427860001439,32.8678869999531],[-96.54276600005241,32.867881000035965],[-96.54274699978585,32.86787299989429],[-96.54272400021962,32.8678669999762],[-96.54270199958,32.86785800009829],[-96.54267900001379,32.86785299991418],[-96.54263399980793,
32.86783500015459],[-96.54260799986868,32.86782999996924],[-96.5425950003482,32.867824000048245],[-96.54254299957135,32.8678090002439],[-96.54251699963207,32.86780300032149],[-96.54244899986,32.86778600028755],[-96.54241700007296,32.86778000036358],
[-96.54239699998148,32.86777399968467],[-96.54238399956269,32.867770999722296],[-96.54236500019444,32.86776499979732],[-96.54233900025515,32.86775899987193],[-96.54230699956979,32.86775099971924],[-96.54229400004931,32.8677479997561],[-96.54226499973699,
32.867738999866106],[-96.54224800001856,32.86773599990255],[-96.54222899975197,32.8677299999752],[-96.54221600023152,32.86772700001134],[-96.5421800002465,32.86772100008337],[-96.54216699982771,32.86772100008337],[-96.54215400030724,32.86771800011921],
[-96.54214099988843,32.86771800011921],[-96.54212800036797,32.86771500015501],[-96.54203100028359,32.86771299992727],[-96.54196500016134,32.86771500015501],[-96.54194900026782,32.86771699962818],[-96.54191699958245,32.86771699962818],[-96.54187700029779,
32.86772499978393],[-96.54186100040428,32.8677299999752],[-96.54184100031277,32.86774000035695],[-96.54182200004621,32.867749000246846],[-96.54180799980251,32.86775099971924],[-96.54179500028202,32.86775299994608],[-96.54176299959666,32.86775599990904],
[-96.54174300040349,32.86775299994608],[-96.54172699961167,32.867749999983054],[-96.54163600027337,32.86774499979285],[-96.54158699986957,32.867747000019875],[-96.5415740003491,32.86774499979285],[-96.5415540002576,32.86774400005659],[-96.5414410002797,
32.86778000036358],[-96.54132300027892,32.867812000204985],[-96.54120399955492,32.867824999783615],[-96.54106499963774,32.86783399966487],[-96.54083600020721,32.86786300028205],[-96.54080199987202,32.867881000035965],[-96.54076900026006,32.86789700031716],
[-96.54075900021432,32.86790499970213],[-96.54073599974978,32.86791800002159],[-96.54070599961256,32.867940000209714],[-96.54069599956681,32.86794499963432],[-96.54067700019854,32.867960999903964],[-96.54065299990911,32.867974999948935],[-96.5406169999241,
32.86799299968011],[-96.54059799965752,32.86799900034419],[-96.54055199962677,32.868005999986664],[-96.54049600044857,32.86801299962858],[-96.54041100005978,32.86802299997843],[-96.54037900027272,32.86803100010657],[-96.54034900013548,32.86804099969984],
[-96.54031999982317,32.86804899982637],[-96.54028300001326,32.8680599999048],[-96.54026700011973,32.86806500007724],[-96.54024399965519,32.8680730002016],[-96.54021500024119,32.86808299979015],[-96.54019199977665,32.86809099991288],[-96.54016800038552,
32.868104999937266],[-96.54013499987525,32.86812900029734],[-96.54010899993598,32.86814499977924],[-96.54008899984449,32.86815599984582],[-96.54006600027826,32.8681610000128],[-96.54005299985947,32.86816300023043],[-96.54002400044547,32.8681649996935],
[-96.5399979996079,32.868171000345946],[-96.5399549999502,32.86817299980883],[-96.53988999965286,32.868174000294786],[-96.53985399966784,32.868171000345946],[-96.53982799972859,32.86816799964248],[-96.53981199983505,32.8681649996935],[-96.53978300042105,
32.86816399996197],[-96.53974999991078,32.8681610000128],[-96.53971800012373,32.86815800006357],[-96.53969800003225,32.8681550001142],[-96.53966200004723,32.86815200016472],[-96.53964299978065,32.868150999678576],[-96.53962699988713,32.868147999728954],
[-96.53958800042739,32.868147999728954],[-96.5395680003359,32.86814499977924],[-96.53939599990845,32.86814199982948],[-96.53938300038797,32.86813899987957],[-96.53935300025074,32.86813299997948],[-96.53931800009065,32.86812400012856],[-96.53928899977834,
32.868115000276724],[-96.5392720000599,32.86811000010711],[-96.53925600016636,32.86810199998609],[-96.5390050000962,32.86812199991005],[-96.53826899960414,32.86816699991104],[-96.53795399995987,32.868197999881644],[-96.53785199985263,32.86819499993363],
[-96.53778999992834,32.86815899979517],[-96.53772899982896,32.86811899995945],[-96.5376679997296,32.86799799985627],[-96.53763199974459,32.86795899968183],[-96.53758900008688,32.86788199977068],[-96.5374920000025,32.8676520001279],[-96.5375050004213,
32.86762300019624],[-96.53770799991257,32.867517000026936],[-96.53777599968464,32.867471999696136],[-96.53782500008843,32.867419999654274],[-96.53785299967753,32.867354999936346],[-96.53785900042362,32.86731999995241],[-96.5378500002028,32.867272000296865],
[-96.53779800032426,32.86715699975899],[-96.53776200033924,32.86710099980389],[-96.5377449997225,32.86707199969204],[-96.53768600017128,32.86699400002049],[-96.53764799963811,32.86697699983147],[-96.53761099982819,32.86697699983147],[-96.53757400001827,
32.866984000309145],[-96.53754100040632,32.867008000218085],[-96.53749500037556,32.86701799992672],[-96.5374350001011,32.86701199995078],[-96.53736200030616,32.866987000298145],[-96.53728500031328,32.866923000008306],[-96.53717200033537,32.86679899978699],
[-96.53713899982507,32.86674300036034],[-96.53712600030461,32.86670500013642],[-96.53714700022101,32.86667399964388],[-96.53719200042684,32.866669999895976],[-96.53723799955928,32.866648999895936],[-96.53727500026754,32.86660799963008],[-96.53732499959793,
32.86650900027175],[-96.53732100029829,32.86645500016361],[-96.53728799978799,32.86639899976526],[-96.53727500026754,32.866359999642064],[-96.5372669998716,32.86631500023316],[-96.53727500026754,32.86618300037655],[-96.53728799978799,32.866110000205744],
[-96.53727100006957,32.86603999999581],[-96.53727100006957,32.86598499984599],[-96.537259000374,32.865928999905336],[-96.53722599986372,32.86589300035598],[-96.53717599963501,32.86588400027772],[-96.53715100041897,32.865872999929366],[-96.53713399980222,
32.86585900030708],[-96.53712999960426,32.865825000245145],[-96.53713899982507,32.86579700022871],[-96.5371880002289,32.86577200023354],[-96.53721800036612,32.86570199975682],[-96.53720099974937,32.865565999944565],[-96.53719300025176,32.86554099988428],
[-96.53716399993944,32.865496000059785],[-96.53716399993944,32.86547600029814],[-96.53717200033537,32.86545700029402],[-96.53723900028253,32.86543999981034],[-96.53726799969652,32.86541199967241],[-96.53728799978799,32.865385000043],[-96.53731299990235,
32.865325999678376],[-96.53734600041264,32.86520800034054],[-96.53734600041264,32.865112999992235],[-96.53733800001672,32.865081999697665],[-96.5373089997044,32.86506799995057],[-96.53726799969652,32.86506499989666],[-96.53723199971151,32.865068999716996],
[-96.53718200038111,32.865061999842645],[-96.53714800004592,32.86503899992838],[-96.53712399975649,32.86497300020679],[-96.53713100032749,32.86493800003727],[-96.53715999974148,32.86491400032268],[-96.53719300025176,32.864906999681594],[-96.53725600000095,
32.86490400037679],[-96.5373010002068,32.864879000129825],[-96.53733399981876,32.86482700007657],[-96.5373430000396,32.86476400026142],[-96.53731799992524,32.86463499967382],[-96.53734800006247,32.86455600035026],[-96.53748199995677,32.864417999987644],
[-96.53776200033924,32.8642239999021],[-96.53785500022568,32.86414500021239],[-96.53789799988338,32.86411699966554],[-96.53797200040152,32.86408599977737],[-96.53802099990702,32.864061000054434],[-96.53810100027296,32.86400900027613],[-96.53814800012861,
32.86399300004794],[-96.53819699963411,32.863992000269384],[-96.53824400038809,32.863963999674276],[-96.53829700009153,32.86392700030249],[-96.53833999974924,32.86389099994046],[-96.53839300035101,32.863856999878585],[-96.53843500018381,32.863829999775774],
[-96.53847199999373,32.86381100017358],[-96.53851100035179,32.86379499990967],[-96.53855700038255,32.86377899964294],[-96.53860900026108,32.86376900032362],[-96.53865500029184,32.86376700000688],[-96.53867100018535,32.863764999690154],[-96.53870700017036,
32.863764999690154],[-96.53872700026186,32.86376300012788],[-96.53877599976734,32.863763999909025],[-96.53883400039197,32.86377300020243],[-96.53891200020978,32.8637989997873],[-96.53897599978389,32.86382699967998],[-96.53900799957094,32.863843999718306],
[-96.5390629998225,32.863888999626525],[-96.53909200013484,32.86391400015251],[-96.53914599966319,32.863951000284246],[-96.53917499997551,32.86396800029878],[-96.53919099986904,32.863973999726106],[-96.53923000022709,32.863990999736295],[-96.53926600021211,
32.86400000000667],[-96.53934300020501,32.8640249997468],[-96.5394140003501,32.86404899970198],[-96.53945299980985,32.86405700018864],[-96.53952200030514,32.86406400014231],[-96.53955400009218,32.8640700003177],[-96.53957400018369,32.8640700003177],
[-96.53961199981852,32.864075999738176],[-96.53966500042027,32.86408000035764],[-96.5396810003138,32.86407800004791],[-96.53969700020733,32.86407800004791],[-96.53973300019234,32.8640700003177],[-96.53975300028384,32.86405899974427],[-96.53977900022309,
32.86404899970198],[-96.53978900026884,32.86404099996916],[-96.53979299956848,32.86402399996861],[-96.53978699972069,32.86401300014404],[-96.53977099982718,32.86400200031811],[-96.53975699958347,32.86400200031811],[-96.53974099968994,32.86399300004794],
[-96.53972499979642,32.86398200021953],[-96.53971200027596,32.863973999726106],[-96.53969700020733,32.863956999712705],[-96.53968399978852,32.86394299978802],[-96.53967799994075,32.86393500004564],[-96.53965500037454,32.86391199983904],[-96.5396460001537,
32.86390100000057],[-96.53963299973492,32.86387900031957],[-96.53962699988713,32.8638679997225],[-96.53962100003933,32.863856999878585],[-96.5396109999936,32.86384299993806],[-96.53959799957481,32.86382899999537],[-96.53958900025229,32.86380899985779],
[-96.53958300040452,32.86380100010332],[-96.53957300035877,32.86378400005676],[-96.53955499991712,32.86373500021498],[-96.53954900006933,32.86370999963848],[-96.53954300022156,32.86369000022863],[-96.53952399995498,32.86364900010386],[-96.53950800006143,
32.86362700036034],[-96.53949299999282,32.86360700017719],[-96.5394770000993,32.86359000009346],[-96.53946100020579,32.863579000215054],[-96.53943199989345,32.86356500023069],[-96.53940900032723,32.86355100024407],[-96.53938699968762,32.8635340001496],
[-96.5393640001214,32.86351700005186],[-96.5393289999613,32.86348900006131],[-96.53931100041795,32.86347400027827],[-96.5392939998012,32.863461000061896],[-96.53923000022709,32.86341100025657],[-96.53917900017348,32.863373999899565],[-96.539159000082,
32.86336299999437],[-96.53911100040142,32.863331999842664],[-96.53908200008908,32.863314999706205],[-96.53906000034779,32.86330300000738],[-96.53903400040852,32.86329800032105],[-96.53901400031702,32.863288999979446],[-96.53898800037777,32.86327999963692],
[-96.53897199958593,32.86327499994926],[-96.53893999979887,32.863260000130104],[-96.53890399981385,32.86324600009534],[-96.53885299976022,32.86321499990272],[-96.53881799960014,32.86318999993427],[-96.5388079995544,32.86318100033626],[-96.53874700035334,
32.86312800025364],[-96.53867399966009,32.86306400019713],[-96.53860099986515,32.86298299989428],[-96.5385399997658,32.86292999969339],[-96.53852100039754,32.86289600001763],[-96.53851499965144,32.86288800018081],[-96.53851600037466,32.86284699968523],
[-96.53852300004735,32.862819000237735],[-96.53851700019958,32.86279700028833],[-96.53850799997875,32.86277200020204],[-96.53850100030604,32.86276400035405],[-96.53849200008521,32.86274700010871],[-96.5384760001917,32.862728000274466],[-96.53846699997085,
32.862714000155776],[-96.53843799965853,32.86269699990086],[-96.5383990001988,32.862677000262565],[-96.53837999993222,32.862666000270934],[-96.53835700036599,32.86264900000681],[-96.53833200025166,32.862620999742234],[-96.53830999961203,32.86259099988011],
[-96.53827500035024,32.86254299992864],[-96.5382309999693,32.8624879998738],[-96.53820900022798,32.8624540000286],[-96.53818999996142,32.862424000110046],[-96.53817700044094,32.86239899991856],[-96.5381530001515,32.862331999944224],[-96.53814700030372,
32.862308000278944],[-96.53814099955763,32.86227200001433],[-96.53813499970984,32.86223300033996],[-96.53812999968696,32.862194999692704],[-96.5381310004102,32.86215100023345],[-96.53813800008288,32.86211800005875],[-96.53814499975559,32.86208199971702],
[-96.5381520003266,32.862060000339376],[-96.53815999982419,32.86201600005863],[-96.53816700039519,32.86198900014988],[-96.53818699958838,32.86194799999331],[-96.53820400020513,32.86192100006393],[-96.53822400029661,32.86188499964222],[-96.53823799964199,
32.86185299992582],[-96.5382519998857,32.86180900029691],[-96.53825600008366,32.86179199986852],[-96.53825699990858,32.8617539997869],[-96.53825400043384,32.86173700010251],[-96.53825500025874,32.86168300010705],[-96.5382519998857,32.8616630002401],
[-96.53825400043384,32.861581000361205],[-96.53825100006078,32.86155900010471],[-96.5382519998857,32.86153399966941],[-96.53825500025874,32.86152000011684],[-96.53825600008366,32.86150700036858],[-96.53826299975636,32.86147600032274],[-96.53826299975636,
32.861446000073336],[-96.53826699995432,32.8614300001374],[-96.5382660001294,32.86134499986334],[-96.5382660001294,32.86132300030291],[-96.53825500025874,32.86124500010248],[-96.5382519998857,32.861229000130244],[-96.53824600003792,32.861212000345276],
[-96.53823699981707,32.861175999635755],[-96.53822799959624,32.86114299985293],[-96.53822199974847,32.86111300024543],[-96.53821900027374,32.86107999968459],[-96.5382169997256,32.861058000058414],[-96.53821800044882,32.86101700022608],[-96.53822099992357,
32.86099700020896],[-96.53822199974847,32.86097499980763],[-96.53823699981707,32.860896000242235],[-96.53824799968774,32.86083600009552],[-96.5382519998857,32.86078300012079],[-96.53826000028162,32.86073400013023],[-96.53826699995432,32.8606850001126],
[-96.53826799977922,32.86067399987393],[-96.53828500039597,32.860624999823095],[-96.53829200006868,32.860594000223585],[-96.53829899974136,32.86057800013398],[-96.53831299998507,32.8605209999798],[-96.53832100038099,32.860487999953236],[-96.53832399985573,
32.860454999914474],[-96.53832899987859,32.860418999652275],[-96.5383359995513,32.860380999737025],[-96.53834300012231,32.8603450001994],[-96.53834700032026,32.860330999704516],[-96.53835399999295,32.860308999892574],[-96.53836800023666,32.86027700036218],
[-96.53836800023666,32.86024400024484],[-96.53836200038887,32.86022199965679],[-96.53834700032026,32.860182999835594],[-96.53832499968064,32.8601470002176],[-96.53830600031237,32.86011599969649],[-96.53829000041884,32.86009700005324],[-96.53827399962701,
32.8600660002692],[-96.5382650003045,32.860036000297484],[-96.5382589995584,32.86001100018751],[-96.53826100010654,32.859959000298446],[-96.53827700000005,32.85992900029055],[-96.53831800000793,32.859886000286664],[-96.53833100042674,32.85986900024425],
[-96.53834800014516,32.85983900020591],[-96.53835499981787,32.8598229999801],[-96.5383649998636,32.859789999693874],[-96.53836900006156,32.859765000269164],[-96.53837300025953,32.859713000235885],[-96.53837699955916,32.85970199987666],[-96.53837800028239,
32.85967500001813],[-96.53838099975712,32.85965799993532],[-96.53838199958204,32.85964199967682],[-96.5384000000237,32.859553999712844],[-96.53840699969639,32.85952699980925],[-96.53841400026741,32.85950499979791],[-96.53842099994009,32.85948000029288],
[-96.53843500018381,32.85943700007134],[-96.53845199990225,32.85939299999855],[-96.53846899962068,32.85934899990393],[-96.53848000038964,32.85932400035493],[-96.53849399973504,32.859275000313005],[-96.53851499965144,32.85921200032703],[-96.53851499965144,
32.85919599998814],[-96.53851999967429,32.85911300025875],[-96.53852800007022,32.85905900017494],[-96.53854200031392,32.85901199965605],[-96.53855900003236,32.85897099963253],[-96.53859300036754,32.858917000216884],[-96.53862000013174,32.85887899965817],
[-96.53865000026894,32.85884099983773],[-96.53868399970584,32.858792000283536],[-96.53872100041406,32.85873999967987],[-96.53875400002603,32.85869100006989],[-96.5387809997902,32.85864499994941],[-96.53881199975235,32.858596000287015],[-96.53883900041485,
32.85855199979706],[-96.5388720000268,32.85851700011203],[-96.53888899974524,32.8584949998502],[-96.5389289999282,32.85845199990572],[-96.53894900001971,32.85842700010393],[-96.53899900024842,32.85837599988278],[-96.5390260000126,32.85834299981282],
[-96.53910300000548,32.85825099994169],[-96.53911999972392,32.858226999926806],[-96.53912999976966,32.85820799987899],[-96.53913300014273,32.858197000087735],[-96.53914300018846,32.85818899982706],[-96.53915700043217,32.85818100032031],[-96.53917300032569,
32.85817300005825],[-96.53919300041716,32.85816700023849],[-96.53921199978542,32.858158999975146],[-96.53923500024997,32.85814900002225],[-96.53924899959536,32.8581459997343],[-96.53926799986193,32.85813599977995],[-96.53928799995342,32.85812800026843],
[-96.53930399984694,32.85812000000152],[-96.53932099956536,32.85810900019936],[-96.53933700035722,32.85810099993079],[-96.53936699959613,32.85807900032039],[-96.53940000010641,32.858057999795385],[-96.53941699982485,32.85804399969414],[-96.53943299971837,
32.858033999728285],[-96.53944699996208,32.858022999915455],[-96.53946000038087,32.858008999808675],[-96.5394770000993,32.85799300000735],[-96.53950300003858,32.8579720002166],[-96.53951999975702,32.85796099964146],[-96.53955900011508,32.85793700030274],
[-96.53960500014583,32.85791499989704],[-96.53962900043527,32.85790200037506],[-96.5396520000015,32.85789099979126],[-96.53967799994075,32.85787800026575],[-96.53970100040529,32.85786699967897],[-96.53976300032957,32.85784099986441],[-96.53979299956848,
32.85783000002765],[-96.53981900040607,32.85781699973866],[-96.53987499958424,32.85779599990618],[-96.53990499972147,32.857788000363996],[-96.53995699960001,32.85777199976819],[-96.53998699973725,32.857765000072604],[-96.54011200030902,32.85774699977481],
[-96.54015199959368,32.85773199977535],[-96.54037599989968,32.857688000366025],[-96.54055499999981,32.85767400020643],[-96.54063100016779,32.85767400020643],[-96.54065600028215,32.857670999902425],[-96.54072200040439,32.857665999898586],[-96.54075400019143,
32.85766099989452],[-96.54078699980342,32.85765900019464],[-96.54087200019222,32.85765199973553],[-96.54090200032944,32.85764400018031],[-96.5409979996906,32.85762699970827],[-96.54107100038384,32.85762400015728],[-96.54123500041537,32.85764099987532],
[-96.54127100040039,32.85765800034468],[-96.54128300009594,32.857690999914844],[-96.54127499970004,32.85772000007583],[-96.541314999883,32.857745000076875],[-96.54135900026394,32.857745000076875],[-96.54143500043192,32.85773699977542],[-96.5415469996866,
32.85769800037094],[-96.5416310002505,32.857653000340115],[-96.54169300017477,32.85764900018538],[-96.54184200013769,32.85765099988549],[-96.54186200022917,32.857654000190124],[-96.54194000004698,32.857655000040126],[-96.54196000013849,32.85765800034468],
[-96.54200500034432,32.85765900019464],[-96.54203100028359,32.8576569997401],[-96.54206399989555,32.857654000190124],[-96.54212900019287,32.85764400018031],[-96.54214199971335,32.857645000030416],[-96.54215500013215,32.85764199972542],[-96.54220799983558,
32.85763699972001],[-96.54223399977485,32.85763800032482],[-96.54229200039948,32.85764400018031],[-96.54235099995073,32.85765599989011],[-96.54241200005009,32.857670999902425],[-96.54247399997438,32.857688000366025],[-96.54251199960919,32.8577050000718],
[-96.5425540003403,32.85772500007656],[-96.5425669998608,32.85773400022815],[-96.54258299975432,32.857745000076875],[-96.54261100024172,32.85775099992512],[-96.54262499958712,32.857754000226436],[-96.54267099961787,32.8577550000753],[-96.54272300039472,
32.85775299962292],[-96.54274900033398,32.857750000076194],[-96.54291800038838,32.85775299962292],[-96.54293500010682,32.85775599992416],[-96.54296100004608,32.85775699977302],[-96.54297399956656,32.85775900022525],[-96.54300299987888,32.85776000007407],
[-96.54301899977241,32.85776300037507],[-96.5430320001912,32.85776300037507],[-96.54304800008472,32.85776599992136],[-96.5430609996052,32.85776599992136],[-96.54309400011547,32.85777000007081],[-96.54312599990253,32.85777300037148],[-96.54314299962097,
32.85777599991742],[-96.54335799970612,32.857779000217896],[-96.5433769999727,32.85778199976364],[-96.5434549997905,32.857784000215304],[-96.54347499988198,32.85778699976088],[-96.54349400014856,32.85778699976088],[-96.54353000013357,32.8577930003609],
[-96.54355900044588,32.85779599990618],[-96.54357199996636,32.857799000205965],[-96.54358500038515,32.857799000205965],[-96.54360100027868,32.85780199975103],[-96.54361399979915,32.85780500005057],[-96.54369199961697,32.85780699974715],[-96.54372799960198,
32.85780699974715],[-96.54374100002077,32.85781300034587],[-96.54375100006651,32.85781800034137],[-96.54376000028735,32.85783000002765],[-96.54376299976208,32.85785400014995],[-96.54376600013512,32.85787599981614],[-96.54375899956412,32.857884999952475],
[-96.5437650003102,32.85789599978241],[-96.54377500035596,32.85790099977323],[-96.54378799987643,32.85790700036559],[-96.54380100029522,32.85791499989704],[-96.54381999966348,32.857924000029364],[-96.543835999557,32.857929999865554],[-96.5438489999758,
32.85793499985446],[-96.54386499986933,32.857938000149545],[-96.54390099985433,32.857942000291295],[-96.54392099994583,32.85793899999634],[-96.54393699983935,32.85793700030274],[-96.54395000025814,32.85793200031388],[-96.54400600033463,32.857929999865554],
[-96.54402200022817,32.85793300016075],[-96.54405800021317,32.857940999689916],[-96.54407999995448,32.85794999981959],[-96.54410000004599,32.85795899994835],[-96.54412199978727,32.85796700022972],[-96.54414500025182,32.857976000356814],[-96.54416100014534,
32.857982000189445],[-96.5441739996658,32.857984999728316],[-96.5441870000846,32.85798700017546],[-96.54421899987166,32.85798800002171],[-96.54423300011536,32.85797999974224],[-96.54423899996314,32.85796899992266],[-96.54423999978806,32.857954999807426],
[-96.54422999974231,32.8579439999848],[-96.54422399989451,32.85793599970129],[-96.544208000001,32.857927000324814],[-96.54418899973442,32.85791099975408],[-96.54417899968868,32.85790200037506],[-96.54417299984091,32.85789099979126],[-96.54418299988664,
32.857885999799876],[-96.54422499971943,32.857885999799876],[-96.54425099965871,32.85789199963858],[-96.54426999992528,32.8578980002315],[-96.54427999997104,32.85790400006946],[-96.54429300038983,32.857912000355796],[-96.54430500008537,32.85792300018239],
[-96.54431500013112,32.85793499985446],[-96.54440600036773,32.85793599970129],[-96.54442200026124,32.85793899999634],[-96.54444499982746,32.857942000291295],[-96.54447199959164,32.857925999723264],[-96.54448099981248,32.85792099973386],[-96.54449099985821,
32.85791300020289],[-96.54450099990396,32.85790200037506],[-96.54450799957665,32.85789400008783],[-96.54452799966815,32.857871999671474],[-96.54453500023914,32.857860999838564],[-96.5445450002849,32.85785000000429],[-96.54455799980536,32.85782800033158],
[-96.54456500037638,32.85782000003768],[-96.54457200004909,32.85780900019831],[-96.54459200014055,32.857785000063835],[-96.54460200018629,32.85777699976605],[-96.54461200023205,32.85777099991951],[-96.5446220002778,32.85776300037507],[-96.5446869996768,
32.85773699977542],[-96.54470400029355,32.85773400022815],[-96.54471699981404,32.85772900022793],[-96.54473000023282,32.857726999774954],[-96.54474000027857,32.857720999925085],[-96.54476600021783,32.85771599992406],[-96.54478200011135,32.857710999922816],
[-96.54482200029433,32.85770599992124],[-96.54484400003564,32.85770599992124],[-96.54486400012712,32.85770400022237],[-96.54495199999067,32.8577050000718],[-96.54497100025723,32.85770800037467],[-96.54498399977771,32.85770900022406],[-96.54501700028801,
32.85771500007475],[-96.54502999980846,32.857718000377275],[-96.54506199959552,32.85772400022735],[-96.54507500001431,32.857726999774954],[-96.54509099990784,32.85773199977535],[-96.54510799962628,32.857735000077255],[-96.54512400041813,32.857740999926236],
[-96.54513699993859,32.85774699977481],[-96.54515600020517,32.85775299962292],[-96.5451720000987,32.85775800037642],[-96.54519200019018,32.857764000223845],[-96.54520800008372,32.85777300037148],[-96.54522700035027,32.85777800036929],[-96.54525900013732,
32.85779500005776],[-96.54527900022882,32.85780400020225],[-96.54529500012234,32.85781000004656],[-96.54531100001586,32.8578209998858],[-96.54533000028243,32.85783000002765],[-96.5453400003282,32.85783500002225],[-96.54536600026745,32.857846999706226],
[-96.54537499958997,32.85785499999769],[-96.54538800000877,32.857860999838564],[-96.5453980000545,32.857865999831354],[-96.54540800010025,32.85787499996864],[-96.54542700036681,32.857885999799876],[-96.54543999988731,32.85789400008783],[-96.54545900015387,
32.857905999763815],[-96.54547199967436,32.85791400004998],[-96.54548500009314,32.85791999988685],[-96.54550099998667,32.85792800017174],[-96.54553600014677,32.85794499983147],[-96.54557499960652,32.85796300008915],[-96.54559399987309,32.85797399990942],
[-96.54561399996457,32.857982000189445],[-96.54565900017042,32.85800200013174],[-96.54570100000322,32.85801999962324],[-96.54572000026977,32.858031000191055],[-96.54575899972953,32.85804799983111],[-96.54580700030841,32.858072999739655],[-96.5458199998289,
32.85808199985599],[-96.54583599972243,32.858090000126275],[-96.54589699982178,32.85812699966914],[-96.54598700023347,32.85818300000843],[-96.54603200043933,32.858206000191444],[-96.54605099980758,32.85821500029423],[-96.54606800042433,32.858222999797896],
[-96.5461160001049,32.858240000155774],[-96.5461360001964,32.858244000283854],[-96.54617399983123,32.85825500006933],[-96.5462130001893,32.85826400016713],[-96.54625500002207,32.85827300026404],[-96.5463400004109,32.85829099970056],[-96.54637899987063,
32.85829999979472],[-96.54642099970343,32.8583110003278],[-96.54653700005439,32.85833799984686],[-96.54660900002442,32.85835500018268],[-96.54666699975073,32.858366999796324],[-96.54674499956853,32.85838499996831],[-96.54677399988084,32.85839400005293],
[-96.54686799959217,32.85841999970541],[-96.54692899969154,32.858440000303574],[-96.5469870003162,32.85846299966535],[-96.54702900014898,32.85847999997722],[-96.54706799960873,32.85849700028578],[-96.54711000033983,32.85851700011203],[-96.54715200017263,
32.85854000020845],[-96.54717399991391,32.85854900027734],[-96.54728699989184,32.85860299991701],[-96.54731000035638,32.85861399965792],[-96.5473549996639,32.85863099994085],[-96.54739400002195,32.858648000220484],[-96.547425999809,32.858659999794476],
[-96.5474810000606,32.858673999798505],[-96.54752299989339,32.85868299985381],[-96.54754299998487,32.858686000123605],[-96.54761400012998,32.85870400023085],[-96.54767900042731,32.85872700027878],[-96.54773399978059,32.85874700005312],[-96.54776599956763,
32.85876100004342],[-96.54781400014652,32.8587809998101],[-96.54787199987285,32.858798999898134],[-96.54790200001005,32.85880700010376],[-96.54792799994934,32.858812999880165],[-96.54801499998797,32.85883099996172],[-96.54804099992724,32.858834000226445],
[-96.54811200007235,32.85884599977534],[-96.54816099957785,32.8588580000771],[-96.5481999999359,32.85886399985013],[-96.54824599996667,32.858870000377294],[-96.54827799975371,32.85887399972243],[-96.54831700011178,32.85887399972243],[-96.54833700020325,
32.858876999985746],[-96.54843099991457,32.85887899965817],[-96.54846400042486,32.858876999985746],[-96.54849899968664,32.85888500018433],[-96.54855099956518,32.858899999988814],[-96.54858300025055,32.858909000021185],[-96.54862199971028,32.85891800005265],
[-96.54867100011408,32.85893200001596],[-96.54870999957383,32.858944000306145],[-96.54872299999263,32.85894900023789],[-96.54875200030494,32.8589580002653],[-96.54878699956674,32.85896700029184],[-96.54881000003127,32.85896999979736],[-96.54886500028287,
32.85897099963253],[-96.54888799984909,32.85896300019631],[-96.54890200009278,32.85894900023789],[-96.5489380000778,32.85893900037406],[-96.54897400006281,32.85892899975449],[-96.54900000000207,32.85892100031449],[-96.54902299956828,32.858915999626504],
[-96.5490589995533,32.858913000119095],[-96.54910100028441,32.858917000216884],[-96.54911800000285,32.85891200028327],[-96.54913399989636,32.85890400008712],[-96.5491439999421,32.85889800031686],[-96.54920599986639,32.85889900015284],[-96.54921900028518,
32.85890199966072],[-96.54924799969919,32.858903000251196],[-96.54926100011798,32.858899999988814],[-96.54929000043029,32.85889800031686],[-96.54931299999652,32.858895000054254],[-96.54942799962424,32.85887799982196],[-96.54947000035534,32.858870000377294],
[-96.54950999964001,32.85885999974996],[-96.54953300010453,32.85884700036646],[-96.54955599967076,32.85883099996172],[-96.54958900018103,32.85880600026673],[-96.54960599989947,32.858787000342936],[-96.54961599994522,32.85878199964739],[-96.54964899955719,
32.85874100027224],[-96.54966299980087,32.85870299963808],[-96.54966699999883,32.85868399969222],[-96.54966699999883,32.85864499994941],[-96.5496710001968,32.85863199977985],[-96.54967799986949,32.85862100004111],[-96.54968399971727,32.858612999818725],
[-96.54971899987737,32.85858999974124],[-96.54978599982451,32.8586060001895],[-96.5497980004184,32.85861199997953],[-96.54982099998463,32.858620000202],[-96.54986000034268,32.85864000000052],[-96.54987600023621,32.858645999788244],[-96.54989499960448,
32.85864900005928],[-96.54992800011475,32.858658000117124],[-96.54996300027484,32.85866600033544],[-96.54998599984107,32.858669999689766],[-96.5500090003056,32.858669999689766],[-96.55003500024488,32.8586589999558],[-96.55004799976535,32.85865099973684],
[-96.55008200010053,32.858624000313],[-96.55009799999407,32.858616000090876],[-96.55011100041287,32.858599999644426],[-96.5501220002835,32.85856999993151],[-96.5501220002835,32.85855900018514],[-96.55012599958314,32.858537999773766],[-96.5501289999562,
32.85852299990807],[-96.55012999978112,32.858495999690724],[-96.55013700035212,32.858479000136526],[-96.55014700039786,32.85847400017822],[-96.55017300033714,32.85847500001898],[-96.55018900023065,32.858478000295804],[-96.55020799959891,32.85848599977576],
[-96.55021799964466,32.85850300008322],[-96.55022199984262,32.85852100022762],[-96.55022400039077,32.8585329998188],[-96.55022199984262,32.858598999805075],[-96.55022500021566,32.858616000090876],[-96.55023100006343,32.85862900026284],[-96.55024100010921,
32.85863800032271],[-96.55025000033002,32.858643000271705],[-96.550282999942,32.85865200033021],[-96.55030899988125,32.85865499984638],[-96.55034099966831,32.8586589999558],[-96.55038699969906,32.8586620002264],[-96.55045899966909,32.85866300006504],
[-96.55051700029371,32.85865300016897],[-96.55054700043095,32.85864499994941],[-96.55059299956339,32.85863199977985],[-96.55062900044672,32.85861900036293],[-96.5506779999522,32.85858999974124],[-96.55070800008943,32.85856800025212],[-96.5507549999451,
32.858525000343086],[-96.55076800036389,32.85851100031553],[-96.55078099988437,32.8584949998502],[-96.55078799955706,32.85848700037099],[-96.55079799960279,32.85847099990133],[-96.55080500017381,32.85845699986526],[-96.55080500017381,32.85844299982698],
[-96.55079299957994,32.858435000343135],[-96.55077800040964,32.85842899978648],[-96.55073700040174,32.85842799994521],[-96.55072099960991,32.858431000223625],[-96.55070800008943,32.8584329999061],[-96.55066899973139,32.85843799986671],[-96.55062299970062,
32.858440000303574],[-96.55060699980709,32.85844299982698],[-96.55058000004291,32.85845299974673],[-96.55055699957838,32.85845900030176],[-96.55053800021011,32.85846400026084],[-96.55049899985207,32.85846599994258],[-96.55047600028584,32.85845699986526],
[-96.55045100017148,32.858435000343135],[-96.55044399960047,32.85842399982543],[-96.55043500027796,32.85841499974385],[-96.55042799970694,32.858402000295136],[-96.55042900043017,32.85836599995434],[-96.55043299972981,32.85834100012832],[-96.55043699992777,
32.858313999855504],[-96.55042799970694,32.85829200029793],[-96.55041500018646,32.85827800023362],[-96.55040199976767,32.85826599985339],[-96.55038900024721,32.85825800035354],[-96.55037300035367,32.85825199978496],[-96.55035400008711,32.85824900025511],
[-96.55032800014783,32.858245999970535],[-96.55031100042939,32.85824900025511],[-96.55029200016281,32.85824799965719],[-96.55026899969829,32.85825099994169],[-96.55025600017782,32.85825299962822],[-96.55024000028428,32.85825299962822],[-96.55022600004058,
32.85825500006933],[-96.55021299962179,32.85825500006933],[-96.55009600034424,32.85826699969649],[-96.55006600020701,32.85827800023362],[-96.55004299974247,32.85828800017202],[-96.55001000013051,32.858314999698074],[-96.54999300041209,32.858337000004546],
[-96.54996900012263,32.85839400005293],[-96.54996599974959,32.858408000098954],[-96.5499590000769,32.858418999864035],[-96.54992899993965,32.85844299982698],[-96.54990100035057,32.85841300006096],[-96.54986600019046,32.858374000199014],[-96.54985600014473,
32.85836799963829],[-96.5498269998324,32.85835100005956],[-96.54979099984739,32.858338999689146],[-96.5496710001968,32.858337000004546],[-96.54964799973227,32.85834299981282],[-96.54963199983874,32.858345000251894],[-96.54961199974726,32.85835299974384],
[-96.54959500002883,32.858364000270356],[-96.54956599971649,32.858388000248176],[-96.54954899999807,32.858402000295136],[-96.54952899990657,32.85842299998409],[-96.54951600038609,32.858440000303574],[-96.5495020001424,32.8584609999836],[-96.54949200009666,
32.858478000295804],[-96.54948200005092,32.85849099973337],[-96.54946799980722,32.85849800012628],[-96.54946799980722,32.858508000039826],[-96.549445000241,32.85852600018327],[-96.54942500014951,32.85853699993372],[-96.54938300031672,32.85854500016297],
[-96.54934700033171,32.85854400032299],[-96.54928200003437,32.85853500025359],[-96.54924600004937,32.858533999658896],[-96.5492200001101,32.858527999863604],[-96.5491780002773,32.85851899979252],[-96.54915499981276,32.85852200006785],[-96.54912600039876,
32.85853500025359],[-96.54910299993422,32.85855900018514],[-96.54906600012431,32.85859700012639],[-96.54904600003282,32.8586110001403],[-96.54902299956828,32.85862100004111],[-96.54899300032938,32.85862900026284],[-96.5489670003901,32.85863199977985],
[-96.5489539999713,32.85862900026284],[-96.54893200023001,32.85861500025171],[-96.54892600038221,32.85858999974124],[-96.54893300005492,32.85857099977119],[-96.54894300010065,32.85854299972841],[-96.54894099955251,32.858517999952305],[-96.54893399987984,
32.85849899996678],[-96.54891200013851,32.85846599994258],[-96.54888399965111,32.85843200006486],[-96.54884600001628,32.85838499996831],[-96.54881699970396,32.8583519999017],[-96.54876900002338,32.858314999698074],[-96.54873700023634,32.85829300014075],
[-96.5486789996117,32.858259000196725],[-96.54863099993112,32.85824099999917],[-96.5485010002348,32.858197999931626],[-96.5484329995644,32.85817499974654],[-96.54838499988382,32.85815800013082],[-96.54832999963223,32.85814099975729],[-96.54829500037046,
32.858120999846264],[-96.54827199990592,32.858097999641224],[-96.54825299963935,32.858072999739655],[-96.54819900011098,32.858038999711326],[-96.54817300017172,32.858022999915455],[-96.54813100033891,32.85800299997782],[-96.54809600017883,32.857986000329205],
[-96.54806699986652,32.85796899992266],[-96.54804099992724,32.857954999807426],[-96.5480309998815,32.85794599967819],[-96.54798300020092,32.857912000355796],[-96.5479609995613,32.85789599978241],[-96.54792200010156,32.857859000143186],[-96.54788699994147,
32.85782000003768],[-96.54786500020015,32.85778699976088],[-96.54785299960626,32.85776199977167],[-96.54782199964413,32.85770599992124],[-96.54781199959838,32.85768699976183],[-96.54779999990282,32.85766800035292],[-96.54778099963625,32.85764300033017],
[-96.54776499974272,32.85762300030693],[-96.54774200017651,32.857605999830874],[-96.5477139996891,32.857585999799234],[-96.54767799970408,32.85756400006111],[-96.54764900029008,32.85754200031754],[-96.5475949998634,32.85750800008568],[-96.54753399976404,
32.857459999647375],[-96.54750199997699,32.85741299979044],[-96.54749100010633,32.85735800032761],[-96.5474819998855,32.857302000222134],[-96.54747299966468,32.85725600013599],[-96.54747000018993,32.857234000316026],[-96.54745799959605,32.857189000049885],
[-96.54743400020493,32.85711500016625],[-96.547425999809,32.85705399986905],[-96.54743000000695,32.85702100006193],[-96.54743400020493,32.85696899992928],[-96.54744900027353,32.856894999862135],[-96.54745599994624,32.85684299965564],[-96.54747100001484,
32.8567719998179],[-96.54749500030428,32.85671400037595],[-96.54751500039578,32.8566710003228],[-96.54754899983266,32.856613000060186],[-96.54757599959684,32.856567000371406],[-96.54760699955898,32.85652400024699],[-96.5476230003508,32.85649899990185],
[-96.54763300039657,32.85648799989869],[-96.54764699974194,32.85646699975166],[-96.54765699978769,32.856453000153955],[-96.54766699983342,32.85643100013486],[-96.54767400040444,32.85640599976351],[-96.54768100007713,32.8563850003517],[-96.5476850002751,
32.856374000334355],[-96.54765900033581,32.856359999967395],[-96.54764000006924,32.856354000025014],[-96.54761699960471,32.85635300016034],[-96.54759700041156,32.85635900010279],[-96.54757099957396,32.85635800023818],[-96.5475520002057,32.85635200029567],
[-96.54751600022068,32.856330000251525],[-96.54749399958106,32.85631300028224],[-96.5474679996418,32.85629600030977],[-96.5474459999005,32.85628199993045],[-96.54741999996122,32.85627299963155],[-96.54738099960316,32.85627299963155],[-96.54735800003695,
32.85627799971384],[-96.54733499957241,32.85628299979591],[-96.54730899963313,32.85628799987771],[-96.5472700001734,32.85628700001229],[-96.54724099986109,32.85627599998284],[-96.54720200040134,32.85625599965135],[-96.5471570001955,32.85622500003426],
[-96.54712200003539,32.856193999651644],[-96.54709299972308,32.856166000367864],[-96.54706500013397,32.856133000230415],[-96.54705500008824,32.85611600022338],[-96.54702099975304,32.85606600005073],[-96.54699499981378,32.856030000271204],[-96.54697300007247,
32.85599399972243],[-96.54695499963081,32.855961000275634],[-96.54694200011033,32.85594400023566],[-96.54691399962292,32.85589399996606],[-96.54689199988164,32.85586099972744],[-96.54687900036114,32.85584399966828],[-96.54685400024678,32.85580500018618],
[-96.54682499993449,32.855764000189694],[-96.54679700034538,32.855726999661265],[-96.54678399992659,32.85570799983264],[-96.54673700007092,32.85564100008662],[-96.54667699979646,32.855560999670345],[-96.54664199963636,32.855512999687825],[-96.5465949997807,
32.85543000028559],[-96.54658300008514,32.855400000255294],[-96.54656700019162,32.85535300006156],[-96.54655899979569,32.855294999691885],[-96.54655100029808,32.85520400031052],[-96.54654899974994,32.85515999964735],[-96.54654999957485,32.85510199990615],
[-96.54654499955198,32.85502199975847],[-96.54654999957485,32.85496499980731],[-96.54655100029808,32.854929000335645],[-96.54656899984144,32.854847000268705],[-96.54658899993291,32.85479199996966],[-96.54660599965135,32.85475900007577],[-96.54663999998655,
32.85470800000975],[-96.54668099999442,32.85464499979889],[-96.54670100008592,32.85460699967406],[-96.54671799980436,32.85455800004514],[-96.54672899967501,32.854518999997715],[-96.5467429999187,32.854465000135946],[-96.54676399983511,32.8544159996739],
[-96.54679399997234,32.85436899971357],[-96.54683699963003,32.85432899969558],[-96.54688699985874,32.85428599999572],[-96.54695700017895,32.85422099970787],[-96.5470099998824,32.8541690001979],[-96.54705400026334,32.85412000032707],[-96.54709699992102,
32.85407200031957],[-96.54714999962448,32.85401700029473],[-96.54720700042421,32.85395799991459],[-96.54726099995257,32.853898000357525],[-96.54733700012055,32.85385000022991],[-96.54739599967179,32.853807000297884],[-96.54743599985476,32.85375800022708],
[-96.54747000018993,32.85370100021849],[-96.54749699995412,32.85364400017335],[-96.54754499963471,32.8535370000028],[-96.54757599959684,32.85348500009199],[-96.5476230003508,32.85342299966504],[-96.5476430004423,32.85339299971074],[-96.54767699987917,
32.853348999658714],[-96.54771299986419,32.85330600023848],[-96.54773700015363,32.85327600024462],[-96.54775999971986,32.85324899993957],[-96.5477840000093,32.85322500008072],[-96.54780999994856,32.853187000102345],[-96.54782800039023,32.853148000206915],
[-96.5478479995834,32.85308499964298],[-96.54787000022301,32.85301399981629],[-96.5478839995684,32.852945999642046],[-96.54789100013943,32.85292699997246],[-96.54790200001005,32.85286400000625],[-96.54791000040599,32.852822000255486],[-96.54791700007868,
32.85278099963514],[-96.54792100027665,32.85273700003426],[-96.54792100027665,32.85259700033582],[-96.54792299992646,32.852519999916964],[-96.54792600029951,32.852507000359104],[-96.54792799994934,32.85244300018594],[-96.54793399979711,32.85230100020295],
[-96.54793600034526,32.85222099979354],[-96.54794300001795,32.85219300001056],[-96.54794700021591,32.85217699991497],[-96.54795999973639,32.85215000003014],[-96.54797399998009,32.85213100019009],[-96.54798999987364,32.85211699990817],[-96.5480099999651,
32.852108999853854],[-96.54804000010233,32.85209299974318],[-96.5480529996228,32.85207699962956],[-96.54805400034603,32.852021999877294],[-96.54804799959994,32.85200800033283],[-96.5480519997979,32.85199200020389],[-96.5480650002167,32.85197799990004],
[-96.54808899960781,32.85196800000508],[-96.54811399972216,32.85196199976568],[-96.54812700014095,32.85195700019475],[-96.54813399981367,32.85194900012607],[-96.54813499963856,32.851926999744755],[-96.54812899979079,32.85190500011261],[-96.54811899974504,
32.85188800005011],[-96.54808100011022,32.851854999830685],[-96.54806799969141,32.85184599983735],[-96.54805799964568,32.85183500001188],[-96.54802599985862,32.85180400035932],[-96.54799499989649,32.85177100010873],[-96.54794999969066,32.8517320003455],
[-96.54788600011655,32.85168900014167],[-96.54787299969776,32.851678000296815],[-96.54785699980422,32.85166100019081],[-96.54782800039023,32.851627999886965],[-96.54781300032163,32.85160899993514],[-96.5477840000093,32.85157499969344],[-96.54777499978846,
32.85156100007846],[-96.54773600032873,32.8515169998726],[-96.54769799979557,32.8514670001267],[-96.54767699987917,32.851428000229916],[-96.54764799956685,32.8513779996792],[-96.54760699955898,32.85131099968192],[-96.54758200034293,32.85128099976813],
[-96.54752100024356,32.85123299973402],[-96.54747299966468,32.851201999871144],[-96.54740900009057,32.85116800022816],[-96.54735700021203,32.8511419999597],[-96.54729600011267,32.851108000293735],[-96.54721900011977,32.85105499978966],[-96.5471510003477,
32.85101299993723],[-96.54709699992102,32.85098399984787],[-96.54705799956298,32.850967000363575],[-96.54699999983666,32.850935999653096],[-96.54695200015607,32.850912999849264],[-96.54688699985874,32.85088199987458],[-96.54687400033826,32.85087600031646],
[-96.54680700039111,32.85081999989273],[-96.54678499975151,32.850795000204286],[-96.54677200023102,32.85077799992912],[-96.54673399969786,32.85074500005155],[-96.54672799985009,32.85073699987354],[-96.54668900039036,32.850703000052384],[-96.546664000276,
32.85067200000434],[-96.54665400023025,32.8506639998198],[-96.54662300026811,32.85062199978228],[-96.54660400000154,32.85058600005783],[-96.5465949997807,32.85053699971754],[-96.54657700023736,32.850467999977944],[-96.54656200016873,32.85041799964095],
[-96.54655600032096,32.85039000004362],[-96.54655299994789,32.85036500023403],[-96.54655100029808,32.85031299997354],[-96.54655299994789,32.85022499981159],[-96.54655700014587,32.8502090001158],[-96.54655899979569,32.850113000371174],[-96.54656700019162,
32.85002699988282],[-96.54656800001652,32.85001100015134],[-96.54657499968921,32.84995599987315],[-96.54659300013087,32.84987900018115],[-96.54660400000154,32.84984699990724],[-96.54659399995579,32.8497119998746],[-96.54657899988717,32.84963499997081],
[-96.54655499959773,32.84953499983924],[-96.54654299990216,32.84948800031205],[-96.54654100025235,32.84946899990201],[-96.54653500040456,32.84944699966043],[-96.54652799983354,32.84942799999627],[-96.54652600018372,32.84940799963044],[-96.54652000033595,
32.84939199978734],[-96.54650100006937,32.84934999990252],[-96.54648799965058,32.84933300010513],[-96.54646900028233,32.84930600010961],[-96.54644400016795,32.84927199974014],[-96.54642800027445,32.849250000204414],[-96.54641200038091,32.849230999743405],
[-96.54639300011435,32.849202999771585],[-96.54637100037303,32.84918000027325],[-96.54634899973341,32.849157999960035],[-96.54632299979414,32.84913599964141],[-96.54630699990061,32.849124000288555],[-96.54625900022005,32.84908200027687],[-96.54622999990771,
32.84905999993936],[-96.54620200031863,32.849040000245274],[-96.54618499970188,32.84903199991359],[-96.54615999958753,32.849015000055296],[-96.54609199981546,32.848986000067626],[-96.54607599992194,32.84897799973108],[-96.5460600000284,32.84897200004418],
[-96.54603999993692,32.84896399970631],[-96.5460240000434,32.84895200033025],[-96.54600800014987,32.84894399999059],[-96.54598899988329,32.848934999701996],[-96.54597299998977,32.84892400027035],[-96.54595999957098,32.84891300008272],[-96.54591199989041,
32.84886500027704],[-96.54590600004262,32.848856999929524],[-96.54589299962383,32.848842999885726],[-96.54588400030131,32.84883500029092],[-96.54587699973031,32.84882599999126],[-96.54585199961595,32.84880400034496],[-96.54583900009547,32.848795000042166],
[-96.54581700035416,32.84877600023842],[-96.54580399993537,32.84876699993273],[-96.54579399988961,32.848762000181786],[-96.54578399984388,32.848752999874726],[-96.54577200014833,32.84874800012299],[-96.54576200010256,32.848738999814515],[-96.54575200005682,
32.84873400006198],[-96.54573000031553,32.84871400029443],[-96.54571699989673,32.848704999982495],[-96.54568400028478,32.848676999844656],[-96.54559399987309,32.84859300013295],[-96.54536399971931,32.848416000129625],[-96.54518100031952,32.8482500000445],
[-96.54508900025802,32.848130999919725],[-96.545009999717,32.848017000183155],[-96.54493699992206,32.84783599994321],[-96.54490299958687,32.8476449997066],[-96.54489300043944,32.847423000139884],[-96.54489799956399,32.84718299984082],[-96.5449129996326,
32.84707100033443],[-96.5449689997091,32.84693499988133],[-96.54509199973276,32.84674999980714],[-96.54525099974141,32.846572999901454],[-96.54530400034318,32.846525000339454],[-96.54535299984865,32.846479999924625],[-96.54547500004739,32.84640700014239],
[-96.54566099982024,32.846357999758595],[-96.54585900018695,32.846352999871925],[-96.54595600027135,32.846357999758595],[-96.5460730004472,32.846379000034204],[-96.5462209996869,32.84644300005284],[-96.54645000001575,32.84657599982605],[-96.54670399956065,
32.846733000266454],[-96.54728500024201,32.84712300023066],[-96.547397000395,32.847204999888966],[-96.54744300042574,32.84722599996415],[-96.54749899960395,32.847229999834155],[-96.54758999984054,32.84720899975993],[-96.5476869999249,32.84719200030716],
[-96.547826999667,32.84715799988239],[-96.54791700007868,32.84737500028292],[-96.54795200023878,32.847492999947654],[-96.54797999982787,32.84762800033736],[-96.54800699959205,32.84769799998337],[-96.54805599999587,32.84775500007481],[-96.54811899974504,
32.847796999959904],[-96.54837599966301,32.847907000139706],[-96.54848000031839,32.84793699968485],[-96.54865400039566,32.84796000025999],[-96.54880500000839,32.84795399974961],[-96.54886500028287,32.84797099981112],[-96.54889500042007,32.848000000130476],
[-96.5489459995754,32.848072000153806],[-96.54901500007068,32.84818799973306],[-96.54907899964478,32.84826999991664],[-96.54918300030016,32.84836999996441],[-96.54934399995865,32.84855700033995],[-96.5493759997457,32.84859699994134],[-96.54987200003825,
32.848146000033026],[-96.54987200003825,32.84811899967628],[-96.54988799993178,32.84736699980114],[-96.54888000035146,32.847239000295694],[-96.54788000026876,32.846105999837306],[-96.54701099970731,32.845967000224384],[-96.5462499999992,32.84583700024281],
[-96.54336500027713,32.84557799969441],[-96.5433760001478,32.840734999824456],[-96.54552600010102,32.84075900004222],[-96.54552600010102,32.84042500026488],[-96.54553500032186,32.8386400001196],[-96.54553500032186,32.838124000181786],[-96.54553399959862,
32.837689000335345],[-96.54554399964437,32.83411299986741],[-96.54554399964437,32.83401100012989],[-96.54554399964437,32.833582999850066],[-96.54487199962473,32.83357900011989],[-96.54425800022972,32.83357300014689],[-96.54398399969502,32.83357099990419],
[-96.54364300011147,32.83357699987733],[-96.54335600005629,32.833616000070265],[-96.5434480001178,32.82924300021226],[-96.54218100007141,32.82862900007851],[-96.54137299960932,32.827955999925095],[-96.53889799996607,32.82803799992724],[-96.54186600042713,
32.82354600030216],[-96.54357199996636,32.82372600001283],[-96.54347700043013,32.82363000031317],[-96.54347200040725,32.82251899987367],[-96.54278299977085,32.82216700021408],[-96.54234900030089,32.8218199996733],[-96.54255699981505,32.82033199999711],
[-96.54087399984203,32.81813999991417],[-96.53497399980324,32.81470300013947],[-96.53359600032707,32.814771000164676],[-96.53287699955345,32.81342899981667],[-96.53365900007626,32.81341799976099],[-96.53377600025212,32.81154799995197],[-96.53507000006272,
32.81155999985333],[-96.53505300034428,32.810791999879555],[-96.53427599984433,32.81083100026235],[-96.5351539997283,32.808753000303724],[-96.53491100005405,32.80812000028994],[-96.53487099987107,32.804363999958234],[-96.53486500002329,32.803777999984796],
[-96.53215100000546,32.79815000013206],[-96.53150999994793,32.79788800014429],[-96.5306549996302,32.79749300030298],[-96.53009399993861,32.79726199971637],[-96.5295640002092,32.79698799977561],[-96.52929999972024,32.79686799989399],[-96.52917699969659,
32.796825000306015],[-96.52907499958934,32.79680800027001],[-96.52891200028104,32.79679899998311],[-96.52878000003655,32.79677400018817],[-96.52859599991355,32.7966969996884],[-96.52846399966906,32.79667100008319],[-96.52832099955394,32.79666300031931],
[-96.52818900020776,32.79661100032629],[-96.52778099977877,32.79639699983151],[-96.52754700032536,32.79628600024711],[-96.52730299992787,32.7962249996886],[-96.52611000039964,32.795916999918404],[-96.5258960001394,32.795840000186764],[-96.52573299993279,
32.795814000330985],[-96.52555999968041,32.79580599973485],[-96.52482699956141,32.79580599973485],[-96.52454100022946,32.79574600014934],[-96.52367500004105,32.795797000101615],[-96.52329799957418,32.795840000186764],[-96.52260600036138,32.795874999661144],
[-96.51995699974253,32.79608899990201],[-96.5197230002891,32.79609699971752],[-96.5195600000825,32.79607199972528],[-96.51937699978438,32.796037000328376],[-96.51926100033177,32.796027999963435],[-96.51926800000444,32.79572700032254],[-96.51926299998159,
32.794746999894144],[-96.5192999997915,32.79297199982831],[-96.51930399998946,32.79264799986874],[-96.51934900019532,32.78962599968403],[-96.50917799966403,32.78943299989603],[-96.50905200016564,32.788989999808244],[-96.50852499991096,32.78703599986767],
[-96.50736199962164,32.78567700004345],[-96.50224900012851,32.77970399989805],[-96.50218300000627,32.77893299971616],[-96.5029379998666,32.77652799993018],[-96.50318899993677,32.77597199973969],[-96.50355399980975,32.774975000256504],[-96.5032619997317,
32.774909000057114],[-96.50112799967198,32.77449000014442],[-96.50075199992834,32.77441600008643],[-96.50008900012953,32.77651099979111],[-96.49854099987574,32.78139299992564],[-96.49810200038291,32.78310299974054],[-96.4974110000967,32.785789999838876],
[-96.49708999970635,32.787731999868505],[-96.4962350002869,32.79290799979004],[-96.49341099976587,32.79288199983208],[-96.49200700035043,32.793993000027946],[-96.49154500039309,32.79435800004847],[-96.49150900040807,32.79438699975207],[-96.49092500025198,
32.79484699980083],[-96.49091500020623,32.79807200030288],[-96.49091400038131,32.7983399998362],[-96.4899069997276,32.798343999642825],[-96.4899069997276,32.7985429997988],[-96.48989599985696,32.799018000351374],[-96.4898859998112,32.79952099966594],
[-96.4898849999863,32.7997290001991],[-96.48988300033648,32.80135999967255],[-96.48986700044294,32.802328000064506],[-96.4898649998948,32.80244599993911],[-96.48987099974258,32.80285899977696],[-96.49102399998617,32.80284799992316],[-96.49102099961313,
32.80580699987263],[-96.4918499999916,32.805799999854734],[-96.49286000012006,32.80582099990669],[-96.49265199970759,32.80616499972769],[-96.49254799995052,32.80642300004108],[-96.49230500027627,32.80680099983262],[-96.49219899997107,32.80713799972348],
[-96.49208799964299,32.807430000027374],[-96.49170400040174,32.80791599989028],[-96.49176100030316,32.808146000322026],[-96.49166599986859,32.8082370003745],[-96.49155999956338,32.80831899970309],[-96.49144300028583,32.80839700035693],[-96.49138200018645,
32.80843099976872],[-96.4911029996289,32.80850700027215],[-96.49087800039631,32.80846999967753],[-96.49062099958005,32.80858599965369],[-96.49057799992232,32.80870099983205],[-96.49044599967786,32.80908400022621],[-96.49003700032225,32.80964999968728],
[-96.48931400024898,32.81012000012064],[-96.48931099987593,32.81013800026128],[-96.48933900036334,32.810590000333384],[-96.48936699995244,32.81114200006947],[-96.4891810001796,32.811134999716735],[-96.48902200017093,32.81113600009073],[-96.48901999962281,
32.81040399965005],[-96.4889500002009,32.81023000016832],[-96.4887660000779,32.81008700023076],[-96.48876699990281,32.81006900007978],[-96.48850800033505,32.80995499979383],[-96.4882170000819,32.80995600018105],[-96.48795099994314,32.809892000288336],
[-96.48773599985796,32.8098709996882],[-96.4875700001766,32.80981600021423],[-96.48716199974761,32.80980800012315],[-96.48702600020347,32.80971900019411],[-96.48647100035971,32.809576000189345],[-96.48624799987863,32.809615999986804],[-96.48602199992283,
32.80958999962973],[-96.48589700024937,32.80954100006863],[-96.4856339995853,32.80956299962838],[-96.4853809998653,32.80950500029687],[-96.4851680003283,32.809482999967734],[-96.48491800008304,32.80947800026964],[-96.48463500022582,32.8094979998152],
[-96.48442699981337,32.8094979998152],[-96.48413899993326,32.809472999816315],[-96.48376099964152,32.80945799996462],[-96.48365799970935,32.809620000041114],[-96.4833999999665,32.809655000130654],[-96.48315800011714,32.80973400000174],[-96.48316700033799,
32.8098009996654],[-96.48317300018576,32.80984199975016],[-96.48323400028514,32.80982899998315],[-96.483275000293,32.80982099989324],[-96.48386100009893,32.809709999704324],[-96.48408200003188,32.80979100030479],[-96.48461599995925,32.81008599984496],
[-96.48455700040802,32.81033000002491],[-96.48453899996636,32.81052000012189],[-96.48459400021795,32.81054499982626],[-96.48465399959409,32.81057299990959],[-96.48476499992216,32.81052699976804],[-96.4848369998922,32.81032100035196],[-96.48496300028889,
32.81018700024826],[-96.48525899966658,32.81021000003253],[-96.4853940002841,32.81016999974738],[-96.48559400030065,32.8102509999286],[-96.48580699983766,32.8104010000133],[-96.4859070002951,32.81045599988025],[-96.48599699980846,32.81053200016208],
[-96.48606600030375,32.810621999656725],[-96.48608700022015,32.81071999982489],[-96.48607999964915,32.81081599988485],[-96.48594199955689,32.81093399981649],[-96.48574800028645,32.81114099969553],[-96.48551099956167,32.81139800029324],[-96.48532599961374,
32.811608999811206],[-96.48505299980226,32.81182000033821],[-96.48482199982358,32.811997999673984],[-96.48465299976917,32.81222400017467],[-96.48441099991985,32.8123160001872],[-96.48426399960675,32.812575999970115],[-96.48420900025349,32.81267400024846],
[-96.48411200016909,32.8128440003208],[-96.48409700010049,32.812871000080314],[-96.48324199978273,32.813139000296296],[-96.48320499997281,32.813298999758224],[-96.48367000030322,32.81329499986953],[-96.48455800023294,32.81285299973824],[-96.48459199966982,
32.81259600032848],[-96.48485500033384,32.81249700036046],[-96.48496199956566,32.812653000305794],[-96.48503899955854,32.812613999967624],[-96.48505199997734,32.812549000121024],[-96.48520199976517,32.81239199963328],[-96.48533700038271,32.81228099963559],
[-96.48535099972808,32.812093999863315],[-96.48546000040635,32.811943000006366],[-96.4858589997162,32.81169000019086],[-96.4868370000576,32.8115149998374],[-96.48692400009624,32.81158100005429],[-96.4874710004424,32.811608999811206],[-96.48755099991004,
32.811750000340574],[-96.48691400005049,32.81224500021877],[-96.48737500018295,32.81244200024667],[-96.48734699969553,32.812716000118954],[-96.48731300025867,32.812831000237914],[-96.48718699986198,32.81326199964871],[-96.48840500040288,32.81323199971187],
[-96.48858399960471,32.81322900017064],[-96.48864200022935,32.81322900017064],[-96.48874900035946,32.81304600002841],[-96.488765000253,32.81300899981355],[-96.48884499972061,32.8128240000183],[-96.48885099956841,32.81280700002189],[-96.48886999983498,
32.8128039997113],[-96.48894000015517,32.812793000333265],[-96.48903600041464,32.812793000333265],[-96.48909900016382,32.8127189996775],[-96.48904399991225,32.811698000112514],[-96.4890399997143,32.81154399998451],[-96.4892029999209,32.81154599996827],
[-96.48937799982308,32.811549000321314],[-96.48938899969374,32.812335999849026],[-96.48940799996032,32.81264499971511],[-96.48942399985384,32.812923000377026],[-96.4894849999532,32.812991999852514],[-96.4897310000005,32.813156000229206],[-96.48998000042086,
32.81325700016329],[-96.4900120002079,32.8132579997584],[-96.4904349998072,32.813268000238835],[-96.49048599986082,32.81328500014712],[-96.49092199987894,32.813313000122065],[-96.49072799971017,32.81348999989469],[-96.4907589996723,32.81360600011317],
[-96.49078399978666,32.81366700006969],[-96.49083300019046,32.81376800017796],[-96.49085800030483,32.813882000102375],[-96.4908209995966,32.81397799976636],[-96.4907710002662,32.81401999977551],[-96.49070000012107,32.81409799995544],[-96.49068199967941,
32.81412899994021],[-96.49067099980876,32.814196999649766],[-96.49072100003747,32.81431299970026],[-96.49078299996175,32.814375999846504],[-96.49087099982529,32.81441799966747],[-96.49099200019911,32.81445899988706],[-96.49111900042074,32.814489999745874],
[-96.49123300022354,32.81453400018445],[-96.49145699963121,32.81469099990755],[-96.4917570001052,32.814932000039086],[-96.49189400037253,32.815194000374085],[-96.49216800000893,32.81542400008897],[-96.49229299968239,32.815676999842715],[-96.49233100021554,
32.81584500032257],[-96.49240599966029,32.81598100008295],[-96.49242400010196,32.81613300019053],[-96.49227299959091,32.81640599969105],[-96.49215600031334,32.81651300007675],[-96.49206400025184,32.816639999781664],[-96.49195899977154,32.81673800010754],
[-96.49182900007521,32.81685000013193],[-96.49170100002868,32.816946999917604],[-96.49165599982285,32.81707100034554],[-96.49170699987646,32.817157000297215],[-96.49182900007521,32.817231000276756],[-96.49191199991589,32.817322999634875],[-96.49201400002313,
32.81739299977194],[-96.49206599990167,32.81745200029763],[-96.49213600022188,32.81745200029763],[-96.49228900038274,32.81741999965912],[-96.49253899972969,32.81737700019843],[-96.49262800031646,32.817355000308325],[-96.49287099999071,32.8173489999942],
[-96.49308900044892,32.81744700029301],[-96.4933000003361,32.81770400001618],[-96.49336999975799,32.817881000101174],[-96.49344699975089,32.81799000005908],[-96.4935880002162,32.81792900005062],[-96.4937990001034,32.817957000072056],[-96.49400300031789,
32.818070000365616],[-96.49402300040938,32.81808299968199],[-96.49422099987778,32.81821000016249],[-96.4944829998186,32.81851599986716],[-96.49450899975788,32.81859599969999],[-96.49452800002445,32.818655000181735],[-96.4946169997129,32.818694000133185],
[-96.49471999964507,32.81872500002427],[-96.49481599990455,32.81876899987556],[-96.49492399985957,32.818828000242355],[-96.4950329996395,32.8189079997943],[-96.49512600042425,32.81900400006743],[-96.49529899977829,32.81931600023872],[-96.4955609997191,
32.81946699964505],[-96.49573399997148,32.81947700018166],[-96.49598300039182,32.819585999691334],[-96.49599599991228,32.81955899970747],[-96.49647899978606,32.81980600037209],[-96.49662000025137,32.81985400003643],[-96.49686600029867,32.81998100025007],
[-96.49704799987353,32.82007500032691],[-96.49711900001864,32.82012299984591],[-96.49722699997366,32.82024100025181],[-96.49731099963927,32.820386000241655],[-96.49722100012589,32.820434999861924],[-96.49709899992716,32.82047200000404],[-96.49693300024582,
32.820530999994816],[-96.49670899993981,32.82058999994637],[-96.49650499972533,32.82070299991058],[-96.49644100015122,32.82075699992956],[-96.49633200037127,32.820886000135594],[-96.49628700016542,32.8211010000627],[-96.4963130001047,32.82118200009341],
[-96.49637000000611,32.82129999984757],[-96.49638599989963,32.8214670000058],[-96.49637300037915,32.82161200025924],[-96.4963409996938,32.8218040001422],[-96.49625799985311,32.82191700007195],[-96.49612999980658,32.82197200035986],[-96.49570200018442,
32.822079000081175],[-96.49555499987132,32.82207400033696],[-96.49538199961897,32.822062999841805],[-96.49528000041002,32.82206800034157],[-96.49518400015056,32.822062999841805],[-96.49507500037062,32.82205200010021],[-96.49479400016322,32.82204199985347],
[-96.49469100023106,32.822046000103256],[-96.49455099959067,32.8220850000759],[-96.49437200038882,32.822094000067125],[-96.49421199965695,32.8220850000759],[-96.494102999877,32.8220850000759],[-96.49404500015069,32.82208000033196],[-96.49401300036364,
32.822079000081175],[-96.49396899998271,32.822133000018624],[-96.49387299972324,32.82215299973551],[-96.4938219996696,32.822218000105295],[-96.49376999979107,32.82227300020685],[-96.49371299988967,32.82228800016003],[-96.49366799968382,32.82233199975633],
[-96.49363599989677,32.822407000201906],[-96.49367400042992,32.822578000014694],[-96.49371299988967,32.82284200017849],[-96.49365799963807,32.82322999969291],[-96.49356200027692,32.823375000088184],[-96.49340900011605,32.82352399967502],[-96.49320999992443,
32.82363799991469],[-96.49307000018234,32.823642000092605],[-96.4928910000822,32.82360000010271],[-96.4927439997691,32.82354099988561],[-96.49257700026284,32.82352399967502],[-96.49247500015558,32.823460999976454],[-96.49231500032202,32.82342799975704],
[-96.4921300003741,32.82332599982489],[-96.4920530003812,32.823289000116596],[-96.49197600038829,32.82322999969291],[-96.49186099986227,32.8231859997865],[-96.49170100002868,32.82315999962566],[-96.49155999956338,32.82305800014066],[-96.49138399983629,
32.82294900036168],[-96.49127199968329,32.82289299968216],[-96.49120599956105,32.8228850000136],[-96.49114500036,32.822907000044104],[-96.49109299958315,32.82295299981571],[-96.49098999965099,32.823213000177766],[-96.49084499988604,32.823421999853096],
[-96.49076500041839,32.823511999879685],[-96.49056899970151,32.82375099977606],[-96.49042800013451,32.82389499984535],[-96.49033900044604,32.82400800013473],[-96.49028099982141,32.82414300000467],[-96.49032000017947,32.824170000104964],[-96.4903710002331,
32.824177999657856],[-96.49062899997597,32.82414700015985],[-96.49071400036479,32.82415400024223],[-96.49095700003903,32.82423000013084],[-96.49100899991755,32.82426100035479],[-96.4910959999562,32.824357000127314],[-96.49127599988125,32.82447699988588],
[-96.49188299960356,32.825093999934424],[-96.49205599985594,32.82519000031642],[-96.49247799963032,32.82534700008065],[-96.4926309997912,32.82534700008065],[-96.49284900024941,32.825292999832456],[-96.49307900040317,32.82522299988121],[-96.49336700028326,
32.825163999987325],[-96.49378900005766,32.825082999813276],[-96.49461400023817,32.82489000000483],[-96.49482500012536,32.82486899992993],[-96.49499800037773,32.82486899992993],[-96.49511300000546,32.8248959998096],[-96.49522799963317,32.824947999862225],
[-96.49538199961897,32.82497000013667],[-96.49541400030434,32.824947999862225],[-96.49604000029322,32.825013999914255],[-96.49624000030977,32.825040999749845],[-96.49637300037915,32.825040999749845],[-96.49639900031842,32.82498700007046],[-96.49690399993348,
32.82435299998159],[-96.49712800023948,32.824164999723536],[-96.49738400033252,32.823831999655084],[-96.49768399990818,32.823621999956075],[-96.49769700032695,32.82358299990341],[-96.49803600026067,32.82330999981012],[-96.49809399998699,32.8232450002394],
[-96.49811300025357,32.82316900026288],[-96.49815099988841,32.8228850000136],[-96.49813199962182,32.82271899974514],[-96.49812599977405,32.82241199992738],[-96.49810700040578,32.822261999736334],[-96.49813199962182,32.822228999826386],[-96.49848999982211,
32.82225100001937],[-96.49870800028033,32.82228800016003],[-96.49888700038046,32.82236400013536],[-96.49902799994746,32.82244499976934],[-96.49917500026056,32.8226060000807],[-96.49934099994191,32.822826000076496],[-96.49938600014775,32.82294999984775],
[-96.49948200040723,32.82309000025814],[-96.49957100009567,32.82313799965781],[-96.49975100002072,32.82319199970639],[-96.49981499959485,32.82342799975704],[-96.49986599964846,32.82363799991469],[-96.4998690000215,32.824005000202334],[-96.50003800007592,
32.82434199976868],[-96.50019799990947,32.82472799983796],[-96.50020799995522,32.82484000035759],[-96.50026499985663,32.824925000118554],[-96.50035899956798,32.82497199981822],[-96.50040999962158,32.82503000037697],[-96.50049099981244,32.8250659998978],
[-96.50054799971386,32.82516699988052],[-96.50059200009478,32.82528400016536],[-96.50069900022491,32.82542100003196],[-96.5007619999741,32.82553200022078],[-96.50078700008845,32.825649000024804],[-96.50082499972328,32.825759999928636],[-96.50089400021858,
32.825827999794434],[-96.5009379997012,32.82592899966549],[-96.50102599956475,32.82600299988679],[-96.5011009999078,32.82604500025013],[-96.50113299969486,32.82610300010826],[-96.50113299969486,32.82615100014438],[-96.50108900021225,32.82622500018066],
[-96.50120999968775,32.826404999746394],[-96.50122999977923,32.82644800012129],[-96.50141100042751,32.826606000126205],[-96.50159899985019,32.826682000181364],[-96.50165099972871,32.82675100029426],[-96.50169599993454,32.82683199970203],[-96.50170900035334,
32.82693400013723],[-96.5017410001404,32.82702499981978],[-96.5017410001404,32.82713399988084],[-96.50176000040697,32.827225000113295],[-96.50177999960015,32.82739800009074],[-96.5019100001948,32.82770299966221],[-96.50199300003547,32.82787200023098],
[-96.50207699970107,32.827975999840525],[-96.50226400019714,32.82805200023303],[-96.50231900044871,32.828065000353234],[-96.5024230002058,32.82803500013103],[-96.50255399972703,32.828018000025715],[-96.5027479998958,32.82801199967696],[-96.50283800030749,
32.82802999996719],[-96.50296299998094,32.82803500013103],[-96.50309400040052,32.828081999694675],[-96.50328199982317,32.82821200001241],[-96.50341300024274,32.82826800035777],[-96.50344099983184,32.82831899976539],[-96.50342699958813,32.828350000071836],
[-96.50333700007477,32.82833800017365],[-96.50328099999828,32.828350000071836],[-96.50324699966308,32.82841400025636],[-96.50328799967097,32.82843100028582],[-96.50344099983184,32.82844300017149],[-96.50344699967964,32.82850700028894],[-96.50341800026563,
32.828566999649524],[-96.50337800008265,32.82872700001081],[-96.50331600015836,32.82890799996353],[-96.50317700024121,32.8290530001474],[-96.50302499990524,32.82914699968206],[-96.50288000014028,32.82921100004702],[-96.5027689998122,32.82929200023055],
[-96.50267900029883,32.82934399997396],[-96.50249199980276,32.82934399997396],[-96.50236700012931,32.82929799973796],[-96.50222900003702,32.82922199965696],[-96.50209000011986,32.82918600031096],[-96.50186199961591,32.829174999941756],[-96.5015150001846,
32.829282000044145],[-96.50140499968141,32.82928999989141],[-96.50133199988649,32.82931199984517],[-96.50126699958916,32.82930399999983],[-96.50124599967276,32.82927500036591],[-96.50128599985574,32.82922500016788],[-96.50135000032815,32.82918600031096],
[-96.50135700000085,32.82912900037308],[-96.50130099992435,32.82910600020241],[-96.50117600025088,32.829151999783],[-96.50107300031871,32.82921600014436],[-96.50100299999852,32.829301000246375],[-96.50095500031796,32.82941999995061],[-96.50094100007423,
32.82954099982885],[-96.50089300039366,32.82958900027136],[-96.50080299998199,32.82961100015104],[-96.50065700039211,32.82958300002875],[-96.5004809997667,32.82970300027483],[-96.50032900032905,32.82985299997702],[-96.50023200024467,32.82992400021566],
[-96.500073000236,32.830016000015256],[-96.50001499961138,32.83006400020108],[-96.49993500014375,32.830131999790794],[-96.49972799955619,32.830430000198426],[-96.49900100018328,32.83117499986158],[-96.49853099983,32.83168700036507],[-96.49803200006272,
32.832151999776855],[-96.49785200013767,32.832355000251525],[-96.4976999998017,32.832605999828644],[-96.49761000028833,32.832856000076504],[-96.49758900037193,32.83306400033204],[-96.49755500003674,32.83315200014831],[-96.49746499962505,32.83317600015163],
[-96.49742299979226,32.83320500002125],[-96.49741000027178,32.83330300018731],[-96.49752700044763,32.83361800031195],[-96.49751999987664,32.83387399992795],[-96.49745799995236,32.834018000189566],[-96.49741000027178,32.8340890001173],[-96.49737500011169,
32.8342229996455],[-96.497292000271,32.83432700012001],[-96.49723000034673,32.83433899996371],[-96.49717400027025,32.83437300001526],[-96.49705000042168,32.83450200007019],[-96.4968970002608,32.83469400001549],[-96.49685600025292,32.834822000251584],
[-96.49682799976551,32.83485100033841],[-96.49673099968113,32.83489200018473],[-96.49658599991618,32.83497800024266],[-96.4964260000826,32.83504800005282],[-96.49630200023405,32.835065000321826],[-96.49613599965437,32.83503699965499],[-96.49576199956057,
32.83500199975248],[-96.49557499996283,32.83496699983616],[-96.49548499955114,32.83498500022616],[-96.49542299962685,32.83501400025976],[-96.49542900037295,32.83508400004148],[-96.49562299964339,32.83526399976602],[-96.49569899981138,32.83537399962768],
[-96.49571700025304,32.83549300025086],[-96.49568999959054,32.835649999915724],[-96.49561299959765,32.835812999879735],[-96.4954889997491,32.835952999637776],[-96.49541299958112,32.836028999996216],[-96.49536400007561,32.836068999960084],[-96.49531600039504,
32.83608100032314],[-96.49526000031855,32.836033000370826],[-96.49521199973967,32.83600500000922],[-96.49512200022629,32.83601699962613],[-96.495052999731,32.836046000077374],[-96.49496999989032,32.836104000196784],[-96.49493200025549,32.836250000043194],
[-96.49491299998891,32.83637999972503],[-96.49489999957012,32.836590000202456],[-96.49489299989743,32.83660800026342],[-96.49489299989743,32.83664900005317],[-96.49489799992028,32.83667500003884],[-96.49490999961587,32.83669999993085],[-96.49493599955512,
32.83671900005541],[-96.49503199981461,32.836822999870535],[-96.49512200022629,32.83685400022734],[-96.49524100005198,32.83684699963641],[-96.49531200019707,32.836787999917334],[-96.4953349997633,32.83671399962576],[-96.49537499994626,32.836635000348004],
[-96.49544600009138,32.83658800002779],[-96.49552499973412,32.8365679997876],[-96.49563500023727,32.836575999733256],[-96.49571399988,32.83655600024515],[-96.49590300002588,32.83646300033972],[-96.49599799956212,32.83638199990444],[-96.49607700010316,
32.83629699978755],[-96.49617199963939,32.83627099969117],[-96.49628200014256,32.83627099969117],[-96.49638500007472,32.836250000043194],[-96.49651099957312,32.836171000352564],[-96.49665299986333,32.83613099967985],[-96.49666899975685,32.83609199983683],
[-96.49662899957387,32.836032000277186],[-96.496699999719,32.83593899982285],[-96.49686299992561,32.835876999969024],[-96.4969890003223,32.83581099968752],[-96.49724200004229,32.83566499987399],[-96.49743899968577,32.83551799972089],[-96.49769099958085,
32.83540599983628],[-96.49805399980401,32.83525400025216],[-96.4982279998813,32.83518800026227],[-96.49854699972353,32.83489300029122],[-96.4986649997243,32.83476000037259],[-96.49881500041046,32.83462100035255],[-96.49889400005316,32.83447399998057],
[-96.49901999955155,32.83427599963397],[-96.49918600013122,32.834051000248095],[-96.49933599991903,32.83382600029204],[-96.49946999981333,32.83365300000521],[-96.49962799999707,32.833547000007634],[-96.49997500032673,32.83325600036764],[-96.5002280000467,
32.83301600025825],[-96.50043300008612,32.83288999994111],[-96.50058299987396,32.83277199973358],[-96.50077200001984,32.832691999836314],[-96.50089800041654,32.832593000373194],[-96.50101700024221,32.832540000134905],[-96.50115100013652,32.832531999825584],
[-96.50129300042676,32.83251999973768],[-96.50137999956706,32.83249299991135],[-96.50157700010887,32.832446999796964],[-96.50176600025476,32.832373999796246],[-96.50191600004258,32.832293000159495],[-96.50202099962456,32.832229999887716],[-96.50217899980832,
32.832355000251525],[-96.50228199974049,32.83242800026786],[-96.50234500038799,32.832514999826365],[-96.5023610002815,32.8327269998946],[-96.50242400003069,32.83292600004996],[-96.50250299967342,32.832973000044305],[-96.50271600010873,32.8329990003517],
[-96.5028809999652,32.83298600019896],[-96.5030080001868,32.832917999775425],[-96.5031420000811,32.83283300011632],[-96.50318100043917,32.83279900022989],[-96.50328400037134,32.83271399970203],[-96.50341800026563,32.832580000161016],[-96.503543999764,
32.832468999723375],[-96.5036550000921,32.83241600016589],[-96.50377300009285,32.83238900030796],[-96.5041990000652,32.83236299982196],[-96.50433299995953,32.832329999890916],[-96.50440400010463,32.83227000005347],[-96.5044440002876,32.83219699990725],
[-96.50455399989245,32.83211000003716],[-96.504649000327,32.83201099992514],[-96.50469600018269,32.83189900014565],[-96.50482199968106,32.83176000017575],[-96.50490100022209,32.831718999638035],[-96.50501199965186,32.83173300011834],[-96.50512999965264,
32.83177799970624],[-96.50528000033877,32.831858999812766],[-96.50537499987502,32.8319580000943],[-96.50540599983715,32.83205799964898],[-96.50542199973067,32.832229999887716],[-96.5054019996392,32.83246200029636],[-96.5053589999815,32.83297900005786],
[-96.50532700019444,32.833157000023746],[-96.50531899979852,32.83331699966305],[-96.50524799965339,32.83340399986017],[-96.50519199957691,32.833536000178654],[-96.50519199957691,32.83370799981881],[-96.5051770004066,32.83378800031032],[-96.50509799986558,
32.83382699965576],[-96.50509799986558,32.833914000107924],[-96.50516099961477,32.833979000173265],[-96.50525600004933,32.83404699978418],[-96.5053110003009,32.83415899987353],[-96.50544500019522,32.834337999850995],[-96.50555499980007,32.83452400024225],
[-96.50560300037897,32.83464299974031],[-96.50563400034109,32.834795000370505],[-96.50561900027249,32.83490800037737],[-96.50550799994438,32.83501400025976],[-96.50534200026306,32.83513299985589],[-96.50538999994363,32.83523300036363],[-96.50544500019522,
32.83528599974926],[-96.50549200005088,32.83534599981304],[-96.50551600034032,32.835418999634705],[-96.50550799994438,32.83544499998063],[-96.50542900030169,32.835457999773354],[-96.50532700019444,32.835464999719],[-96.50528700001146,32.83547800026359],
[-96.505302999905,32.835531000257724],[-96.50545299969282,32.8356969999777],[-96.50568200002168,32.83596899963914],[-96.50583900038052,32.83629500036101],[-96.50595300018331,32.836427000155425],[-96.50604000022197,32.83649999984306],[-96.50606299978818,
32.836584999765606],[-96.50612700026059,32.836671999779604],[-96.50624500026137,32.83669199999637],[-96.50629999961464,32.83665200031319],[-96.50656499992851,32.836339999901284],[-96.50681500017377,32.83593500019882],[-96.5069790002053,32.83572400033935],
[-96.50708100031255,32.83554500013697],[-96.50715199955935,32.83539300003596],[-96.50719699976518,32.83517200012011],[-96.50721900040482,32.83497499992607],[-96.50722600007751,32.834607999682476],[-96.50733400003254,32.83427899997418],[-96.50734200042845,
32.83418000001608],[-96.50731399994106,32.833989999947356],[-96.50735699959876,32.833920000057894],[-96.50740500017764,32.833867999974885],[-96.50748399982038,32.83382699965576],[-96.50754699956957,32.83384799987678],[-96.50768899985978,32.83396100033412],
[-96.5077829995711,32.834079999831935],[-96.50794900015077,32.83423799984479],[-96.50817799958132,32.83455000009541],[-96.5083590002296,32.834809000365745],[-96.50839100001666,32.83489599985575],[-96.50839100001666,32.83498099980434],[-96.50825700012236,
32.83522699974759],[-96.50824899972643,32.83532000019292],[-96.50821699993938,32.83539300003596],[-96.50811499983213,32.83543100008562],[-96.5080279997935,32.83543100008562],[-96.50792499986133,32.835503999837385],[-96.5077680004008,32.83571699965931],
[-96.5077049997533,32.8359100000914],[-96.50761799971467,32.8361350000498],[-96.50761400041503,32.836205999794245],[-96.50761000021707,32.83629400027033],[-96.5076410001792,32.83641299966045],[-96.50791800018864,32.83679800001322],[-96.50794099975485,
32.8369109997351],[-96.50791800018864,32.83703699962946],[-96.5078179997312,32.837277000191506],[-96.50771200032432,32.837334000182466],[-96.50752300017844,32.837452000365275],[-96.5074439996374,32.83752499996489],[-96.50735699959876,32.83761800026742],
[-96.5073099997431,32.837711999792404],[-96.50728600035197,32.83787699989026],[-96.50728600035197,32.837949999895194],[-96.50724699999391,32.83802299984005],[-96.50713099964295,32.83807900003625],[-96.50691800010593,32.838284999995736],[-96.50680000010517,
32.83843100002936],[-96.50658300037018,32.83885800027454],[-96.50620099988043,32.839438000261005],[-96.50598800034344,32.83969399970025],[-96.50582699978662,32.83996499989724],[-96.50571700018178,32.84026599989545],[-96.50556599967072,32.840801000219045],
[-96.50552700021098,32.84091300009023],[-96.50545600006586,32.84096599985868],[-96.50531399977565,32.84097800031456],[-96.5052689995698,32.84094199969688],[-96.50518800027726,32.84088699983618],[-96.50512499962976,32.8408200002206],[-96.50500599980407,
32.840752999799676],[-96.5048459999705,32.840676999711604],[-96.50470600022842,32.84068500004174],[-96.50458499985459,32.84072900033505],[-96.50443500006678,32.84082499966421],[-96.50415899988224,32.841093000072284],[-96.50403800040672,32.841169999839956],
[-96.50383599984204,32.84124300015595],[-96.50338599958026,32.841330000133574],[-96.50304099979876,32.84138899985305],[-96.50284300033037,32.84145799985896],[-96.50268799962136,32.84149999970499],[-96.50248000010721,32.841526999811244],[-96.50235399971051,
32.841500999737036],[-96.50225099977834,32.84144100005935],[-96.50217999963324,32.84144800028802],[-96.50194100015695,32.841528999874626],[-96.50186699963878,32.841521000375366],[-96.50182999982884,32.84148900010667],[-96.50171500020113,32.84146800018349],
[-96.50164999990379,32.84148499997793],[-96.50160399987305,32.841526999811244],[-96.50157999958361,32.841613000234496],[-96.50146699960568,32.84164699976453],[-96.50140700022955,32.84167899997626],[-96.50126499993934,32.84195500028583],[-96.50116200000718,
32.842042000320355],[-96.50102599956475,32.84210100032127],[-96.5009379997012,32.84215300011052],[-96.5007839997154,32.842194000358226],[-96.50057100017838,32.84229999984332],[-96.50027999992524,32.842361999739786],[-96.50015199987872,32.84238100016195],
[-96.5001080003961,32.84239499971572],[-96.50007099968788,32.842508999881204],[-96.5000099995885,32.84257399969156],[-96.4999309999458,32.84257399969156],[-96.49985300012798,32.84256800032646],[-96.4998199996177,32.84259400008807],[-96.49980600027232,
32.84262399991966],[-96.4996999999671,32.84272300027317],[-96.49945800011778,32.84290599965238],[-96.4993629996832,32.842951000369936],[-96.4992770003678,32.84296499983373],[-96.4992630001241,32.842944000259806],[-96.49924800005549,32.84293100005381],
[-96.4992060002227,32.842878999965656],[-96.49914199975028,32.84286599975022],[-96.49905700025977,32.84285800037138],[-96.4987559999609,32.842878999965656],[-96.49862299989151,32.84288099999865],[-96.49850599971565,32.84288900013015],[-96.49844799998932,
32.84289200017927],[-96.49832400014077,32.8428339999664],[-96.4982560003687,32.842828999881206],[-96.49792800030563,32.842825999829955],[-96.49779000021339,32.84286499973355],[-96.4977640002741,32.84287199984992],[-96.49747200019607,32.84297199994221],
[-96.49725299991294,32.84304100022701],[-96.49704299985066,32.843001999646056],[-96.49697000005573,32.84300999976665],[-96.49691599962907,32.84307099990751],[-96.4969059995833,32.84315600033093],[-96.49684299983412,32.84316199965628],[-96.4967509997726,
32.84321700037152],[-96.49675999999344,32.84326600022526],[-96.49677000003919,32.84332400015583],[-96.49682399956754,32.843378000005075],[-96.49768200025837,32.84379199977037],[-96.4977910000383,32.843943999830294],[-96.49793699962817,32.84429799996376],
[-96.49799199987974,32.844443999918816],[-96.4979740003364,32.84460500034558],[-96.4979829996589,32.8446650001486],[-96.49801000032141,32.844726999902534],[-96.49799199987974,32.84489599976646],[-96.49790999986398,32.84518699974261],[-96.49787300005407,
32.84521800019738],[-96.49783700006905,32.84523300004834],[-96.49780000025912,32.8452639997323],[-96.49777299959663,32.845278000340734],[-96.4977910000383,32.845309000008996],[-96.49781000030488,32.84533199975586],[-96.49783700006905,32.84535600024007],
[-96.49784600028987,32.845378999974756],[-96.49786399983323,32.84557099979153],[-96.49784600028987,32.84560100012628],[-96.49774599983246,32.845722999823565],[-96.49774599983246,32.84581599983894],[-96.49773699961162,32.845892000055024],[-96.49769099958085,
32.84596100033391],[-96.49767300003752,32.84597600005927],[-96.49759100002176,32.84597600005927],[-96.497544999991,32.845998999633345],[-96.49755400021184,32.846022999937134],[-96.49774599983246,32.846083000291024],[-96.4977640002741,32.846106999817444],
[-96.49778199981746,32.84616800009395],[-96.49782799984821,32.84657499985121],[-96.49783700006905,32.8467279996462],[-96.49780799975672,32.84686600035977],[-96.4977840003656,32.847011999863845],[-96.49768899993104,32.8472779997695],[-96.49742799981514,
32.84759899989637],[-96.497404000424,32.84765600005141],[-96.49742799981514,32.847703999756405],[-96.4974320000131,32.847729000315674],[-96.4974250003404,32.84775500007481],[-96.49740100005094,32.84776299976698],[-96.49736400024103,32.84775200019007],
[-96.49734999999734,32.84771200020781],[-96.49727499965427,32.847695000096685],[-96.49721699992793,32.84767100024501],[-96.49718299959274,32.847673000170005],[-96.49716300039958,32.84769000028534],[-96.49716300039958,32.84771200020781],[-96.49718000011802,
32.84773500008661],[-96.49726499960852,32.84778599963256],[-96.4973059996164,32.84779999984313],[-96.49736400024103,32.84784800022487],[-96.49736400024103,32.84790099962574],[-96.49734999999734,32.847923000250546],[-96.49722699997366,32.848018000141764],
[-96.49717300044531,32.848103000355465],[-96.49716300039958,32.848146000033026],[-96.49710099957697,32.84823499994879],[-96.49698599994926,32.84832299982013],[-96.49693499989563,32.84835100006966],[-96.49681699989486,32.84844700021117],[-96.49673900007706,
32.84857099967419],[-96.49666799993194,32.84864599984352],[-96.49637699967882,32.84875699967591],[-96.49619699975374,32.84880700019416],[-96.49612700033187,32.84881599974109],[-96.49602699987442,32.84878499978845],[-96.49592700031532,32.84872299985079],
[-96.49579000004798,32.84872299985079],[-96.49573700034453,32.848685000208405],[-96.49554700037372,32.848430000240796],[-96.49554200035087,32.84839099976391],[-96.49533800013636,32.84848100014203],[-96.49536400007561,32.84849199962853],[-96.4954390004187,
32.84852900015542],[-96.49551800006141,32.8486670003324],[-96.49574900004009,32.84888000026626],[-96.49579000004798,32.84892900001218],[-96.49581500016231,32.84897899967886],[-96.4957080000322,32.849002999931436],[-96.49562099999358,32.84899800019378],
[-96.49556200044233,32.84896199981041],[-96.49553300013002,32.84892300032195],[-96.49535300020497,32.84898200027677],[-96.49526600016632,32.848987999963],[-96.49509100026415,32.84902700017758],[-96.4950329996395,32.84901699995],[-96.49496900006541,
32.84897799973108],[-96.4948700003312,32.849002999931436],[-96.49446299972712,32.849207000307175],[-96.4943349996806,32.84924099994685],[-96.4942009997863,32.849252000093834],[-96.49414300005996,32.849270999795664],[-96.49407299973979,32.84933899976764],
[-96.49401500001345,32.84933899976764],[-96.49400900016568,32.84929100019239],[-96.49398599970114,32.849252000093834],[-96.49392200012704,32.84925699981717],[-96.49378300020986,32.849285999716265],[-96.4937010001941,32.849309999885854],[-96.49366000018622,
32.84933899976764],[-96.49364299956947,32.84940299991566],[-96.49369500034632,32.84949100013806],[-96.49370700004188,32.849579000273245],[-96.49365500016336,32.84968699987394],[-96.49354999968304,32.849774999814755],[-96.4931949998558,32.849935999626375],
[-96.49308500025096,32.84997500017893],[-96.49297399992285,32.85004300036611],[-96.49281099971626,32.85015000022217],[-96.49248500020134,32.850312000040795],[-96.49243300032279,32.85037099982676],[-96.49245000004123,32.850467999977944],[-96.49247000013271,
32.850520000147604],[-96.49245300041429,32.850630999899835],[-96.49241599970603,32.85066900021821],[-96.49231000029916,32.850710000305206],[-96.49211299975734,32.850724000054456],[-96.49141700034657,32.85081400033036],[-96.49116100025353,32.850833999624626],
[-96.49110000015415,32.8508170001116],[-96.49105900014627,32.850732000233585],[-96.49098100032846,32.85071300008995],[-96.4909339995745,32.85072100027007],[-96.49091000018335,32.850743000195784],[-96.49089799958948,32.850770999681664],[-96.49083400001537,
32.8507909997403],[-96.49071799966443,32.85087299978254],[-96.49069400027328,32.85092800024697],[-96.49058399977012,32.85094800027021],[-96.49039100032459,32.850944999738736],[-96.49030500011088,32.8509210000114],[-96.49027099977567,32.85088399972721],
[-96.49022399992,32.850867000223765],[-96.49016899966841,32.850867000223765],[-96.49011500014005,32.850910999997275],[-96.49010500009432,32.85093100002435],[-96.49003700032225,32.85094800027021],[-96.48989699968186,32.85096199998191],[-96.48970000003837,
32.85095199997245],[-96.48956600014407,32.85088399972721],[-96.4891739996086,32.8506639998198],[-96.48871099982631,32.85038900011175],[-96.4886599997727,32.85036800003044],[-96.48858799980268,32.85036099975064],[-96.48831599981611,32.850290000008215],
[-96.48824399984609,32.85023200010212],[-96.48815900035557,32.85019800008746],[-96.4877590003225,32.84977799963111],[-96.48760000031385,32.84966299980636],[-96.4875130002752,32.84964799994943],[-96.48745999967346,32.84965700016577],[-96.48733199962693,
32.849701999724225],[-96.48725100033438,32.84974099962499],[-96.48722799986984,32.849784000018154],[-96.4872449995883,32.84980500023771],[-96.48731900010645,32.849804000299244],[-96.4874200003888,32.849833999957774],[-96.4874859996127,32.84988499980673],
[-96.48765899986508,32.849946999687205],[-96.48798699992813,32.850294999673075],[-96.48808800021048,32.85037099982676],[-96.48822200010477,32.850414999846215],[-96.48848999989339,32.85049299975851],[-96.4886809996891,32.850565999952984],[-96.48876299970486,
32.850644999661554],[-96.48883899987283,32.85076099965068],[-96.48894699982786,32.85087299978254],[-96.48900399972928,32.85092599964071],[-96.48907999989726,32.85096199998191],[-96.48913099995087,32.85099900023358],[-96.4892099995936,32.85107000016331],
[-96.48929699963223,32.85113800026602],[-96.4893209999217,32.851216000297434],[-96.4893209999217,32.85127500023694],[-96.48936699995244,32.85143600034557],[-96.48941899983097,32.85151400011504],[-96.48958200003759,32.851655999848255],[-96.48958799988537,
32.851694999644884],[-96.48949499999895,32.85176300002321],[-96.48948300030338,32.85181199968648],[-96.4894489999682,32.8518860002201],[-96.4894489999682,32.85194399979974],[-96.48943999974738,32.852004999837206],[-96.48942600040199,32.85203199976621],
[-96.48927599971584,32.85208299986113],[-96.48926200037046,32.8521249999617],[-96.48926400002028,32.85214299989092],[-96.48926700039333,32.8521580000807],[-96.48930900022611,32.85219800032279],[-96.48937699999819,32.85220700028049],[-96.48943800009755,
32.85217600000322],[-96.48949900019691,32.8521249999617],[-96.48962899989326,32.85202700019923],[-96.48969300036568,32.851959000023164],[-96.48980200014562,32.851795000360816],[-96.48984300015351,32.851764999855995],[-96.48987999996342,32.851694999644884],
[-96.48991900032149,32.85163899973804],[-96.48995799978123,32.851601999753306],[-96.49001300003282,32.851580999959026],[-96.49022399992,32.851560000159786],[-96.49029199969208,32.85156399983445],[-96.49039100032459,32.851601999753306],[-96.49050699977721,
32.85165799968344],[-96.4905539996329,32.85169999998518],[-96.4905750004476,32.85173400017897],[-96.49065099971727,32.851820999683255],[-96.49066499996098,32.851915999929346],[-96.4907300002583,32.85201800022328],[-96.49083200036554,32.8521609998165],
[-96.49089699976456,32.85223799979224],[-96.49091000018335,32.8523479997495],[-96.49095100019125,32.852403000054295],[-96.49106199962101,32.85273099984691],[-96.4910959999562,32.853005999842914],[-96.4910959999562,32.85310200023079],[-96.49108699973536,
32.853150000008476],[-96.49107199966674,32.85324299978679],[-96.49102800018413,32.85339099991466],[-96.49102399998617,32.85348899967988],[-96.49101399994044,32.853527000283556],[-96.49102399998617,32.853573999935335],[-96.49102800018413,32.85366500023394],
[-96.49103800022988,32.85369300030706],[-96.49106199962101,32.85372400005429],[-96.49111600004768,32.85376500023887],[-96.49117700014706,32.85388400035442],[-96.49122800020068,32.853958999806245],[-96.49126800038366,32.85408999985375],[-96.4912850001021,
32.85411400023325],[-96.4913360001557,32.85412700031031],[-96.4913779999885,32.854177000066464],[-96.49138300001137,32.854256000333166],[-96.49146699967697,32.85484000034227],[-96.49145300033156,32.854867000163146],[-96.4913150002393,32.855012000206536],
[-96.49127599988125,32.85508499970156],[-96.4911179996975,32.855455000177336],[-96.49096000041206,32.85572800028762],[-96.49090400033558,32.85579200035501],[-96.4907300002583,32.85612999987427],[-96.49054399958716,32.856547000105564],[-96.49050099992944,
32.85660999972034],[-96.49048300038609,32.85663599989564],[-96.49039799999727,32.85709199970037],[-96.49029900026306,32.85727499963314],[-96.4902580002552,32.857336999631904],[-96.49022100044527,32.857366999761865],[-96.49016299982064,32.85739100000942],
[-96.48998100024576,32.85764099987532],[-96.48997700004782,32.85777699976605],[-96.49000499963691,32.857800999902686],[-96.49003899997207,32.85781000004656],[-96.49006200043661,32.85782699972898],[-96.49007599978201,32.85787499996864],[-96.49006599973625,
32.857899999926],[-96.49004200034513,32.85791300020289],[-96.49001499968264,32.8579439999848],[-96.4899910002915,32.85801200010126],[-96.4899979999642,32.858082999701175],[-96.48997100020001,32.85810300037532],[-96.4899569999563,32.85813699962452],
[-96.48989599985696,32.858150999711086],[-96.48988199961323,32.85818600029506],[-96.48988199961323,32.858293999983545],[-96.48990199970474,32.8583249996323],[-96.48997700004782,32.858338999689146],[-96.49000399981199,32.85837599988278],[-96.4899989997891,
32.85848599977576],[-96.48989699968186,32.85863199977985],[-96.48981899986404,32.858673999798505],[-96.48957399964168,32.85870800033806],[-96.48955000025053,32.858728000116685],[-96.48952299958805,32.85877900013546],[-96.48952599996109,32.858803000001004],
[-96.4896180000226,32.85885999974996],[-96.48967599974893,32.85891099969288],[-96.48967900012197,32.85893900037406],[-96.48966900007623,32.85900000012966],[-96.48963899993899,32.859026000359066],[-96.4892580001725,32.85903899971634],[-96.48918500037756,
32.85909100014472],[-96.48911199968431,32.85910500008073],[-96.48901999962281,32.859073999950006],[-96.48888400007868,32.85898700001207],[-96.48883499967486,32.8589919999414],[-96.48884700026876,32.85903399978966],[-96.4889209998886,32.85909100014472],
[-96.48905599960783,32.85918399973204],[-96.48916699993589,32.859276999976444],[-96.4892589999974,32.859370000123306],[-96.4892589999974,32.85941999994292],[-96.48920399974581,32.859462000343086],[-96.48914199982154,32.85953499994921],[-96.48914900039256,
32.85957099981558],[-96.4891240002782,32.85960199977261],[-96.48909900016382,32.859667999718106],[-96.48908099972216,32.859695000333325],[-96.48900100025455,32.85972100035908],[-96.48892699973638,32.85979299992616],[-96.48879799986496,32.85993699963965],
[-96.48869999995567,32.860024999978314],[-96.48854599996987,32.860185000233166],[-96.48825800008977,32.86053099966529],[-96.48806700029408,32.860742999976516],[-96.48794400027043,32.86090299969081],[-96.4879069995622,32.8609650001722],[-96.48779100010955,
32.86113400004717],[-96.48774199970575,32.861257999889084],[-96.48761899968211,32.861423999783355],[-96.4875629996056,32.861485999900566],[-96.4875330003667,32.861614999786426],[-96.48748999981066,32.861728000357076],[-96.48746499969631,32.8617440002393],
[-96.48731800028153,32.86195599991498],[-96.4872809995733,32.861975999715845],[-96.48723799991558,32.86203800020171],[-96.4872320000678,32.862069000051136],[-96.48717599999132,32.862152000032765],[-96.48717000014354,32.86222300009178],[-96.48715199970187,
32.86223999968297],[-96.48708999977758,32.86224999992923],[-96.48706600038645,32.86223999968297],[-96.48705899981545,32.862152000032765],[-96.48698600002052,32.862115999704834],[-96.48692400009624,32.862115999704834],[-96.48684100025557,32.862129999917904],
[-96.48682000033916,32.862136000224204],[-96.48682600018695,32.86216700003931],[-96.4868510003013,32.86221399964107],[-96.48686299999687,32.86228099970455],[-96.48686899984465,32.862368999981356],[-96.4868510003013,32.86243999986665],[-96.48682899966167,
32.862443000009364],[-96.48680100007259,32.862457000170835],[-96.48675199966878,32.862461999904625],[-96.48674599982101,32.8624980000921],[-96.48678900037703,32.8625640001464],[-96.48678299963092,32.86259600036085],[-96.48675199966878,32.86266799985794],
[-96.48668499972163,32.862751000033555],[-96.48650700034473,32.86286399991146],[-96.48647600038258,32.8628950002267],[-96.48645700011602,32.862993000056775],[-96.48643899967435,32.86305000013142],[-96.48638400032107,32.863054999831775],[-96.4863650000545,
32.86308600008031],[-96.4863650000545,32.86318299991166],[-96.48633400009236,32.863240999651225],[-96.48623600018307,32.863342999751694],[-96.48602699994571,32.86350399984172],[-96.4859780004402,32.86352000015807],[-96.48594699957975,32.863607999960095],
[-96.48587399978483,32.863715000056196],[-96.48562199988974,32.86389700012761],[-96.48545000036061,32.863995000359594],[-96.48532700033695,32.86413399964827],[-96.48495200041823,32.864490000269235],[-96.48491499971,32.86456199973781],[-96.48476200044745,
32.86467099973384],[-96.48469399977705,32.86469699981001],[-96.4846820000815,32.86473800020488],[-96.48464500027157,32.864794999912576],[-96.48460799956334,32.86481000022668],[-96.48444500025504,32.86490800020433],[-96.48435900004131,32.86496600032491],
[-96.48425500028422,32.86504899985905],[-96.48417900011624,32.86514299975577],[-96.48417499991828,32.865219000016886],[-96.4841260004128,32.86525400007551],[-96.4840700003363,32.86527000007614],[-96.48396599968092,32.86526499974615],[-96.48389799990885,
32.86527000007614],[-96.48379999999956,32.8652959999767],[-96.48371399978583,32.86533799985805],[-96.48359699960997,32.86543999981034],[-96.48352999966282,32.86548699994125],[-96.48347399958632,32.86550200013829],[-96.48337599967704,32.86548699994125],
[-96.48330200005718,32.86546100009668],[-96.48325900039949,32.865518000094234],[-96.48323500011003,32.8655750000551],[-96.48324699980562,32.865662000321905],[-96.48319800030012,32.865692999659174],[-96.48307500027647,32.865704000029915],[-96.48292700013846,
32.86569899972435],[-96.48282900022919,32.865813000131425],[-96.48274300001545,32.86581699991798],[-96.48251500040983,32.865801999774206],[-96.48244199971656,32.86584799995561],[-96.48236800009673,32.86585900030708],[-96.48228799973079,32.86582299997477],
[-96.48216499970714,32.86571300012645],[-96.48207299964562,32.865584999925325],[-96.48199900002578,32.86543600000679],[-96.48197499973634,32.86537399963269],[-96.48191899965985,32.86534300018391],[-96.48187000015434,32.86537399963269],[-96.48184500004,
32.86541900027363],[-96.4820989995849,32.86593400019793],[-96.48209299973712,32.86609899988536],[-96.48208699988933,32.866144999912706],[-96.48198800015514,32.86620699974778],[-96.48196399986568,32.86627999983879],[-96.48197599956124,32.86640799979124],
[-96.48205599992718,32.86646100017729],[-96.48212399969925,32.866543000071445],[-96.48214799998868,32.86662100013969],[-96.48217599957779,32.86686999989839],[-96.48217899995085,32.866944999688734],[-96.48215800003445,32.86704000033807],[-96.4820500000794,
32.86720500023126],[-96.48196999971346,32.86729699986917],[-96.48192700005576,32.86736500036034],[-96.48197599956124,32.867401000066664],[-96.48197200026159,32.86743999973204],[-96.4819580000179,32.86746799998417],[-96.4819019999414,32.86752500020073],
[-96.4817610003744,32.86763400032751],[-96.48168699985625,32.86766900018752],[-96.48148400036499,32.867747000019875],[-96.48139800015124,32.86782900023394],[-96.48090799970647,32.86833799985736],[-96.48083200043682,32.868356999998674],[-96.48074600022309,
32.86841899979626],[-96.48073299980429,32.86848100030495],[-96.48065300033667,32.868546999679246],[-96.48059800008508,32.86867700033804],[-96.48029299958824,32.869090000040416],[-96.48015299984615,32.869329000209916],[-96.48000399988324,32.869628000010444],
[-96.47995399965453,32.86978000032495],[-96.47996799989822,32.86981599980534],[-96.47996399970026,32.869838000277014],[-96.47984200039986,32.869925999845606],[-96.47981499973734,32.86998700034412],[-96.47983900002681,32.870055000281404],[-96.47986599979097,
32.870082999707854],[-96.47990699979887,32.87010599982292],[-96.47992000021766,32.87013399998773],[-96.4799029996009,32.870265999998956],[-96.47988000003468,32.870302999743956],[-96.47985900011828,32.87040599972754],[-96.47988000003468,32.87048299971044],
[-96.47990000012616,32.8705109997562],[-96.47989599992822,32.87057199985225],[-96.47988000003468,32.87059600029909],[-96.47984499987459,32.87058999981074],[-96.47982700033124,32.87060100032846],[-96.47983700037697,32.87064599982588],[-96.47989799957803,
32.87069699978192],[-96.47991900039274,32.87072699991989],[-96.47993199991322,32.87077799982934],[-96.48001399992899,32.87076799979026],[-96.48005099973892,32.87078900032379],[-96.48006300033279,32.870808999641625],[-96.48003800021843,32.87086300011626],
[-96.48003800021843,32.870944000012095],[-96.4800569995867,32.87098400008238],[-96.48006300033279,32.87102600028763],[-96.48008800044714,32.87110400018494],[-96.48011600003623,32.87124799964093],[-96.48010199979254,32.8712990000052],[-96.48008400024918,
32.871309999680506],[-96.48002399997473,32.87137399982187],[-96.48002700034777,32.87139500021192],[-96.48011100001335,32.87165699991691],[-96.48013799977754,32.87171500015009],[-96.4802199997933,32.87203399999998],[-96.48017899978542,32.872050999973915],
[-96.48013799977754,32.872086000353924],[-96.48013100010485,32.8721599998184],[-96.48022599964109,32.87220000009454],[-96.48025999997627,32.87226200022289],[-96.48025900015138,32.872286000212256],[-96.4802540001285,32.87248000001348],[-96.48027099984694,
32.87259199988429],[-96.48031199985483,32.8726650000002],[-96.4804290000307,32.87279700001574],[-96.48047199968838,32.872858999726546],[-96.48049799962766,32.87289800000921],[-96.48053399961267,32.873043000000386],[-96.48066199965919,32.87336900032697],
[-96.4806759999029,32.87340499985905],[-96.48070900041316,32.873672000270744],[-96.48076399976644,32.87383800031625],[-96.48088599996517,32.874157999736056],[-96.4810490001718,32.87450700021718],[-96.48121099965519,32.874739999911945],[-96.48142300026561,
32.874991999977226],[-96.48155200013704,32.875111999936124],[-96.48164699967327,32.87528300006848],[-96.48175999965117,32.87544500000876],[-96.48189400044382,32.875447000062074],[-96.48238399999026,32.87544099990205],[-96.48247900042482,32.87543600014558],
[-96.48252999958011,32.87564899993153],[-96.48252700010538,32.87568799974132],[-96.48252700010538,32.87571700005296],[-96.48254399982382,32.87582500027173],[-96.48253399977807,32.87595900015074],[-96.48252700010538,32.87597200004375],[-96.4826049999232,
32.87600500034399],[-96.48267799971812,32.87613699991315],[-96.48270899968027,32.876208999732526],[-96.48280400011483,32.876306999937526],[-96.48298800023782,32.876428999656454],[-96.48323000008718,32.87657799996354],[-96.48329200001145,32.876633999968604],
[-96.48344799964705,32.87674700026183],[-96.48363199977007,32.87688199988922],[-96.48380199964939,32.87700000028927],[-96.48398400012258,32.87713399990097],[-96.4841470003292,32.877249000323935],[-96.48435099964537,32.87739300036105],[-96.48451100037727,
32.87750599968676],[-96.48460099989065,32.8775350001581],[-96.4847110003938,32.87755300021175],[-96.48477999999079,32.87757999990817],[-96.48482500019664,32.87759399994312],[-96.48484600011302,32.877632999651595],[-96.48487600025025,32.877688999744656],
[-96.48514499986376,32.877838999819566],[-96.48548799999544,32.87797600004341],[-96.4858369999749,32.878132000365326],[-96.48591300014289,32.87815299990892],[-96.48601400042521,32.87816800022655],[-96.48613999992361,32.87815600027446],[-96.48624000038103,
32.878186999770186],[-96.48626100029742,32.878196000108524],[-96.48638699979581,32.878269999753904],[-96.48648200023037,32.878324999827576],[-96.48659000018539,32.87823500030656],[-96.48667999969877,32.8783009999642],[-96.48662100014754,32.87839199978885],
[-96.48658199978946,32.878501999750625],[-96.48661100010179,32.878626999815864],[-96.48663500039123,32.87866199986285],[-96.4866820002469,32.878731000303056],[-96.48677799960807,32.87881500014324],[-96.48687999971531,32.8788910000019],[-96.48695400023347,
32.87896899976924],[-96.48698900039356,32.87904900019438],[-96.4870400004472,32.879153000186484],[-96.48710800021925,32.879224999819314],[-96.48714099983123,32.879259000023815],[-96.48719899955753,32.87932000013606],[-96.48727200025078,32.879400999849274],
[-96.4872799997484,32.87940800010038],[-96.48729099961905,32.87948099988449],[-96.48729900001496,32.87953599996113],[-96.48727800009856,32.87980400036748],[-96.48724999961117,32.87990200037001],[-96.48721899964902,32.88027399985529],[-96.48718500021216,
32.88049699978383],[-96.4868930001341,32.88091999989975],[-96.48656599989596,32.881343999842954],[-96.48634099976506,32.88184100012448],[-96.48623199998512,32.881960000288366],[-96.48609600044098,32.88204700031977],[-96.4858029996397,32.882155999943755],
[-96.48570800010347,32.882217999898415],[-96.4856529998519,32.88228600026124],[-96.48559199975251,32.882446999902626],[-96.48556499998834,32.88273899998205],[-96.48556499998834,32.88285900001474],[-96.48554499989685,32.882949999686076],[-96.48548999964527,
32.88303500037234],[-96.48539900030697,32.883130999940015],[-96.48536800034485,32.88318400013613],[-96.4853099997202,32.883237999862054],[-96.48526299986455,32.88325499995059],[-96.48523500027545,32.88330499988148],[-96.48521900038193,32.883395000289426],
[-96.4851969997423,32.88342499990217],[-96.48519099989451,32.883527999727484],[-96.4851470004119,32.88361799990901],[-96.48511399990163,32.88382000001711],[-96.48513700036617,32.88404100021665],[-96.4850829999395,32.884372000085435],[-96.48502900041112,
32.88437899994397],[-96.48498300038037,32.88435899991562],[-96.48487500042535,32.88436599977518],[-96.48484399956489,32.884469000015585],[-96.48483600006728,32.884520999864435],[-96.48483600006728,32.884572999682774],[-96.4848290003946,32.88459899995766],
[-96.484774000143,32.88461099979184],[-96.48475099967847,32.884663999857224],[-96.4847520004017,32.88469599963935],[-96.48471600041668,32.88479600010994],[-96.48462099998213,32.884938999658964],[-96.48454499981413,32.885002000225846],[-96.48439300037649,
32.88508799999334],[-96.48428000039858,32.885199000236554],[-96.48422299959887,32.885268000113804],[-96.48410899979605,32.885315999832756],[-96.48392600039627,32.88543300002879],[-96.4837680002125,32.88558700022542],[-96.48369200004454,32.88561899967424],
[-96.48353999970857,32.885671999891144],[-96.48342199970779,32.88578300015716],[-96.48334899991285,32.88584100020013],[-96.48313800002566,32.885947000336614],[-96.48309299981982,32.88599499968771],[-96.48297300016922,32.88613899984818],[-96.48283400025204,
32.88635599993082],[-96.48277099960454,32.886487999926274],[-96.48269500033489,32.88671200033725],[-96.48256899993818,32.886881999691965],[-96.48239700040905,32.887288999710684],[-96.48226500016456,32.88773699968833],[-96.48220599971502,32.88786599985292],
[-96.48215300001156,32.88797999966658],[-96.48213899976787,32.888415000347514],[-96.48212399969925,32.888547000293066],[-96.48219499984437,32.88884799989633],[-96.48211899967639,32.88899300019735],[-96.4820700001709,32.8891620002071],[-96.48208000021664,
32.889394999848264],[-96.48205299955416,32.88967899998084],[-96.48202599978997,32.88990800031721],[-96.48203099981284,32.890205999865415],[-96.48209000026237,32.89028199976191],[-96.48213100027026,32.890531000196845],[-96.48213600029314,32.890676000006565],
[-96.48195200017012,32.890848999989196],[-96.4816690003129,32.89095900033014],[-96.48166400029004,32.89101400007222],[-96.48211299982859,32.89099200033033],[-96.48214100031602,32.890982999782906],[-96.48223699967716,32.89095999980461],[-96.482317999868,
32.89095599964374],[-96.48236999974655,32.89096800012568],[-96.48245299958722,32.891018999704194],[-96.48250500036407,32.89112599990774],[-96.48251500040983,32.89128100024127],[-96.48255899989243,32.89162699976905],[-96.48264799958089,32.89180599996447],
[-96.48270399965739,32.891935999702746],[-96.48270000035774,32.891970000310714],[-96.4827339997946,32.89215700002694],[-96.48266299964952,32.892211000319286],[-96.48267600006831,32.89227599991512],[-96.48268799976387,32.89233499969264],[-96.48262099981672,
32.89241200023812],[-96.4826059997481,32.892505000327716],[-96.48266199982459,32.892468000044246],[-96.48276300010693,32.892444999697084],[-96.48287100006198,32.892515000177426],[-96.482979000017,32.89253199999481],[-96.48802000043841,32.890301999962034],
[-96.4883719998926,32.89011999978482],[-96.48877500029873,32.88995299981961],[-96.48885899996432,32.88996599992309],[-96.488941999805,32.89000500022196],[-96.48900399972928,32.890062000279755],[-96.48905300013307,32.89012599970545],[-96.48911300040754,
32.8902170002118],[-96.48916799976081,32.89033699992424],[-96.48911599988226,32.890482000051456],[-96.48904800011022,32.89063400006007],[-96.48897399959205,32.8907000002903],[-96.48831499999119,32.89099699996355],[-96.48817000022623,32.89107599986391],
[-96.48803299995888,32.89117700014957],[-96.48792500000386,32.89124899981987],[-96.48779399958428,32.89130199968648],[-96.48763700012375,32.891342999846124],[-96.48720500030363,32.8914800003157],[-96.48619799964992,32.89194399993575],[-96.4842729998276,
32.8928900001385],[-96.48363799961784,32.89315100021852],[-96.48359199958709,32.89321999993777],[-96.48343299957845,32.89337199977461],[-96.48331200010294,32.89346199976356],[-96.48312299995705,32.893537999884124],[-96.48291100024494,32.893563000346255],
[-96.48276800012981,32.89360800025508],[-96.48247299967869,32.89374800007678],[-96.48229100010383,32.89386700009077],[-96.48207900039172,32.8940389996826],[-96.48207900039172,32.89412199990555],[-96.48207199982072,32.894191000377106],[-96.4820490002545,
32.89426699987226],[-96.4819580000179,32.89433699966722],[-96.48176899987202,32.89445800002276],[-96.48176300002423,32.894562000034206],[-96.48174499958256,32.89470599984851],[-96.48167099996273,32.89483000025533],[-96.48166500011494,32.89494800014061],
[-96.48162199955893,32.89504099983075],[-96.48157300005342,32.89512799984178],[-96.48153600024351,32.89516999992065],[-96.48155499961177,32.895432000249976],[-96.48161599971114,32.89609599997468],[-96.481732999887,32.897045000067045],[-96.48177499971979,
32.897238999981106],[-96.4818309997963,32.897287000003175],[-96.48195299999503,32.897302000098975],[-96.48214999963851,32.897292000035414],[-96.48237599959434,32.89727099974726],[-96.48265199977885,32.897238999981106],[-96.48275100041137,32.89723500010382],
[-96.4827689999547,32.89726099968019],[-96.48252399973234,32.897367999887074],[-96.48227199983725,32.89748799971865],[-96.48209399956203,32.8975390000692],[-96.48197800010938,32.89760099981995],[-96.4819229998578,32.89765200010545],[-96.48190399959124,
32.89780700033454],[-96.48196800006363,32.89810300016921],[-96.48198399995718,32.89822899988532],[-96.48210699998081,32.898491000217724],[-96.4822049998901,32.89872800002351],[-96.48221099973789,32.898831000161444],[-96.48217399992797,32.89891300028087],
[-96.48218700034676,32.898955000073464],[-96.4822540002939,32.89893900011892],[-96.48226599998947,32.89898099989922],[-96.48224199970004,32.89903700007809],[-96.48224199970004,32.89912000014339],[-96.48229100010383,32.89919200014617],[-96.48230899964719,
32.89935699977459],[-96.48228000023319,32.89966200012975],[-96.48227900040825,32.899675999693024],[-96.48222900017956,32.899793999910834],[-96.4821620002324,32.89985600034581],[-96.4820700001709,32.899932000260115],[-96.48200900007153,32.90000499972944],
[-96.48200300022376,32.900087000270396],[-96.48203300036097,32.9001909997067],[-96.48200900007153,32.90024200000934],[-96.48181200042804,32.9003559997367],[-96.48142599974034,32.900504999787664],[-96.48129699986892,32.90054000024418],[-96.48118700026406,
32.90054600021326],[-96.48109799967727,32.90060700000194],[-96.48093399964574,32.900639000059776],[-96.4808180001931,32.900679999669094],[-96.48072000028382,32.90071999989515],[-96.48065800035955,32.900781999681875],[-96.48053000031302,32.900865000374544],
[-96.48040100044159,32.90090599987929],[-96.48004499989112,32.90097300011443],[-96.47994699998183,32.900983999878044],[-96.47987300036199,32.90102000026039],[-96.47975700001103,32.90102000026039],[-96.47959100032969,32.90098899970157],[-96.47942499975001,
32.90097300011443],[-96.47922300008366,32.90101400032342],[-96.47894699989912,32.901092000227045],[-96.47870800042284,32.90115299963966],[-96.47860299994255,32.90116400013511],[-96.47831500006245,32.90128699968552],[-96.478142999635,32.901333999664836],
[-96.47803300003015,32.9013590001893],[-96.47797799977856,32.90139499966502],[-96.4779100000065,32.90145699973343],[-96.4772480000326,32.90167700033139],[-96.47717400041276,32.90167299990028],[-96.47713099985674,32.90163699978332],[-96.47702100025188,
32.90148800012843],[-96.47693500003815,32.90147699967323],[-96.47668899999086,32.90150800006128],[-96.47651200043886,32.90157499984098],[-96.47635799955475,32.901646000002486],[-96.4762479999499,32.90170400021972],[-96.47613099977403,32.901817000221655],
[-96.47600899957528,32.901967000181756],[-96.47594099980323,32.902129999714525],[-96.47592300025988,32.90223999962301],[-96.47583700004614,32.90230600025678],[-96.47583700004614,32.90237200008707],[-96.47586100033561,32.90245099964786],[-96.47584299989396,
32.90254299965862],[-96.47579400038846,32.902620999724],[-96.4757140000225,32.9026619999242],[-96.47568999973306,32.902713000312325],[-96.47564000040266,32.902779999934616],[-96.475481000394,32.90288700026191],[-96.47539500018028,32.90293500023988],
[-96.47532800023313,32.90301099977466],[-96.47530300011879,32.90306300005387],[-96.47521699990504,32.903108999753265],[-96.47478199971187,32.903274999715975],[-96.47459799958887,32.903387999975934],[-96.47444899962593,32.90346399987616],[-96.47430399986098,
32.90353099968448],[-96.47423100006604,32.903546000231216],[-96.47418199966224,32.903588000089364],[-96.4741570004462,32.9036330001846],[-96.4741570004462,32.90367500000148],[-96.47412599958575,32.90370600037433],[-96.47405299979081,32.90374199965014],
[-96.47397900017097,32.90381300033697],[-96.47386899966779,32.90395299986728],[-96.47379900024592,32.90399600036813],[-96.47375200039025,32.90402399963071],[-96.47361099992493,32.90405499988132],[-96.47346399961184,32.9040410002561],[-96.4733409995882,
32.90406600001635],[-96.47323099998334,32.90413899984907],[-96.47305899955587,32.90432400011652],[-96.47291200014112,32.90449400036801],[-96.47271600032254,32.90469400024608],[-96.47250100023736,32.904849000217986],[-96.47234700025159,32.90493200011574],
[-96.4722429995962,32.90499199982979],[-96.47215700028079,32.9051119998902],[-96.47172399973743,32.90558599963243],[-96.471594999866,32.90571400013965],[-96.47158300017044,32.90580699983827],[-96.47160099971377,32.90593500002603],[-96.4716869999275,
32.90612599990321],[-96.4717360003313,32.906244999878986],[-96.4717980002556,32.906367999914025],[-96.47179099968459,32.90644599962701],[-96.47172999958522,32.90657999995969],[-96.47167500023194,32.90674800030421],[-96.47165699979028,32.906908999989525],
[-96.4716929997753,32.90707400032366],[-96.47176100044567,32.90719800000666],[-96.47185900035495,32.90733700017478],[-96.47185900035495,32.90744000010433],[-96.4718900003171,32.907609000366186],[-96.47192600030212,32.90769099989949],[-96.47190200001266,
32.90776899995534],[-96.47185299960886,32.907820999703],[-96.47167500023194,32.90791800035446],[-96.47161400013258,32.907959999647204],[-96.47147900041337,32.907970000014565],[-96.47139900004743,32.90800599981941],[-96.47138700035185,32.90812400025029],
[-96.47124599988655,32.90817499975511],[-96.47111700001511,32.90818600013244],[-96.47095100033377,32.908166000199515],[-96.47080900004354,32.90819200033766],[-96.47055799997338,32.908324000225164],[-96.47025099982672,32.90845900000932],[-96.46998700023607,
32.90853700014276],[-96.46976600030312,32.90858800016379],[-96.46948400027081,32.90866500015479],[-96.46928199970615,32.908705999819],[-96.46914100013915,32.908721000243254],[-96.46904900007765,32.90877200015834],[-96.46905499992543,32.90881399980018],
[-96.46890099993963,32.90902099989861],[-96.46883399999248,32.909031000146186],[-96.46875399962654,32.909031000146186],[-96.46870500012106,32.90907699976195],[-96.46870500012106,32.90916500033748],[-96.46872400038764,32.90933999969658],[-96.46871699981662,
32.90940200023554],[-96.46847199959424,32.90967500013373],[-96.46835799979142,32.90964699964144],[-96.46831299958558,32.90964699964144],[-96.46826699955481,32.90966299992383],[-96.46823899996573,32.909678000185934],[-96.46820700017868,32.909770000229585],
[-96.46814799972914,32.909903000041695],[-96.46810199969839,32.909954000030076],[-96.46800200013928,32.909995999865345],[-96.46791900029858,32.90998899976845],[-96.46782300003913,32.909965000186375],[-96.46774600004625,32.90995800008702],[-96.46770400021344,
32.90997600034131],[-96.46770900023631,32.910081000243096],[-96.46770400021344,32.91016099972556],[-96.46765900000759,32.91022299968956],[-96.46754400037987,32.9102830003432],[-96.46751699971738,32.91031899996167],[-96.46745599961801,32.91046399980614],
[-96.46742999967873,32.91052500030428],[-96.46738700002103,32.9105759999343],[-96.46738299982309,32.91061000017412],[-96.46736100008177,32.910652999704574],[-96.46734500018823,32.910662999767744],[-96.46727700041617,32.91080399978437],[-96.46722700018746,
32.91092200025676],[-96.4671739995857,32.91103899981573],[-96.46718700000449,32.91121399999551],[-96.46717699995875,32.91133099992267],[-96.46715799969218,32.91148500034532],[-96.46714799964643,32.91158599998243],[-96.46713900032391,32.911789999652164],
[-96.46711800040751,32.911836000096876],[-96.46710599981364,32.91184200005472],[-96.46707999987436,32.91185399996925],[-96.46701299992722,32.911822000193546],[-96.46696799972138,32.91179099964572],[-96.46692199969061,32.9117849996844],[-96.46690400014727,
32.91179800035423],[-96.46689300027661,32.911805000308036],[-96.46688300023088,32.91183500010384],[-96.4669209998657,32.911896999649585],[-96.46697100009442,32.91192600017636],[-96.46702700017092,32.91198399969315],[-96.46702899982074,32.91201000021834],
[-96.46701899977501,32.912150000362494],[-96.46698199996509,32.912188999943076],[-96.46694900035311,32.91220299978831],[-96.46695400037599,32.9122159996426],[-96.46698699998797,32.91224400007651],[-96.46699600020878,32.91227799967565],[-96.46697199991934,
32.912304000114496],[-96.46698100014017,32.91233799969065],[-96.4669760001173,32.91248599995596],[-96.46693400028451,32.91260599966328],[-96.46694699980499,32.912774999867665],[-96.46705599958493,32.91302900031319],[-96.46706599963066,32.91324400017715],
[-96.46704700026241,32.91329999963158],[-96.46700200005655,32.91331300007892],[-96.46697000026953,32.91334200014181],[-96.46696500024665,32.913419999743745],[-96.46705099956206,32.913581000116324],[-96.46705599958493,32.91383399978691],[-96.46710199961568,
32.914065000198946],[-96.46707400002659,32.914190999826815],[-96.46701499957705,32.914372000349],[-96.46698699998797,32.91450200014568],[-96.46699200001082,32.91464000019658],[-96.46700100023166,32.914682000071046],[-96.46701899977501,32.914726999806646],
[-96.46703300001872,32.91482800026954],[-96.46702399979787,32.9148779997243],[-96.46704200023953,32.91492000023992],[-96.46712500008022,32.9151850000711],[-96.46715199984439,32.91530000012089],[-96.46720200007312,32.91537299974058],[-96.46728499991377,
32.9154639999466],[-96.46734900038619,32.915652999727534],[-96.46736199990667,32.91574199974795],[-96.46733000011962,32.91581499975719],[-96.4674129999603,32.91590600026289],[-96.46743999972448,32.91605499978677],[-96.4675119996945,32.91620399981396],
[-96.46755799972526,32.91627099978492],[-96.46759899973314,32.91634699993816],[-96.46763600044137,32.91643999977898],[-96.46766300020555,32.91648200030753],[-96.46771400025919,32.91649299965264],[-96.4677229995817,32.91653099964211],[-96.46770900023631,
32.916565999796596],[-96.46774100002337,32.9165840002154],[-96.4677779998333,32.916600999937245],[-96.46778200003126,32.91663100036995],[-96.46775899956671,32.91668000037616],[-96.46778200003126,32.916742000299024],[-96.46779999957458,32.916815000237605],
[-96.467828000062,32.91689600035722],[-96.46788300031359,32.91697699964865],[-96.46797000035222,32.91714599980289],[-96.46802899990345,32.91717999978153],[-96.46805700039087,32.91720600028867],[-96.46806599971337,32.91727099963795],[-96.46805700039087,
32.91730700018509],[-96.46805200036799,32.91736100022431],[-96.4680749999342,32.91739500012036],[-96.46812799963766,32.91741999988035],[-96.46814500025441,32.917437000195726],[-96.46813900040662,32.91748200003889],[-96.4681800004145,32.91749900034235],
[-96.46823899996573,32.91755999976315],[-96.46824399998859,32.917595000264775],[-96.4682299997449,32.91765900015523],[-96.46821700022443,32.917736999723445],[-96.46821700022443,32.917774999932924],[-96.46824900001148,32.91789799978473],[-96.46831299958558,
32.918054999862136],[-96.46833500022521,32.918078000344806],[-96.46835699996652,32.918131999913626],[-96.46839399977644,32.9181599999843],[-96.46843599960923,32.91817399963925],[-96.46844800020311,32.9182050002139],[-96.46843999980719,32.91824699990489],
[-96.46841499969283,32.9182930000104],[-96.46840700019523,32.918330999981166],[-96.4684409996321,32.91840100036082],[-96.46845900007376,32.91841899965233],[-96.46853699989157,32.918415999896354],[-96.46860499966363,32.91846600034063],[-96.46861399988447,
32.91850099972991],[-96.46868800040262,32.91858500031922],[-96.46873799973302,32.91866900007464],[-96.46880200020543,32.91868099981776],[-96.46886099975667,32.918723000036906],[-96.46891199981029,32.91873100011232],[-96.46893899957448,32.918753999665206],
[-96.46899399982605,32.91884400025171],[-96.46901399991754,32.9189279997613],[-96.46908500006265,32.91902199981827],[-96.46914699998693,32.91906700036368],[-96.46914299978897,32.91909099974032],[-96.46916399970537,32.919161000273014],[-96.46920100041359,
32.919230999996195],[-96.46929099992697,32.91926799965515],[-96.46940999975267,32.91938700006349],[-96.4694189999735,32.919418000213305],[-96.46940599955472,32.9194789998196],[-96.46936899974479,32.91952799975725],[-96.46929599994985,32.91960099966014],
[-96.46928699972901,32.919629000020144],[-96.46929599994985,32.91965200009375],[-96.4693140003915,32.919662999798994],[-96.4693550003994,32.91966000008518],[-96.46952399955548,32.91958700023091],[-96.46966199964776,32.91948300020028],[-96.46971199987647,
32.919485999920084],[-96.46970699985359,32.91952799975725],[-96.46956100026371,32.91964799972071],[-96.46954700002,32.919674000256904],[-96.46948799957046,32.91971699990885],[-96.46947000002712,32.91974799994307],[-96.46947400022508,32.91977500035317],
[-96.46956600028659,32.919817000053186],[-96.46991199989299,32.920308000004745],[-96.46993500035752,32.92036099982432],[-96.47014100022184,32.92068800012908],[-96.47043800032277,32.92130900012813],[-96.4705749996918,32.921622000084774],[-96.47079099960187,
32.92222999967223],[-96.47083300033297,32.92244599968083],[-96.4708409998306,32.9226449998505],[-96.47078700030222,32.92270100014344],[-96.47077800008141,32.92276300037256],[-96.47080700039372,32.92280899963881],[-96.47085300042447,32.92284000009797],
[-96.47091500034875,32.92285399976665],[-96.47102800032667,32.92278999986283],[-96.47107799965707,32.92276699985072],[-96.47121099972644,32.9227719999522],[-96.47124699971145,32.922794999962996],[-96.4712569997572,32.922845000195366],[-96.47124699971145,
32.92290200022969],[-96.47119400000801,32.923034999915714],[-96.4711229998629,32.92311200015854],[-96.47106900033454,32.92319799987062],[-96.47101400008296,32.92325600029562],[-96.47098999979352,32.92326200023341],[-96.47097800009794,32.92329899971513],
[-96.47099399999148,32.923363000004876],[-96.47102800032667,32.92342899997245],[-96.47102800032667,32.923509000209876],[-96.47100300021229,32.92352699997059],[-96.47095700018154,32.92353700008741],[-96.47092799986922,32.92356099975988],[-96.47093600026514,
32.92360600025935],[-96.4709820002959,32.92363099977293],[-96.47104199967205,32.92365099998189],[-96.47105099989288,32.923688999914134],[-96.47110100012159,32.9237549996385],[-96.47116100039604,32.92386499982383],[-96.47118800016021,32.92390000009403],
[-96.4712149999244,32.923948999845834],[-96.47122900016811,32.92404500031194],[-96.47123800038894,32.92406499967333],[-96.47122499997015,32.92418299980982],[-96.47118300013736,32.92426099966032],[-96.47113299990863,32.92432599986023],[-96.4711100003424,
32.92436900026781],[-96.47111500036529,32.924421999917314],[-96.47113799993151,32.92444199994747],[-96.47126099995515,32.92442500022375],[-96.47134299997091,32.92443000023153],[-96.47139400002455,32.92445600011675],[-96.47143900023039,32.924495000307296],
[-96.47145799959866,32.92448000029401],[-96.4715310002919,32.92449100015318],[-96.47163199967594,32.9245379998787],[-96.47166400036127,32.92454899973067],[-96.47168199990465,32.92456299988302],[-96.471707000019,32.9245989997259],[-96.47171799988965,
32.92462600016405],[-96.47174100035419,32.92463299985738],[-96.47174600037705,32.924717999751806],[-96.47175999972245,32.924745000153635],[-96.47186900040072,32.924813000291216],[-96.47194100037072,32.92486899996615],[-96.47192399975397,32.924914999645615],
[-96.47188699994405,32.92493399971942],[-96.47188699994405,32.924976999831536],[-96.4719120000584,32.92504399994708],[-96.47196999978472,32.9251169998239],[-96.4720109997926,32.925159000004626],[-96.4720889996104,32.925159000004626],[-96.47209000033364,
32.92519600020116],[-96.47207400044012,32.92524900010928],[-96.47208600013568,32.925305000262306],[-96.4721239997705,32.925319000294984],[-96.4721859996948,32.92532599993349],[-96.47227699993138,32.925319000294984],[-96.4723060002437,32.92534999987483],
[-96.47231000044168,32.9254100000766],[-96.47226900043378,32.925583999903886],[-96.47224400031942,32.92575499988177],[-96.47224799961907,32.925831000184715],[-96.47224000012146,32.925894000316944],[-96.47224799961907,32.92594699980701],[-96.47228100012934,
32.92596999974651],[-96.47235200027446,32.92598699992749],[-96.47243099991718,32.92601999969284],[-96.47248100014589,32.92605099978106],[-96.47250999955989,32.926099999849704],[-96.47248500034385,32.92617000011618],[-96.47245199983357,32.92621800028838],
[-96.47245199983357,32.926277999901544],[-96.47248100014589,32.92631899970177],[-96.4725310003746,32.92637199969129],[-96.47257599968214,32.92642799988752],[-96.47262199971289,32.92649600023972],[-96.47264699982725,32.92655499983764],[-96.47263299958354,
32.92661400015026],[-96.47260099979648,32.92667900012959],[-96.47259199957566,32.926728999675255],[-96.47260099979648,32.92676000026904],[-96.47263299958354,32.92677099984477],[-96.47274999975942,32.92678600022362],[-96.47278300026969,32.926824000317495],
[-96.47281300040692,32.92690100027904],[-96.47280400018609,32.92700599970737],[-96.4727980003383,32.92728400019872],[-96.47282099990451,32.9273550001001],[-96.47282099990451,32.92740099999521],[-96.47279300031542,32.92747300037301],[-96.47280199963794,
32.92754899995428],[-96.47287100013324,32.92759099973453],[-96.47289600024759,32.92761200037119],[-96.47292100036194,32.92778099981988],[-96.47287899963082,32.92785600007858],[-96.47287899963082,32.92791600008892],[-96.47289600024759,32.92796800006497],
[-96.47290799994315,32.928024000005024],[-96.47294999977593,32.92805800032834],[-96.4729949999818,32.9280639999405],[-96.47303699981458,32.92800599965116],[-96.47312800005119,32.92805199996176],[-96.47320900024204,32.92804099979133],[-96.47323199980825,
32.928047000158664],[-96.47320300039426,32.92808899970248],[-96.47321099989185,32.92812500037277],[-96.47333599956532,32.92814200013967],[-96.47342699980192,32.928134000161045],[-96.4734600003122,32.92813899995929],[-96.4735099996426,32.92815999971185],
[-96.47357300029012,32.928155999723444],[-96.47363900041235,32.928099999867],[-96.4736710001994,32.928056999764635],[-96.47377999997934,32.92804099979133],[-96.47385899962205,32.9280550001451],[-96.47388799993436,32.92808600027431],[-96.47387700006372,
32.928157000286085],[-96.47389399978215,32.92836100021526],[-96.47569200028121,32.92797900024453],[-96.47663499956418,32.92778400001241],[-96.47738600012487,32.9276210002117],[-96.47806300016738,32.92747300037301],[-96.47807700041109,32.927791000209936],
[-96.47808099971073,32.92788800008913],[-96.4747830004351,32.92846500036772],[-96.47407500043043,32.928590000048416],[-96.47411999973797,32.92870299966207],[-96.47413300015675,32.92883499987541],[-96.4740939997987,32.929018000205254],[-96.47404399956997,
32.929072999682404],[-96.47397800034605,32.92927100023145],[-96.47396099972931,32.929346999776136],[-96.47397199959995,32.92948699963955],[-96.47402500020172,32.92961999998315],[-96.474123000111,32.92963599967088],[-96.47420199975373,32.92970699994667],
[-96.47428799996746,32.929796000158845],[-96.47438599987674,32.92986199985169],[-96.47449800002974,32.92987299979575],[-96.47472200033572,32.92988500028148],[-96.47478799955965,32.929929000037895],[-96.47480699982621,32.93001700023913],[-96.47485299985696,
32.93011000003961],[-96.47493200039801,32.93016600013174],[-96.47503699997999,32.93020999974845],[-96.47517599989716,32.93021599996866],[-96.47530099957063,32.930226999868644],[-96.47540600005094,32.93025899977564],[-96.47549800011244,32.93029799967015],
[-96.47560299969443,32.93025899977564],[-96.47571499984743,32.930177000038],[-96.47582700000041,32.93013800009013],[-96.4759249999097,32.93012799996539],[-96.4760439997354,32.93013199986463],[-96.4761290001242,32.93016099969412],[-96.47620799976693,
32.93020500006732],[-96.47626100036868,32.93026999967028],[-96.47628700030796,32.93036999995225],[-96.47633300033871,32.93045300004761],[-96.47639899956263,32.93050800014062],[-96.47652400013442,32.93056300019937],[-96.47665499965566,32.9305689996417],
[-96.47690499990092,32.93052500020355],[-96.47708999984884,32.93062399966253],[-96.4771359998796,32.93066900033961],[-96.47720799984963,32.93076200020865],[-96.47736299966033,32.93087800015148],[-96.4774160002621,32.93096799971636],[-96.47753400026288,
32.93104400006513],[-96.47767300018003,32.9310840001431],[-96.47782399979276,32.93114400022608],[-96.47794900036456,32.93123299974652],[-96.47805399994654,32.931248999896454],[-96.47814000016028,32.931315999786165],[-96.47823300004667,32.93144099996236],
[-96.47828499992524,32.931563999667766],[-96.4783240002833,32.93164100002767],[-96.47889699967043,32.9322170001924],[-96.4790220002422,32.93224999989583],[-96.47905499985417,32.93229900030095],[-96.47906900009787,32.9323549997613],[-96.47910799955761,
32.93240499986887],[-96.47918000042594,32.93241600025064],[-96.47923999980208,32.93243699974192],[-96.47929900025163,32.932532000286464],[-96.47944400001658,32.93273599992843],[-96.47948300037466,32.93286200011534],[-96.47954899959858,32.932912999691204],
[-96.4796480002311,32.93296799976259],[-96.47972000020111,32.93303400010468],[-96.4797820001254,32.933165999887215],[-96.47982099958513,32.93323299983283],[-96.47991400036986,32.933349000305135],[-96.4799660002484,32.93343199986726],[-96.48000200023341,
32.933569999802536],[-96.48006800035567,32.93358000029209],[-96.48010799964032,32.933631000207946],[-96.48009500011985,32.933714000259364],[-96.48012100005911,32.933791000255646],[-96.48024599973257,32.93391200022203],[-96.48028500009063,32.93400099997325],
[-96.48034500036509,32.93427799985431],[-96.48029900033434,32.93432699988994],[-96.48025300030359,32.93436699999123],[-96.48029900033434,32.934450000105976],[-96.48032500027361,32.93454200003315],[-96.4803179997026,32.934630999904414],[-96.48027900024286,
32.934696999759645],[-96.48027900024286,32.93475200022959],[-96.48036399973336,32.93483499998311],[-96.48037799997705,32.93489100009975],[-96.48035799988558,32.934978999888386],[-96.48038399982484,32.93505100013004],[-96.48044300027438,32.935132999873204],
[-96.48044999994708,32.93521099987093],[-96.4804370004266,32.935279000257445],[-96.48044999994708,32.93532199986507],[-96.48049000013005,32.93537799967338],[-96.48061499980352,32.93541500011968],[-96.48070000019234,32.935465000005415],[-96.48080499977432,
32.93553600012626],[-96.48088400031536,32.9356139997686],[-96.48095600028537,32.93567500027218],[-96.48100300014104,32.93580199976436],[-96.48092399960001,32.93597400006811],[-96.48102300023253,32.93621599989405],[-96.48115399975377,32.9363380000288],
[-96.48130500026483,32.93654600030309],[-96.48137100038707,32.93662500027545],[-96.48145000002978,32.93682400021752],[-96.48143699961099,32.93696200013796],[-96.48145000002978,32.93713299998655],[-96.48147000012128,32.93726600014276],[-96.48151000030424,
32.93738199984933],[-96.48156200018279,32.93747500019961],[-96.48162800030502,32.93752499967463],[-96.481660999917,32.937602999824584],[-96.48162099973402,32.93765799999532],[-96.48162099973402,32.937789999662314],[-96.48184500004,32.93804899992135],
[-96.48191700001003,32.938177000223405],[-96.48200300022376,32.93825999977835],[-96.48204199968349,32.93835299995929],[-96.48210799980572,32.938485000096726],[-96.48245699978519,32.938777999800685],[-96.48254899984668,32.93884500001855],[-96.48261499996893,
32.93892700001366],[-96.48266099999968,32.93904400024272],[-96.4826409999082,32.93920299986134],[-96.48277900000046,32.939402999715284],[-96.48276099955879,32.93950100011188],[-96.48279400006909,32.93959099994968],[-96.48291200006985,32.9396499998606],
[-96.48299099971257,32.93973399997261],[-96.48311000043657,32.93978399967829],[-96.4832879998135,32.93987800019431],[-96.48351799996725,32.93992200025718],[-96.48358400008951,32.93994300022804],[-96.48363699979295,32.940022000181585],[-96.48372300000666,
32.94008299990648],[-96.48386799977163,32.94009400008723],[-96.48402599995536,32.94014299991621],[-96.48420400023062,32.940188000273785],[-96.48438099978262,32.94025399975155],[-96.48477900016587,32.94029799962733],[-96.48492399993083,32.94032600022221],
[-96.48510200020607,32.94043699982783],[-96.48528700015397,32.940589999687454],[-96.48539900030697,32.940706999978005],[-96.48551700030777,32.940867999705844],[-96.48562899956242,32.94099500003366],[-96.48575400013422,32.94107700029674],[-96.48583299977695,
32.94111100012613],[-96.48587299995991,32.94116600037673],[-96.48585299986843,32.94124900014196],[-96.48589300005138,32.94136000009672],[-96.48591300014289,32.9414060002477],[-96.48593800025724,32.941464000043354],[-96.48601799972487,32.94148699971785],
[-96.48610999978636,32.94149099985728],[-96.48620199984788,32.941585999723394],[-96.48632099967355,32.94178499981043],[-96.48642600015386,32.9419459998373],[-96.48654499997956,32.942189000310634],[-96.48653199956077,32.942250000048475],[-96.48645899976583,
32.942271999869455],[-96.48639299964358,32.942320999999346],[-96.48639299964358,32.94240400018816],[-96.48645299991806,32.942442000357616],[-96.48653199956077,32.94247599966211],[-96.48657799959152,32.94261900029676],[-96.48662000032263,32.94277699987502],
[-96.48669899996533,32.942993000225364],[-96.48678500017907,32.943184999674976],[-96.48688599956309,32.94331700013842],[-96.48693900016485,32.9434879997605],[-96.48701000030997,32.94374499989745],[-96.48718600003706,32.9441449997157],[-96.48736199976415,
32.94446299992342],[-96.48746700024445,32.94474299982319],[-96.48762600025313,32.94498000017629],[-96.48799500032406,32.945585999821695],[-96.48825999973961,32.94594000032746],[-96.48825999973961,32.94605799992979],[-96.48830400012054,32.9461170000488],
[-96.48839199998407,32.9461619996276],[-96.48848800024355,32.94625800010984],[-96.48855900038866,32.9463819999189],[-96.48856799971118,32.9465019996415],[-96.48859399965045,32.9466120001864],[-96.48871699967408,32.94667899974535],[-96.4888229999793,
32.94662000000139],[-96.48892900028451,32.94655299964387],[-96.4890339998665,32.94658999993761],[-96.48907900007235,32.94670800018006],[-96.48901700014808,32.946899999854644],[-96.48905200030818,32.9469590001656],[-96.48912299955497,32.94698199991839],
[-96.48919299987517,32.9469590001656],[-96.48928999995954,32.94688600022226],[-96.48936000027975,32.946811999867094],[-96.4894489999682,32.94687700008046],[-96.48949300034914,32.94701799968332],[-96.48965099963456,32.94716599998684],[-96.48975699993979,
32.94732899995292],[-96.48974799971894,32.947389000322666],[-96.48957199999185,32.94743999981334],[-96.4895190002884,32.94750500031889],[-96.4895190002884,32.94760899982216],[-96.4895540004485,32.94804500035131],[-96.48960700015193,32.94812700010685],
[-96.48976600016061,32.94814899997315],[-96.49010900029228,32.9482379997191],[-96.49033799972283,32.948215999874954],[-96.49039999964711,32.94814100029651],[-96.49047900018813,32.94802299970528],[-96.49052299967076,32.94783100020813],[-96.49061100043262,
32.94774999976517],[-96.49074299977879,32.94763900029399],[-96.49068099985449,32.947573000297886],[-96.49057600027251,32.94753599966174],[-96.49048800040896,32.94739500013126],[-96.49039999964711,32.94729900012974],[-96.49027599979854,32.94719599985517],
[-96.49012699983562,32.946972999786375],[-96.49014399955406,32.946841000258125],[-96.49019700015583,32.94671599998637],[-96.49037299988292,32.946648999701594],[-96.49054899961001,32.9466339996759],[-96.49077799993889,32.9466339996759],[-96.49115700005557,
32.946729999645676],[-96.49171199989934,32.94680400006947],[-96.49189600002235,32.94684900005239],[-96.49206400025184,32.946899999854644],[-96.49223999997893,32.946899999854644],[-96.49238100044425,32.946923000376586],[-96.49252200001126,32.94696699994919],
[-96.49268000019501,32.946923000376586],[-96.49286500014291,32.94684900005239],[-96.49301499993075,32.946729999645676],[-96.4931029997943,32.946648999701594],[-96.4932790004197,32.94633899965831],[-96.49338499982662,32.946183999982885],[-96.49348100008608,
32.94598399963538],[-96.49356999977454,32.945865999934334],[-96.49371000041494,32.94577700006197],[-96.49392200012704,32.945740000181836],[-96.49401900021141,32.94579099986998],[-96.4940600002193,32.94582500014822],[-96.49420400015934,32.94594000032746],
[-96.49437099966562,32.946132000162216],[-96.49445100003156,32.94614700027308],[-96.49452999967427,32.9461170000488],[-96.49473300006386,32.94586399996356],[-96.49484699986668,32.94576199988833],[-96.49499699965449,32.94571799971607],[-96.49511999967815,
32.945725000001914],[-96.49520400024205,32.94575900030561],[-96.49528700008273,32.94581399992662],[-96.49532300006774,32.945908999671126],[-96.49527899968682,32.946109000188294],[-96.49527000036429,32.946235000168706],[-96.49523400037927,32.94637600004161],
[-96.4951459996174,32.94648599998943],[-96.49508500041635,32.94662000000139],[-96.49505000025626,32.94674499965508],[-96.49488200002678,32.94701799968332],[-96.49485100006464,32.94707399962356],[-96.49480300038405,32.9471589998151],[-96.49478499994238,
32.94725499996857],[-96.49476800022394,32.94749899976391],[-96.49468799985802,32.94777199972528],[-96.49459099977365,32.948031000146436],[-96.49446799974999,32.94823900005456],[-96.4942569998628,32.94847499974908],[-96.49401900021141,32.94871800037012],
[-96.49391299990621,32.94885200001425],[-96.49385199980684,32.94905899992599],[-96.49374600039995,32.94911100028653],[-96.49356999977454,32.94911100028653],[-96.49340200044337,32.94917800021302],[-96.49332299990233,32.94930300001896],[-96.49346400036764,
32.94936999979992],[-96.49349899962942,32.949435999962084],[-96.49343800042837,32.949554000174864],[-96.49323500003878,32.94986499981491],[-96.49307100000725,32.94996699967915],[-96.49297100044814,32.95000400005162],[-96.49287900038662,32.94997600026018],
[-96.49282599978486,32.949850999898295],[-96.49265000005776,32.94958399998664],[-96.4926240001185,32.94936299980269],[-96.49257100041507,32.949289000013266],[-96.49249100004911,32.94922900017931],[-96.49228000016191,32.94923600018715],[-96.49214799991744,
32.94930300001896],[-96.49209500021398,32.949435999962084],[-96.49203300028971,32.94962900006214],[-96.49191899958856,32.94976900023425],[-96.49188500015171,32.9498409997411],[-96.49184800034178,32.94991699970128],[-96.49163699955628,32.950144999943724],
[-96.49154899969272,32.950211999840334],[-96.49146900022511,32.950189999733624],[-96.49138100036156,32.95008699981217],[-96.49132799975979,32.94996900031088],[-96.49135500042227,32.94985799985688],[-96.49145199960836,32.949783999728005],[-96.49161900001292,
32.94974000004991],[-96.49175999957991,32.94971700026083],[-96.49186599988515,32.949695000030914],[-96.49190100004523,32.94954700019221],[-96.49188400032679,32.94936299980269],[-96.49180399996085,32.94930300001896],[-96.4916459997771,32.949266000106846],
[-96.49149599998928,32.949266000106846],[-96.49135500042227,32.949252000095356],[-96.49128400027716,32.949169999875664],[-96.49114299981186,32.94911899987539],[-96.49078399978666,32.94913999992339],[-96.49065900011318,32.94905899992599],[-96.49061300008243,
32.94903599995972],[-96.49185400018956,32.951450999925456],[-96.49182700042537,32.9517200000665],[-96.49150900040807,32.952108999792145],[-96.49118299999483,32.95245799987566],[-96.49047800036321,32.952706000017606],[-96.48975500028995,32.95253099974052],
[-96.48927900008889,32.952481999992806],[-96.48923999973083,32.95266499963488],[-96.48951599991535,32.952871999663046],[-96.48958600023555,32.95302600014518],[-96.48947099970951,32.95323400036063],[-96.48912599992802,32.95322599963657],[-96.48868499988706,
32.95305399972433],[-96.48835000015129,32.95280899990244],[-96.48819100014262,32.952562000336044],[-96.48817799972383,32.95257899992852],[-96.48810800030196,32.95269699971461],[-96.48814299956373,32.95281599962678],[-96.4884780001978,32.95319300022282],
[-96.48865399992492,32.95345900026358],[-96.48866300014573,32.953584000045936],[-96.48858399960471,32.95366599993979],[-96.4884430000377,32.953725000257634],[-96.48826700031061,32.95373300018272],[-96.48786999975226,32.95355500035944],[-96.48767599958353,
32.95347399988496],[-96.48745600037381,32.95346700021274],[-96.48736000011434,32.95357300003603],[-96.48705999964037,32.95362099965816],[-96.48701899963248,32.95365699973455],[-96.48709499980046,32.954220000005655],[-96.48709599962538,32.9548589999392],
[-96.486597999683,32.955530999836014],[-96.48598099991496,32.955812999852284],[-96.48567399976828,32.955930000348694],[-96.48637000007736,32.95588799970515],[-96.48689200030918,32.95594100006531],[-96.48699000021848,32.956152999680484],[-96.48650800016962,
32.95628899984847],[-96.4856810003393,32.95656799973765],[-96.48565200002697,32.956577999887536],[-96.48553800022415,32.95672300004919],[-96.48531999976596,32.95686399977558],[-96.48502500021316,32.95692300021976],[-96.48491499971,32.9568850002448],
[-96.4848800004482,32.9569140003462],[-96.48420099985756,32.95749600008294],[-96.48285400034352,32.958501000065034],[-96.48094700006455,32.960312999714375],[-96.48098200022464,32.960408999902256],[-96.48094399969149,32.9605999997696],[-96.48107299956293,
32.96059299990803],[-96.48119999978452,32.960649000292506],[-96.48125099983817,32.96076400002866],[-96.4794930004204,32.96073700007129],[-96.47950500011595,32.96104800030885],[-96.48043999990132,32.96105100012648],[-96.48043900007643,32.96253199990896],
[-96.48073100015448,32.96274099977981],[-96.48080899997228,32.963042999744005],[-96.48054399965841,32.96359100035232],[-96.48092199995018,32.96400399983412],[-96.48090299968361,32.964278000220745],[-96.48080700032246,32.96433499993035],[-96.48043300022864,
32.964556000360695],[-96.48039999971837,32.96580900023623],[-96.48022200034144,32.96579800024066],[-96.48003400002047,32.96579499983055],[-96.47991299964666,32.96578999990045],[-96.47982899998107,32.965787000243715],[-96.47977000042982,32.965784999970055],
[-96.47955100014671,32.96577600024541],[-96.47949699972004,32.96577500010849],[-96.47943999981864,32.96585599985929],[-96.47897200001348,32.96649199967651],[-96.47912599999928,32.96711099962851],[-96.4793319998636,32.967469000311915],[-96.47884899998984,
32.96904299983004],[-96.47861200016338,32.969721000182695],[-96.47833000013107,32.97031300007194],[-96.47833799962868,32.97032100000257],[-96.47825800016106,32.970406999775896],[-96.47825800016106,32.97078600009301],[-96.47626399984343,32.97077099964206],
[-96.47493599969766,32.970772999802826],[-96.47493499987274,32.970867999850206],[-96.47486799992559,32.972450999643655],[-96.47486700010069,32.972691999785425],[-96.4748260000928,32.97449799980024],[-96.47356099969622,32.974519999884066],[-96.47312300002831,
32.9746819998527],[-96.473093999716,32.974696000357106],[-96.4728200000796,32.97505699978446],[-96.47273800006383,32.97516500014465],[-96.47248500034385,32.975094000201864],[-96.47223300044877,32.97502300020192],[-96.47206299967115,32.97521700021519],
[-96.47203699973188,32.975247999633964],[-96.47200499994483,32.97528499997134],[-96.47073399970047,32.97545300020839],[-96.47013399965086,32.975814000309285],[-96.46960800011938,32.97538799991233],[-96.46955899971559,32.9759000000092],[-96.4693419999806,
32.97612700026068],[-96.46858299992233,32.97593199996376],[-96.46814699990423,32.97619099999377],[-96.46775899956671,32.97663799982695],[-96.467567999771,32.97729799978835],[-96.46688099968274,32.97730299982057],[-96.46670999997852,32.97730499983341],
[-96.46655599999274,32.97730699984618],[-96.4659779996844,32.977656999877965],[-96.46549300016083,32.977951000098585],[-96.46539400042664,32.978118999785096],[-96.46520100008279,32.978476000318516],[-96.465083000082,32.97912800022086],[-96.46504799992191,
32.9793240002258],[-96.46401400040234,32.97934199992763],[-96.46385299984553,32.97934399989426],[-96.46378099987552,32.979345999860854],[-96.46378099987552,32.97937700009092],[-96.4637790002257,32.97947099994401],[-96.46377800040078,32.97949800020397],
[-96.46377400020282,32.979679999675646],[-96.46375800030931,32.98036199964234],[-96.46372899999697,32.98160800014922],[-96.4637239999741,32.98183000026873],[-96.46372099960105,32.98200199992326],[-96.4637099997304,32.98243900024579],[-96.46380099996699,
32.98244200009048],[-96.46593800039977,32.982458999962205],[-96.46673900029084,32.98246700029964],[-96.46674000011575,32.98260000005733],[-96.46675199981131,32.98417099988678],[-96.46675500018435,32.984575000273864],[-96.46676299968196,32.98480599976136],
[-96.46677399955261,32.98623500027435],[-96.47136499971224,32.985673999648256],[-96.48067799955271,32.985587999672305],[-96.48104199960079,32.98626000016286],[-96.4808530003532,32.986244000174786],[-96.48065099978854,32.98621800037627],[-96.48054700003146,
32.986191999816626],[-96.48023599968684,32.98607500021745],[-96.4801269999069,32.98604400007868],[-96.4800440000662,32.986027000143814],[-96.47993500028626,32.98601800022131],[-96.47981599956226,32.9860219998521],[-96.47970699978232,32.986035000157905],
[-96.47956700004025,32.98606600029984],[-96.47942700029814,32.98610900006542],[-96.47932299964278,32.9861480001852],[-96.4791989997942,32.98620500009741],[-96.47908499999139,32.98626900006075],[-96.47897600021145,32.98635300031894],[-96.47888699962469,
32.986431000325645],[-96.47879899976112,32.986531000368636],[-96.47873699983684,32.986613999723055],[-96.47866999988969,32.986717999911555],[-96.4786280000569,32.98680400029361],[-96.47860700014051,32.98687399996451],[-96.47859700009477,32.98694899981935],
[-96.47859500044494,32.98700799976087],[-96.47861200016338,32.9870789999192],[-96.47869500000405,32.98732700007709],[-96.47870099985182,32.98737999965896],[-96.47870099985182,32.98745399994591],[-96.47868999998119,32.987501000106214],[-96.47865900001904,
32.987570999977855],[-96.47834299965156,32.98809000020093],[-96.47828599975014,32.98817599999981],[-96.4782339998716,32.988245000207144],[-96.47817699997019,32.98830099963692],[-96.47807800023598,32.988380000063756],[-96.47799000037243,32.98843199988641],
[-96.47745899991979,32.98869000029246],[-96.47740000036855,32.98870300020534],[-96.47732500002549,32.98870300020534],[-96.47705800006179,32.98868400027405],[-96.476972999673,32.98868400027405],[-96.4769249999924,32.98869000029246],[-96.47681799986229,
32.988711999854154],[-96.47667999977004,32.988765999987926],[-96.47613499997199,32.98903899978191],[-96.47539500018028,32.98945200006773],[-96.47534699960138,32.98948899972723],[-96.47529300007304,32.98953800004652],[-96.4752400003696,32.98960099998662],
[-96.47520799968422,32.98965899979599],[-96.4751919997907,32.98970800002097],[-96.4751709998743,32.989846000246935],[-96.47516000000364,32.98989100015932],[-96.47513300023947,32.989952999984226],[-96.47505299987353,32.99006200006917],[-96.47498900029943,
32.99013300003136],[-96.47379400022304,32.99123399997733],[-96.47350499961972,32.991538999998035],[-96.47342000012922,32.99163599999611],[-96.47337200044865,32.99170399991567],[-96.47335099963394,32.99175699988318],[-96.4733399997633,32.991807000292404],
[-96.47335099963394,32.992084999670425],[-96.47334499978615,32.99212999994811],[-96.47333499974042,32.992156000265574],[-96.47330799997624,32.992200999753635],[-96.47327600018919,32.992227000050164],[-96.47321199971677,32.99226400005317],[-96.47288100017897,
32.992366999776344],[-96.4728059998359,32.992406999980275],[-96.47275300013244,32.99245200009377],[-96.4727149995993,32.99250600019974],[-96.4726719999416,32.992594999716204],[-96.47247500029812,32.993178000009856],[-96.47243199974208,32.99327600029238],
[-96.47238400006151,32.99336999966156],[-96.4723549997492,32.99340900034035],[-96.4722989996727,32.993487000139226],[-96.47224500014433,32.99357200013133],[-96.47218300022007,32.993695999840114],[-96.47209399963329,32.993850999796116],[-96.47207799973975,
32.993907000189616],[-96.47207799973975,32.99396199997645],[-96.4720889996104,32.99402499977232],[-96.47218400004498,32.99433499976319],[-96.47217399999923,32.99436900019664],[-96.47213899983913,32.994390000036724],[-96.47188199992118,32.99442799969881],
[-96.47182599984468,32.99444100027342],[-96.47175499969957,32.99447899991354],[-96.47132600025247,32.99482200026699],[-96.47089699990708,32.995116999636345],[-96.47076100036296,32.99522399976409],[-96.47063999998913,32.995341999846026],[-96.47046300043714,
32.99555799977883],[-96.47039200029202,32.99565999962613],[-96.47031699994895,32.99580399987459],[-96.47016399978807,32.9961459998054],[-96.47008900034332,32.996282000176166],[-96.4700530003583,32.99631899998591],[-96.47000800015248,32.996352999654874],
[-96.46975600025739,32.996470999733944],[-96.46969500015801,32.99650500009778],[-96.46965499997505,32.9965349997875],[-96.46951299968482,32.99655800019563],[-96.46868300037974,32.99824400012713],[-96.46820299998072,32.99922200028965],[-96.46672699969695,
33.00222399986929],[-96.46676600005502,33.00234199963039],[-96.46652000000772,33.0028090000159],[-96.46788900016136,33.007773000060766],[-96.4680680002615,33.00842299969172],[-96.46824200033878,33.00905300009371],[-96.46827800032379,33.00905399974039],
[-96.46790099985694,33.01208699998617],[-96.46760200010618,33.01263299980662],[-96.46726999984519,33.0132189998206],[-96.4669479996299,33.01445399973834],[-96.4665960001757,33.01572500006924],[-96.46778000038142,33.01595900032956],[-96.46702899982074,
33.01752400026866],[-96.4677710001606,33.01915700014882],[-96.46769900019056,33.02002400004095],[-96.46807199956115,33.020017000371325],[-96.46835399959346,33.02002400004095],[-96.47071500033222,33.020096000268865],[-96.47614500001774,33.02156099968841],
[-96.47669400001374,33.02170000005822],[-96.47709099967376,33.02181500011182],[-96.47966199957648,33.02255900008225],[-96.48272899977174,33.02346600008886],[-96.48406899961307,33.0237919997644],[-96.48475099967847,33.02360700018426],[-96.48528499960585,
33.02338700019855],[-96.48612599967989,33.02302099991644],[-96.48648200023037,33.02273100018609],[-96.48645999959074,33.021577000050975],[-96.4865270004362,33.02108900011313],[-96.48655400020037,33.02077199962455],[-96.48639799966647,33.02043899968944],
[-96.48620600004584,33.01991300026486],[-96.48624200003086,33.0191040000709],[-96.48630399995514,33.01847599974904],[-96.48629100043466,33.017016000327644],[-96.4864289996286,33.014944000158394],[-96.48856500023646,33.01493300025879],[-96.48910500001163,
33.01430799987378],[-96.48961999967243,33.01373999978296],[-96.48998600026864,33.01320700010617],[-96.49032699985216,33.01255400000174],[-96.4905250002189,33.01173500015293],[-96.49063499982374,33.010262999734955],[-96.49062099958005,33.009569000098196],
[-96.49056299985374,33.00903600007138],[-96.49054399958716,33.00868099965426],[-96.49065499991524,33.008535999677676],[-96.49088099987104,33.0084590000296],[-96.49142099964622,33.00842800022082],[-96.4916590001959,33.007623999939874],[-96.49202700044194,
33.00781799987083],[-96.49251399961534,33.00782600016951],[-96.49334499964365,33.007266999778935],[-96.4937570002706,33.00682100028878],[-96.49458999994873,33.00589799987165],[-96.49583899955346,33.004633999677935],[-96.4964040003413,33.00353600031151],
[-96.49687799999424,33.00287099980537],[-96.49697599990351,33.00245799979074],[-96.49706299994216,33.00134400019779],[-96.4971869997907,33.00123499973368],[-96.49715900020162,33.00106399962582],[-96.49745899977728,33.00067800000106],[-96.49774400018262,
32.99988999967763],[-96.49817000015497,32.99889600018428],[-96.49760699991528,32.99722699994442],[-96.497360999868,32.99598400004306],[-96.49761399958797,32.99509800033239],[-96.49765600031908,32.99492299965127],[-96.49761399958797,32.994486999915026],
[-96.49756199970945,32.9942440001121],[-96.49725899976073,32.9934799998703],[-96.49618599988311,32.9905520003643],[-96.49705299989641,32.989108000068114],[-96.49873199967145,32.98827499969084],[-96.49952500006492,32.988134000371346],[-96.50000799993869,
32.98802199975748],[-96.5005589995845,32.988006999973884],[-96.50094899957183,32.98805499972435],[-96.5015029995907,32.988328000210394],[-96.50243499990135,32.98918699977264],[-96.50317999971593,32.99016699982323],[-96.50406299962278,32.991056000370016],
[-96.50453799999893,32.99169200028828],[-96.50504400033722,32.991850000275136],[-96.50596300022909,32.99172899976217],[-96.50659900026372,32.99145799969268],[-96.50726999956014,32.99112899998573],[-96.50729200019974,32.991054999765915],[-96.50731999978883,
32.99077100028085],[-96.50580900024327,32.988335000134505],[-96.50508899964474,32.987145999687236],[-96.50492100031357,32.98647399991342],[-96.50492899981117,32.985962000096706],[-96.50497499984195,32.9855210002288],[-96.50535099958556,32.985001999971416],
[-96.50579300034977,32.984497000134226],[-96.50612899991042,32.98384699980715],[-96.50656099973055,32.983169000146624],[-96.5070210000381,32.982835999910364],[-96.5071199997723,32.98282599971865],[-96.50604400041993,32.98281600027935],[-96.50574800014392,
32.98138900010553],[-96.50564799968649,32.981142999769915],[-96.50551899981505,32.980541999654285],[-96.50554099955636,32.980099999865054],[-96.50563000014314,32.97966100006304],[-96.50583900038052,32.97921799964661],[-96.50597499992463,32.97899899970336],
[-96.50595200035842,32.9784060000174],[-96.50596700042703,32.97771099999185],[-96.50594899998536,32.976887999947365],[-96.50589499955869,32.975886999718156],[-96.5060989997732,32.97374300014615],[-96.50625299975897,32.97324100012656],[-96.5069370003725,
32.97186500017344],[-96.50690499968715,32.9712010000027],[-96.5072329997502,32.97022500003392],[-96.50773999991341,32.96938999991812],[-96.50774800030933,32.96936200023957],[-96.5080770001973,32.96830599996192],[-96.50851700041335,32.966830000370535],
[-96.50884899977605,32.965738000309216],[-96.50932699962695,32.964690000110295],[-96.51085499978926,32.963768000151276],[-96.51274699999964,32.96316300021185],[-96.5133289996076,32.96266299995072],[-96.513244999942,32.96259299992957],[-96.51456399986694,
32.96150000007192],[-96.51421200041275,32.96118499991598],[-96.51456200021711,32.96089400023839],[-96.51507199985505,32.96046899968406],[-96.5153639999331,32.96023099995805],[-96.51606400044015,32.95767899989579],[-96.51625000021299,32.95648399979072],
[-96.51626299973347,32.95601700005694],[-96.51625699988567,32.95534300033034],[-96.51625500023586,32.95506799986793],[-96.51625400041095,32.95489800029157],[-96.51612999966409,32.95474100002443],[-96.51588899963966,32.95441699976761],[-96.5154069995908,
32.953736000248625],[-96.51495499967919,32.95314799970031],[-96.51551000042127,32.95232999989489],[-96.51582599989047,32.95239199970851],[-96.51585900040074,32.95239900021968],[-96.51598700044725,32.95242300035279],[-96.51607000028793,32.952643000138686],
[-96.5161170001436,32.95267599975778],[-96.51617300022009,32.9527239998671],[-96.51624000016724,32.9527819997759],[-96.5169349997531,32.95392700021706],[-96.51704100005833,32.9540160001758],[-96.51716499990687,32.95416700012101],[-96.51717400012771,
32.953753999888356],[-96.51719500004411,32.953734999975424],[-96.51722500018134,32.95380599974827],[-96.51736699957324,32.95416500033804],[-96.51741099995417,32.95427599990616],[-96.51753900000068,32.954430999714845],[-96.51756900013793,32.954467999726276],
[-96.51767700009295,32.95459999992601],[-96.51821799969304,32.954921000240105],[-96.51896400023084,32.95536399965343],[-96.51926899982936,32.95607999979215],[-96.51941600014247,32.956424999807226],[-96.51949999980805,32.95662300017112],[-96.5195170004248,
32.95668999967988],[-96.5195679995801,32.95694500015815],[-96.51960100009038,32.95710699994674],[-96.52029499985134,32.95929100018364],[-96.52042000042312,32.95942599983603],[-96.52088200038048,32.95969700023531],[-96.52116299968957,32.95971900023679],
[-96.5214680001864,32.959722000099546],[-96.52125499975106,32.95837400001199],[-96.52116799971245,32.9578220000583],[-96.52116799971245,32.95702200027614],[-96.52136799972897,32.956322000367585],[-96.5212780002156,32.95619699993508],[-96.52086800013679,
32.95562200019086],[-96.5205679996628,32.95482200009146],[-96.51976799959665,32.95412099982558],[-96.51946800002099,32.95322099974902],[-96.51936799956356,32.95202200000603],[-96.51938000015745,32.95192299962535],[-96.51992499995548,32.95148599983322],
[-96.51999899957532,32.951427000282244],[-96.51989300016842,32.951361999645314],[-96.52032400016365,32.951017000219444],[-96.51999199990263,32.95071699972248],[-96.52038199988998,32.95035300015447],[-96.5203409998821,32.950305000265246],[-96.52026300006429,
32.950127000322865],[-96.5200039995982,32.94970500020464],[-96.52000000029855,32.949684999856075],[-96.51978100001544,32.949702000001864],[-96.51917500011803,32.94951700036782],[-96.5177790002002,32.94825500014321],[-96.51745600016002,32.947190000033125],
[-96.51740799958112,32.94573600023465],[-96.51731999971759,32.945925000181475],[-96.51733899998416,32.945112000221485],[-96.51776300030667,32.94432400002074],[-96.51806999955502,32.94422599969224],[-96.51828100034055,32.94432899965765],[-96.51830800010472,
32.94434200006927],[-96.5184119998618,32.944148000107],[-96.5190529999193,32.94326900019835],[-96.51895400018509,32.943138999695655],[-96.51851099959599,32.942555000368166],[-96.51845500041782,32.942464000130784],[-96.51835300031055,32.942297999787876],
[-96.51823399958656,32.941611000187045],[-96.51821900041625,32.94152300021243],[-96.51812800017966,32.941015000086416],[-96.51842899958022,32.94089300037248],[-96.51870499976475,32.94078199983149],[-96.51955699970944,32.941236999690204],[-96.5195879996716,
32.94125800010274],[-96.51973800035773,32.94122700006645],[-96.52002000039003,32.941169999776825],[-96.52016299960687,32.94091100036557],[-96.52115400036705,32.94170199979448],[-96.52087999983235,32.94196000025185],[-96.52068700038681,32.9419239999352],
[-96.52111300035918,32.94218500020279],[-96.52141299993482,32.942110999682335],[-96.52153099993559,32.941863999626115],[-96.52135400038358,32.94169600035345],[-96.52134900036071,32.94160700005299],[-96.52134299961462,32.94153499987146],[-96.52132300042145,
32.94125100021707],[-96.52129699958387,32.94057300005119],[-96.52190800040245,32.93994600000808],[-96.52168400009647,32.93954800015586],[-96.52163899989063,32.939465000301965],[-96.52157600014144,32.939345999757776],[-96.52163800006572,32.93929399968512],
[-96.52169599979204,32.939402999715284],[-96.52177299978493,32.93931699992397],[-96.52186499984644,32.939216000272694],[-96.5220940001753,32.93902700030925],[-96.52249000001041,32.9387090001533],[-96.52286300027933,32.93837400030273],[-96.52309799955766,
32.938173999629434],[-96.52267400013345,32.93747500019961],[-96.52194900041034,32.93748800011105],[-96.52203999974863,32.937728999863495],[-96.5212149995681,32.937730000317856],[-96.52112099985676,32.93824100030496],[-96.52071699962572,32.938246000285815],
[-96.51829600040915,32.93827800030738],[-96.5176310000622,32.93828699981662],[-96.51747000040372,32.938273000328344],[-96.51747000040372,32.93829800022077],[-96.51728799993053,32.93829100010085],[-96.51695700039274,32.93822600036066],[-96.51687500037697,
32.93806899988652],[-96.5168150001025,32.93795600017467],[-96.5161249996412,32.93662899988091],[-96.51600599981552,32.93616700015104],[-96.51592100032501,32.93583499963815],[-96.51601400021143,32.93553999978097],[-96.5164610001002,32.9343499999127],
[-96.5165260003975,32.93347900012073],[-96.51658999997161,32.93228400010286],[-96.51586100005056,32.929645999851246],[-96.5153499996894,32.92903899974917],[-96.51450199994267,32.92820599994237],[-96.51414899976524,32.92732500028679],[-96.51221300007225,
32.92676900019623],[-96.5095979997886,32.925333000325494],[-96.50909300017354,32.9249510000994],[-96.50892699959387,32.924695000240845],[-96.50913800037937,32.923948999845834],[-96.5088520001491,32.92366399966288],[-96.5081619996878,32.92399800032456],
[-96.50747100029989,32.924010000099095],[-96.50676599976997,32.923575000068546],[-96.50656599975343,32.92344800036529],[-96.506400999897,32.9233510001426],[-96.50622400034499,32.923190000199064],[-96.50568700004455,32.92273699998987],[-96.50539400014159,
32.92246000016592],[-96.5052400001558,32.92219600012553],[-96.5052390003309,32.92201599964645],[-96.50525699987423,32.92196800021089],[-96.50532700019444,32.921780000223016],[-96.50534100043814,32.92175699994841],[-96.50547399960922,32.9215469998202],
[-96.50553200023386,32.92144399971519],[-96.5057049995879,32.92114399993424],[-96.50549700007376,32.92095300003393],[-96.50536300017946,32.92083400022323],[-96.50517599968339,32.920695000133925],[-96.50460699959591,32.92017200029398],[-96.50452100028049,
32.9195570000461],[-96.50430500037042,32.919278000253264],[-96.50428799975367,32.91911900026169],[-96.50422500000448,32.918651000079876],[-96.50416800010306,32.91847299976713],[-96.50410000033102,32.91826300014105],[-96.50402499998793,32.918031000204564],
[-96.50400200042172,32.917960000362534],[-96.5040149999422,32.917832000216585],[-96.50403000001081,32.91761999996826],[-96.50387600002502,32.917364000016036],[-96.50370199994775,32.91713299991852],[-96.50341200041784,32.9165039997505],[-96.50339499980109,
32.91624599970038],[-96.50339099960311,32.916191999735005],[-96.50338499975534,32.91609899963367],[-96.50337700025773,32.91599100024471],[-96.50329600006688,32.91599200019079],[-96.50321700042416,32.91599200019079],[-96.50298100042261,32.91598499981395],
[-96.50274399969784,32.91598199997549],[-96.50263400009298,32.91581900030347],[-96.5025649995977,32.91581000001676],[-96.50244300029728,32.915707999971055],[-96.50221399996842,32.91538499993059],[-96.50202900002049,32.915033999923025],[-96.50181899995822,
32.914866000219696],[-96.50148699969719,32.914605999996375],[-96.50150400031394,32.91440899977688],[-96.50150900033682,32.91435600016356],[-96.50179399984385,32.91420200021077],[-96.50212699992977,32.91402599993663],[-96.5023460002129,32.91390899980068],
[-96.50252399958981,32.91373099975489],[-96.50270699988792,32.91353999969322],[-96.50304199962368,32.913192999821725],[-96.50324699966308,32.91345500037425],[-96.503395999626,32.9136580002893],[-96.50359399999272,32.91359899963389],[-96.50366500013783,
32.91357700022302],[-96.50372500041229,32.91355400007894],[-96.50381199955261,32.91314900003859],[-96.50391200001003,32.912678999996466],[-96.50396899991145,32.91241500019076],[-96.50432700011173,32.912527000113094],[-96.50466699987035,32.91263299998982],
[-96.50475800010696,32.91258499999021],[-96.5049430000549,32.91248899991291],[-96.50492600033644,32.912442999807595],[-96.5048600002142,32.91229500022454],[-96.50481500000836,32.91218799995403],[-96.50474399986325,32.91202500008278],[-96.50467500026629,
32.91186699987479],[-96.50459700044848,32.911686000263735],[-96.50464000010616,32.911471999629526],[-96.50472799996972,32.911066999867764],[-96.50517800023152,32.91029599972532],[-96.50629399976687,32.90971300003346],[-96.50693499982437,32.90973300037104],
[-96.50706600024394,32.90955300018659],[-96.50683100006731,32.90924799996027],[-96.50704299977942,32.90888100008542],[-96.507542000445,32.90876700002007],[-96.5076200002628,32.90876599999238],[-96.50762399956245,32.90859500037148],[-96.50785200006639,
32.908481999968785],[-96.50929599966481,32.908393000190834],[-96.50978199991161,32.908472999690225],[-96.50978399956142,32.908605999942445],[-96.5100489998753,32.90858800016379],[-96.51042999964181,32.90865399983697],[-96.51059500039656,32.90867399965961],
[-96.51067900006215,32.90865899998158],[-96.51102100036893,32.90857099965728],[-96.51068300026012,32.9074200000029],[-96.51040399970255,32.90742100004581],[-96.50991099978305,32.90693299964586],[-96.50978000026178,32.90688300022884],[-96.50968599965213,
32.90684800001675],[-96.5095690003746,32.90680800029613],[-96.50935699976417,32.90673699974821],[-96.50914000002919,32.90666299974325],[-96.50880899959307,32.90655099994432],[-96.50861500032265,32.906213999640855],[-96.50856699974375,32.906131000190626],
[-96.50899400043933,32.90504699990911],[-96.5090350004472,32.904577999919326],[-96.50906800005917,32.90419499978326],[-96.50914400022717,32.90407700014995],[-96.51000200001965,32.90274400026772],[-96.5111030003847,32.901052000169],[-96.51163399993902,
32.901132000266976],[-96.51193299968975,32.90117800021521],[-96.51234799979146,32.90218800036901],[-96.51347400027086,32.902360999741674],[-96.51347900029373,32.90230199985408],[-96.5136109996399,32.90077900008245],[-96.51368599998297,32.89989899981905],
[-96.51367299956418,32.899455000025455],[-96.51358700024876,32.89890299964489],[-96.51357300000507,32.89884599999582],[-96.51226999997365,32.89841399967649],[-96.51230699978358,32.89832400019329],[-96.51260100040976,32.8977920003242],[-96.51289799961236,
32.897351000243525],[-96.51312600011633,32.896996999913846],[-96.5133079996912,32.89659699963722],[-96.51345599982919,32.89648300035145],[-96.51356799998219,32.896347999657806],[-96.51361700038599,32.89621700019037],[-96.51370400042464,32.896062000196004],
[-96.51376600034891,32.89604199978771],[-96.51378999974003,32.89600500022725],[-96.51385199966431,32.895884999895145],[-96.51388099997665,32.89578099992837],[-96.51405000003103,32.895449000261834],[-96.51409199986384,32.89539199989855],[-96.51413700006968,
32.89523099964044],[-96.51421700043562,32.895096000055744],[-96.51426099991824,32.89495099993746],[-96.51439700036067,32.89476400008474],[-96.51447099998053,32.894733000353334],[-96.51454499960035,32.89466499973666],[-96.51465699975336,32.89463399997063],
[-96.51475399983774,32.89466499973666],[-96.51493999961058,32.894685999888296],[-96.51504500009088,32.89474800012739],[-96.5151320001295,32.89482699970002],[-96.51522500001593,32.894878000074165],[-96.51531100022964,32.89491399992129],[-96.51535999973515,
32.89492999984861],[-96.51544699977377,32.894920000271505],[-96.51552200011686,32.89488899984044],[-96.5155899998889,32.894806000336125],[-96.5156950003692,32.894716999636145],[-96.51594800008921,32.894655000129646],[-96.51609600022721,32.894655000129646],
[-96.51621400022799,32.894649999948555],[-96.51636300019089,32.89461900017726],[-96.51645600007731,32.894624000360096],[-96.5165740000781,32.89469100006735],[-96.51685799976022,32.89488899984044],[-96.51706799982252,32.895080000158416],[-96.5173149996947,
32.89525699980498],[-96.51749499961976,32.89534099982034],[-96.51760699977275,32.89541199969938],[-96.51766899969702,32.895475999785894],[-96.51776099975854,32.89552699978638],[-96.51781699983505,32.895510999966895],[-96.517821000033,32.89545200004171],
[-96.51776699960634,32.89537300027217],[-96.51768100029092,32.89535600024574],[-96.51753900000068,32.89525799998525],[-96.5174829999242,32.895180000223775],[-96.51747700007643,32.89511099976833],[-96.51744600011429,32.89502899990051],[-96.51721599996051,
32.894867999736945],[-96.51688899972235,32.89458799964086],[-96.51650499958279,32.89431200017783],[-96.51627000030447,32.89412499973044],[-96.51625799971059,32.89403599985481],[-96.51623299959624,32.8940049998687],[-96.51617800024297,32.893968999652216],
[-96.51606000024219,32.89403599985481],[-96.51602900028006,32.894031999832876],[-96.51591100027926,32.89394800008487],[-96.51589799986047,32.89394100022796],[-96.51590299988335,32.89393000034398],[-96.51583799958603,32.89382799998337],[-96.51583500011128,
32.893780000349835],[-96.51575300009551,32.89374699987954],[-96.51559300026197,32.89372900009781],[-96.51551600026906,32.89366699989982],[-96.51543199970516,32.893649000101874],[-96.51538499984949,32.8936160003371],[-96.5153560004355,32.89359899997341],
[-96.515364999758,32.89353299963999],[-96.5153220001003,32.89345799971571],[-96.51525099995519,32.89341900018256],[-96.51523400023676,32.89334299995985],[-96.51522500001593,32.89327000028008],[-96.51524199973436,32.89322299979313],[-96.51526799967364,
32.89318800021674],[-96.51526699984872,32.893145999952544],[-96.51529600016104,32.89309699974484],[-96.51534600038974,32.8930660001844],[-96.515364999758,32.89300899979639],[-96.51539700044337,32.892948000055156],[-96.51542199965941,32.89291500002918],
[-96.51542599985737,32.8928510003553],[-96.51546600004033,32.89284499986495],[-96.51548199993388,32.89281999995451],[-96.51552600031482,32.89279500003702],[-96.5155549997288,32.89275200013227],[-96.51552299994175,32.892684999712785],[-96.51552999961444,
32.892637000214265],[-96.5155820003913,32.892540999630555],[-96.51561300035344,32.89250299990503],[-96.51562099985104,32.89245299988413],[-96.51565600001116,32.89242799986307],[-96.51565500018623,32.89239700006853],[-96.51567199990467,32.892365000050226],
[-96.51566199985893,32.892295000205735],[-96.51567799975244,32.892271999813666],[-96.51569899966884,32.89225399973229],[-96.51571600028561,32.89221999998764],[-96.51574999972247,32.89220799967527],[-96.51575499974534,32.892179999694484],[-96.51585100000482,
32.892056000104176],[-96.51587000027139,32.892011000161276],[-96.51590200005843,32.891952000167976],[-96.5158429996089,32.89190300005418],[-96.51584599998195,32.891780000295704],[-96.51589600021066,32.891746000369075],[-96.5159410004165,32.891460999850295],
[-96.51598300024929,32.8912010002976],[-96.51606199989202,32.891168000375266],[-96.51606699991488,32.89102299986216],[-96.51607399958756,32.890820000102885],[-96.51664900042115,32.89081899987253],[-96.51677099972157,32.89028700018953],[-96.51800799963075,
32.890301999962034],[-96.5180889998216,32.89030399968009],[-96.51813599967727,32.8903069996342],[-96.51825600022619,32.89030900010648],[-96.51825600022619,32.89028499971681],[-96.51825299985313,32.89003400037509],[-96.5182500003784,32.889712999946305],
[-96.51824899965517,32.88959199989883],[-96.5182500003784,32.88950199975008],[-96.5182500003784,32.88949100006928],[-96.51811499976087,32.889497000032506],[-96.51791800011739,32.88950100025919],[-96.5179409996836,32.888966000206096],[-96.51770300003223,
32.88866099998491],[-96.51760599994783,32.88853599973935],[-96.51701699976887,32.88826600032699],[-96.51684100004178,32.888185999924005],[-96.51676300022397,32.88807400014378],[-96.5164610001002,32.8876439998742],[-96.51617800024297,32.8872400000354],
[-96.51652499967427,32.88654099962342],[-96.5164829998415,32.88646700009446],[-96.51612600036444,32.88583199988382],[-96.51604000015071,32.8842389996509],[-96.51637400006153,32.88392399969156],[-96.5165039997579,32.883799999862596],[-96.51736200044868,
32.882978999885005],[-96.51737400014426,32.88211399973078],[-96.51794999990443,32.881819999945876],[-96.51817599986025,32.88170399983939],[-96.51788200013237,32.88104099971851],[-96.5177930004439,32.880829999996024],[-96.51795400010238,32.88035599979953],
[-96.51753999982562,32.879463000222366],[-96.51749100032012,32.87937500031265],[-96.51727399968681,32.87891200012013],[-96.51645799972712,32.87861600029395],[-96.51588899963966,32.8784680000102],[-96.51714200034064,32.87787299980127],[-96.51803699994306,
32.87744800022446],[-96.51813400002746,32.87740499966202],[-96.51827899979239,32.877341000102206],[-96.51828499964019,32.87716499975417],[-96.51828700018832,32.87710100002103],[-96.51829200021119,32.876931000010515],[-96.51829499968592,32.87684800028185],
[-96.51830100043202,32.87665099981497],[-96.51830599955659,32.8765170002276],[-96.51776199958346,32.87679599970328],[-96.51727799988478,32.87701199964347],[-96.51674099958436,32.87726600005232],[-96.51662099993375,32.87704300029374],[-96.5165740000781,
32.8769610003023],[-96.51648500038964,32.87681399990706],[-96.51627899962699,32.876473999967985],[-96.51619199958836,32.876530000038784],[-96.51613700023508,32.87645099999605],[-96.51595700031002,32.87643000004924],[-96.51579400010341,32.876315000072665],
[-96.51551100024619,32.87616400004087],[-96.51544699977377,32.87610399966207],[-96.51534899986449,32.87601299975193],[-96.51531799990234,32.87600599998711],[-96.51514800002305,32.876024999994144],[-96.51495200020445,32.875887000128316],[-96.51488799973204,
32.87569300023798],[-96.51493399976279,32.87559500010862],[-96.51493399976279,32.8755600003595],[-96.51500300025808,32.875458999626446],[-96.51513100030459,32.87537300032333],[-96.51527600006955,32.87534399989915],[-96.51543900027616,32.8752429996744],
[-96.51566100003402,32.87514200008912],[-96.51585000017991,32.875092999733404],[-96.51626100008363,32.87497000002999],[-96.51640599984859,32.874862999934464],[-96.51651100032889,32.87471500017475],[-96.51664600004811,32.87447499977416],[-96.51666299976654,
32.87435899986312],[-96.5166100000631,32.874269999750474],[-96.51550100020046,32.87341500035519],[-96.51475200018793,32.873464000129445],[-96.51396999966508,32.87387000023479],[-96.51351100008078,32.87410799992643],[-96.51351500027873,32.87414599999553],
[-96.51316499957605,32.87421900034077],[-96.51311600007057,32.874139999747456],[-96.51291400040422,32.87407199992533],[-96.51268300042553,32.873761000229244],[-96.51245099972363,32.87354900010468],[-96.5123729999058,32.87339500011621],[-96.51214399957696,
32.873215000025816],[-96.51209400024655,32.87319299963762],[-96.51220700022446,32.873050999675606],[-96.51204900004072,32.87291999971614],[-96.5108520003145,32.87330900031982],[-96.5108790000787,32.8732520000491],[-96.51152900035704,32.87304099989284],
[-96.51206999995712,32.872839000116635],[-96.51214100010222,32.87278999999693],[-96.51218999960771,32.87275799968863],[-96.51255899967866,32.87250600006345],[-96.51301499978823,32.872154000190406],[-96.51371600012018,32.87161500001057],[-96.51441599972894,
32.871039000149516],[-96.51519499987869,32.870314000297284],[-96.51538700039764,32.87010200022977],[-96.51543199970516,32.869988000055095],[-96.5156030003077,32.869904999862136],[-96.51563199972169,32.869754999943645],[-96.51586000022564,32.869444000194456],
[-96.51594499971615,32.86940999999808],[-96.51593200019566,32.86923000011684],[-96.51597599967829,32.8691739999619],[-96.51596300015781,32.86901600027727],[-96.51610700009786,32.86864599978037],[-96.51637300023663,32.86849999966116],[-96.51662799960644,
32.86808200005769],[-96.51681699975234,32.867983999814975],[-96.51679699966085,32.86773399967534],[-96.51717199957957,32.867477999640954],[-96.51750899986348,32.86738000023973],[-96.51772399994863,32.86725399966487],[-96.51811499976087,32.86721799989887],
[-96.51838699974743,32.86723400029968],[-96.518546999581,32.86722399986086],[-96.51875800036652,32.86732099969345],[-96.51895400018509,32.86725200018125],[-96.51913199956202,32.86725500016113],[-96.51925499958566,32.867077999663906],[-96.51952699957222,
32.867053999773916],[-96.51954800038693,32.867132000147215],[-96.5196579999918,32.86710900001522],[-96.51969700034986,32.8670350001079],[-96.51975000005329,32.86702300015786],[-96.51979799973387,32.86703400036363],[-96.51982299984823,32.86705600001653],
[-96.51983999956666,32.86708700037552],[-96.51985499963527,32.86714000035575],[-96.52006499969757,32.86729900010629],[-96.52001899966682,32.8674339997846],[-96.52004200013134,32.867592999762536],[-96.52007200026858,32.86760900009568],[-96.52011900012424,
32.86762300019624],[-96.52015299956112,32.867644999702954],[-96.52017400037583,32.867672999890424],[-96.52017799967545,32.86770000033222],[-96.52017400037583,32.86773299993895],[-96.52017000017787,32.8677479997561],[-96.52019500029222,32.86777599991098],
[-96.52023700012502,32.868197000150495],[-96.5200809995911,32.86860999982501],[-96.52014099986555,32.86894900002034],[-96.52029300020152,32.869248000347774],[-96.52034599990496,32.86965900022479],[-96.52026300006429,32.870043999695945],[-96.52055799961707,
32.870273000216976],[-96.52057900043178,32.87058400007645],[-96.52037400039237,32.8706669996338],[-96.52033199966127,32.87075200002714],[-96.51993900019917,32.87091699980352],[-96.51991800028279,32.87106999987054],[-96.52023299992706,32.87139500021192],
[-96.52021700003354,32.871632999757274],[-96.52058500027955,32.87212899972399],[-96.52059699997514,32.872157999690934],[-96.52064800002874,32.87220099978055],[-96.52066899994514,32.872226000226675],[-96.52075299961074,32.87242099984274],[-96.52082100028112,
32.872503000261176],[-96.52088900005319,32.872561999622924],[-96.52095600000033,32.87260599995256],[-96.52100700005396,32.872627000050734],[-96.52105800010757,32.87263400008235],[-96.52110800033628,32.87263400008235],[-96.52139500039146,32.87260599995256],
[-96.5214749998591,32.8726010000362],[-96.52153900033152,32.87262000001857],[-96.52164499973841,32.87269000031542],[-96.52172500010435,32.872766000144054],[-96.5217419998228,32.87278999999693],[-96.52175500024158,32.87282599976419],[-96.52179299987642,
32.87284300034075],[-96.52180999959485,32.872872000074146],[-96.52179700007439,32.87292800015694],[-96.52182200018873,32.872963999868105],[-96.52185599962561,32.872989000099004],[-96.52187300024237,32.8730319997856],[-96.52187700044033,32.873098999975106],
[-96.52189499998366,32.87320300015772],[-96.52188300028811,32.8732199999075],[-96.52191800044821,32.87342599976797],[-96.52193799964138,32.87354999977549],[-96.52202899987796,32.873761000229244],[-96.52220299995524,32.87384100007334],[-96.52255299975961,
32.874352999629465],[-96.52266099971465,32.874512000026],[-96.52267400013345,32.87453100035322],[-96.52275299977615,32.87464499996783],[-96.52282399992126,32.87474699977673],[-96.52293199987629,32.874904000155546],[-96.52290900031008,32.874939000163664],
[-96.52289699971618,32.87501800004497],[-96.52290900031008,32.87506899974951],[-96.5229450002951,32.875124000300296],[-96.5230930004331,32.87540899979612],[-96.5231720000758,32.875582999808195],[-96.52322599960416,32.87566800001508],[-96.52328099985574,
32.87572700028834],[-96.52337399974216,32.875791999904486],[-96.5234380002146,32.875832999695916],[-96.52349500011599,32.875904999762206],[-96.52361599959151,32.87606399963845],[-96.52368000006392,32.87614700010116],[-96.5237560002319,32.876266000365334],
[-96.52378499964591,32.87645799972574],[-96.52390699984464,32.87660299992976],[-96.52406400020348,32.876685000252344],[-96.52409400034071,32.87680599981696],[-96.52431600009855,32.877249000323935],[-96.52446000003862,32.87748799962357],[-96.52460599962846,
32.8777309997912],[-96.5247909995764,32.87803900027902],[-96.52536499968674,32.87843499987251],[-96.52554200013708,32.87848999984376],[-96.52557700029718,32.878481999904906],[-96.5256080002593,32.87848599987445],[-96.52565500011498,32.87847599995031],
[-96.52569699994777,32.8784560000987],[-96.52576800009288,32.878462000054654],[-96.52601499996508,32.87854099981404],[-96.52632899978445,32.87866700019176],[-96.52657800020478,32.87878499972448],[-96.52673600038854,32.87892700030926],[-96.52687899960536,
32.87904900019438],[-96.52699699960613,32.879176000211764],[-96.52699300030648,32.87921199964898],[-96.52700500000203,32.87924900018694],[-96.52702500009353,32.87926400031904],[-96.52706000025363,32.879274999760526],[-96.52713399987348,32.87927800008802],
[-96.52715800016293,32.87929100024873],[-96.52720900021654,32.879339999792705],[-96.52730200010296,32.87941599995566],[-96.52730999960058,32.87943600034507],[-96.52730600030092,32.87946100025966],[-96.52726699994287,32.87949500037357],[-96.52725199987427,
32.87952000027152],[-96.52726299974489,32.87954100024072],[-96.52728700003436,32.87954799972639],[-96.5273609996542,32.87953400000007],[-96.52738900014161,32.87954399980484],[-96.5273959998143,32.87957099964923],[-96.5273959998143,32.87959600028012],
[-96.52741599990578,32.8796300003423],[-96.52745100006588,32.87970499990076],[-96.52753899992943,32.879844000212266],[-96.52756700041684,32.87991200013327],[-96.52758099976222,32.879946000074185],[-96.52766899962577,32.88016100028631],[-96.5279520003813,
32.880853000340544],[-96.52797099974957,32.881049000180795],[-96.52804199989468,32.881140999786986],[-96.52805299976534,32.88117399967162],[-96.52814300017701,32.88119500000335],[-96.52821199977399,32.88114799990072],[-96.52839199969904,32.88093600009099],
[-96.52847000041515,32.8807419999347],[-96.52851999974555,32.880518000275984],[-96.52847899973769,32.8803220000159],[-96.52842100001136,32.88013500021819],[-96.52842000018646,32.880030999869504],[-96.52844799977555,32.87994800002594],[-96.52858199966985,
32.87973699996465],[-96.52875200044748,32.8794239998102],[-96.52883299974002,32.87934300011806],[-96.52885100018169,32.87930300004717],[-96.52883100009018,32.87921899991502],[-96.52873800020377,32.87907400021812],[-96.52849100033156,32.87874599976844],
[-96.52842600003423,32.87866999978545],[-96.5282269998426,32.87846299967006],[-96.52815300022276,32.87840500007951],[-96.528135999606,32.87838300022492],[-96.52813999980397,32.87835800000628],[-96.52816599974324,32.87835800000628],[-96.52821400032212,
32.87837599989282],[-96.52826600020066,32.87841100003891],[-96.52832499975189,32.87846299967006],[-96.52880299960277,32.87904900019438],[-96.52888999964141,32.879118000333314],[-96.52894200041827,32.87913899964333],[-96.52899799959646,32.87913899964333],
[-96.52916699965085,32.87910599975539],[-96.52927899980385,32.87909500029298],[-96.52934800029914,32.87909300032198],[-96.52970300012637,32.87920100019968],[-96.5299650000672,32.87939100002836],[-96.53018199980217,32.87952899972007],[-96.53036500010028,
32.87974400018928],[-96.53055000004821,32.880015999867155],[-96.53090900007341,32.880197000077835],[-96.53099600011204,32.88026699967258],[-96.53115400029579,32.88035799974204],[-96.53128900001501,32.88039099991821],[-96.53144999967348,32.8804050002636],
[-96.53165499971288,32.88037799991889],[-96.5317740004369,32.88039200026628],[-96.53191699965372,32.88042099979345],[-96.53214000013479,32.880431000252514],[-96.53227700040215,32.88042600002312],[-96.53243100038792,32.880468000281596],[-96.5325910002215,
32.880498000130714],[-96.53288699959919,32.880531999846895],[-96.53300600032318,32.88058700002576],[-96.53343099957232,32.88059800005743],[-96.53388099983411,32.880605000214054],[-96.53400700023082,32.88061200037008],[-96.53408900024657,32.88062299964427],
[-96.53419899985144,32.88064999991435],[-96.53425699957775,32.880651000259505],[-96.53429299956277,32.880636999952955],[-96.534358999685,32.88059800005743],[-96.53448500008169,32.88057099977146],[-96.53453000028755,32.88057799993022],[-96.53457299994523,
32.880605000214054],[-96.53459499968655,32.8806449996973],[-96.53459499968655,32.88067399989606],[-96.53457799996812,32.880721000250105],[-96.53457799996812,32.88077199969107],[-96.53460399990739,32.88083100033914],[-96.53462999984664,32.88085599986026],
[-96.53466400018185,32.88087599992469],[-96.53475700006825,32.880910000250275],[-96.53484599975671,32.880965999781765],[-96.53490699985609,32.880992000360465],[-96.53510100002485,32.88101699983618],[-96.5351269999641,32.881023000373176],[-96.53521900002563,
32.88104500032692],[-96.53527699975194,32.88105100010762],[-96.53533299982843,32.881071999714074],[-96.5353599995926,32.88106500034875],[-96.5353860004302,32.88104099971851],[-96.53541200036948,32.881027000228],[-96.53543900013365,32.881023000373176],
[-96.53547199974561,32.88103699986432],[-96.53549400038523,32.881062000081755],[-96.5355410002409,32.88109300006998],[-96.5355980001423,32.88111699993173],[-96.53578300009025,32.881225999945066],[-96.53580200035681,32.88124099974258],[-96.53585000003739,
32.88125199969308],[-96.53589699989304,32.88125199969308],[-96.53594799994667,32.881238000235946],[-96.53603199961226,32.881216000330056],[-96.53611399962803,32.88120500037509],[-96.5362169995602,32.88119899985041],[-96.53628900042852,32.88120200011282],
[-96.53635200017773,32.88118799989333],[-96.53639200036068,32.88116599997508],[-96.53643199964534,32.88113800027692],[-96.53646500015563,32.881131999747694],[-96.53651799985906,32.881135000012385],[-96.53659900004993,32.88114299971172],[-96.53670299980699,
32.881135000012385],[-96.53677700032516,32.88112400004731],[-96.53684199972417,32.88110299969881],[-96.53689799980067,32.881073000054464],[-96.53694600037954,32.88103699986432],[-96.5369849998393,32.880989000091],[-96.53701499997652,32.880943000220924],
[-96.53705599998442,32.880818999993146],[-96.53706299965711,32.88074999966956],[-96.53708699994655,32.880717999971395],[-96.53710600021313,32.88065399978604],[-96.5371329999773,32.8806169998346],[-96.53713399980222,32.88057599999268],[-96.53719200042684,
32.88056199967435],[-96.53723599990947,32.88059600012034],[-96.53732499959793,32.88064799997848],[-96.53748299978167,32.88068600026168],[-96.53752200013973,32.88075100001359],[-96.5375969995845,32.88075600022464],[-96.53761300037633,32.88086899978946],
[-96.53766899955453,32.88090500004785],[-96.53790499955605,32.88090300011774],[-96.53839699965066,32.88087299965129],[-96.53866299978944,32.88081799964989],[-96.5386660001625,32.880690000131764],[-96.53876499989669,32.880657999657515],[-96.53892599955518,
32.880627000271566],[-96.53904500027916,32.88071600003701],[-96.53906199999761,32.88073499978889],[-96.53912899994477,32.88089599998466],[-96.53910100035567,32.88094500015018],[-96.53913099959458,32.88097899969484],[-96.53919400024208,32.88098700016272],
[-96.53919199969395,32.88105899981459],[-96.53916900012773,32.88110299969881],[-96.5391759998004,32.88118999981706],[-96.53923400042505,32.88117199974758],[-96.53936099974834,32.88127100008447],[-96.53940900032723,32.8813019999996],[-96.53947399972625,
32.88127800018794],[-96.53950300003858,32.88129199963881],[-96.53953499982562,32.88131800012188],[-96.53963500028306,32.88141599995923],[-96.53969800003225,32.881486000100054],[-96.5397239999715,32.88153499993934],[-96.53973999986505,32.881592999744974],
[-96.53973999986505,32.8816530001803],[-96.5397239999715,32.881725000045535],[-96.53969200018446,32.88178700030171],[-96.53968200013871,32.881830999824516],[-96.53969200018446,32.88188400004366],[-96.5397239999715,32.88195100033229],[-96.53977599985006,
32.88203599971354],[-96.53986799991155,32.88215400004181],[-96.53993700040685,32.8822039998394],[-96.54000099998095,32.882237000082704],[-96.5401249998295,32.882283000035514],[-96.54015599979164,32.882304999676556],[-96.5401740002333,32.882325999740246],
[-96.5401819997309,32.88237800009214],[-96.54020299964732,32.88241500006282],[-96.54024000035554,32.88244100021643],[-96.54028100036342,32.882464999713164],[-96.54040900040995,32.88257600022426],[-96.54047399980897,32.88266299965097],[-96.54050999979398,
32.882725000005344],[-96.54052400003768,32.882787000316405],[-96.54053099971038,32.88284399973666],[-96.54052400003768,32.88299200025726],[-96.5405399999312,32.88306500010696],[-96.54056099984759,32.88312999962286],[-96.540589000335,32.88318099994081],
[-96.54062199994696,32.88322099977026],[-96.54066700015281,32.8832530000735],[-96.5407099998105,32.88329299987047],[-96.54075699966619,32.88335299990927],[-96.5408219999635,32.88349899970821],[-96.54085200010074,32.88359700015142],[-96.54087399984203,
32.88372300013093],[-96.54089099956049,32.88377000037678],[-96.54094900018511,32.88385299965862],[-96.54096400025372,32.883892999939164],[-96.54096799955337,32.88393300020165],[-96.54102000033024,32.88418900024698],[-96.54104799991931,32.88429500009643],
[-96.54106499963774,32.884447999705316],[-96.54105399976709,32.8845340000105],[-96.54106499963774,32.88463500020969],[-96.54105999961487,32.88471500004677],[-96.54104299989645,32.88480700037358],[-96.54097900032234,32.884966999664975],[-96.54095300038308,
32.88519100014894],[-96.54089300010861,32.88551299989979],[-96.54081100009284,32.88582699995915],[-96.54077599993275,32.885921999988454],[-96.54074199959756,32.885978999655435],[-96.54069899993986,32.88602900031249],[-96.54066399977975,32.88607999971646],
[-96.54064899971114,32.886124000125285],[-96.54064299986337,32.88616400013507],[-96.54064700006133,32.88621000031263],[-96.54063100016779,32.886311000110354],[-96.54063500036575,32.88636399991331],[-96.54063100016779,32.88641499987883],[-96.540617999749,
32.88648199975929],[-96.54060199985548,32.88653000032934],[-96.54057300044148,32.886583000001366],[-96.54052999988545,32.88662899996137],[-96.5404760003571,32.88668700020497],[-96.54045899974035,32.88672599968409],[-96.54045700009053,32.88677100004817],
[-96.54048600040284,32.88680200030253],[-96.54052700041073,32.88681899970736],[-96.54059799965752,32.88686500029922],[-96.54064700006133,32.886930000045325],[-96.54067200017566,32.88700299966855],[-96.54066799997771,32.88714300012103],[-96.54067700019854,
32.88715700015409],[-96.54081699994062,32.8874310002485],[-96.54082299978842,32.8875660001982],[-96.54093099974345,32.887727000053694],[-96.54101000028447,32.88795699966308],[-96.54104500044458,32.88803299997998],[-96.54104700009441,32.88805499970224],
[-96.54107999970637,32.88812900016804],[-96.54111400004155,32.888156999920426],[-96.54114199963064,32.88819099971563],[-96.54115900024739,32.88822899978185],[-96.54115900024739,32.88829200027267],[-96.54114199963064,32.88836299976636],[-96.54115400022452,
32.8884260001619],[-96.54117699979075,32.88847799995173],[-96.54121100012594,32.8885200001659],[-96.54122199999658,32.88856799963193],[-96.54120500027814,32.8889309997023],[-96.5411940004075,32.888951000207406],[-96.54117099994296,32.88897500020408],
[-96.54112499991221,32.888988999947735],[-96.54110300017089,32.888987999696695],[-96.54107600040672,32.88900200019259],[-96.54086100032156,32.88900399993999],[-96.54079699984915,32.88895199970451],[-96.54076699971192,32.88895400020732],[-96.54075500001636,
32.8889559999558],[-96.54073800029792,32.88899900019431],[-96.5407089999856,32.88905199989817],[-96.54060600005343,32.88919999985693],[-96.54052700041073,32.889256999678274],[-96.54044700004478,32.889296000289285],[-96.54035599980818,32.88931899994522],
[-96.54026999959446,32.8893279999074],[-96.54010999976089,32.88935300004887],[-96.54004899966151,32.889366999732744],[-96.5399690001939,32.88940600029528],[-96.53988299998018,32.889497000032506],[-96.53975499993366,32.88957400002725],[-96.53954599969627,
32.88957800025046],[-96.53922299965609,32.889627999630996],[-96.53909899980752,32.889699000317094],[-96.53895999989034,32.889706999997706],[-96.53888600027052,32.889730000301334],[-96.53881699977522,32.88976400024722],[-96.5387029999724,32.88987000021674],
[-96.53864100004812,32.8899130000116],[-96.53855499983439,32.8899610002317],[-96.53833800009943,32.89005099991414],[-96.5381959998092,32.890142999981194],[-96.53808200000638,32.89023399971578],[-96.53792200017281,32.89037199987267],[-96.53785900042362,
32.89045899994304],[-96.53782500008843,32.89052599978298],[-96.53776300016416,32.8906250002306],[-96.53768299979821,32.89067300006489],[-96.53763099991968,32.89071699970162],[-96.53759099973672,32.89079700008228],[-96.53739800029118,32.89107599986391],
[-96.53728899961291,32.891210000068604],[-96.53723199971151,32.8912629999585],[-96.53707799972572,32.89134899968393],[-96.53700400010588,32.891356999969894],[-96.5369420001816,32.891356999969894],[-96.53689000030306,32.89134899968393],[-96.53685000012008,
32.89134899968393],[-96.53683300040164,32.89137800015141],[-96.53682800037879,32.8913959996565],[-96.53684900029519,32.89141500013585],[-96.53686199981566,32.891439999688444],[-96.53690199999862,32.891449000189446],[-96.5369420001816,32.89146799990311],
[-96.53696999977069,32.89149700033163],[-96.53699300023523,32.89153400026637],[-96.53702099982432,32.891554000183866],[-96.537512000094,32.891574000096874],[-96.53858300032181,32.891578999697245],[-96.53971200027596,32.89154000009125],[-96.5399690001939,
32.89152599999639],[-96.54017300040839,32.89152599999639],[-96.54021900043915,32.89153400026637],[-96.54026399974667,32.89155000004988],[-96.54029899990677,32.891582000362504],[-96.54031599962521,32.89161600035206],[-96.5403359997167,32.89167799972248],
[-96.54033099969382,32.891766999704075],[-96.5402720001426,32.89178900000784],[-96.54008800001958,32.891810000086956],[-96.53983299975144,32.891810000086956],[-96.53820500003002,32.89174999973996],[-96.53729700000883,32.89172800018083],[-96.5370979998172,
32.8917529996451],[-96.53704599993867,32.89176799992373],[-96.53700300028096,32.89179899993837],[-96.5369770003417,32.891849000328435],[-96.5369780001666,32.891901999836044],[-96.53699499988504,32.89207400022579],[-96.53698400001439,32.892183000339394],
[-96.53696800012086,32.89223800007592],[-96.53694100035669,32.892291000105146],[-96.53687299968631,32.892356999855295],[-96.53679999989139,32.89243300016957],[-96.53680999993712,32.89250800020729],[-96.53679700041663,32.89254300005233],[-96.53673899979201,
32.892593000022494],[-96.53674700018792,32.89264599983933],[-96.53679300021867,32.89270200025186],[-96.53771200011053,32.893616999781564],[-96.53786600009633,32.89380799982492],[-96.5378929998605,32.89383600004546],[-96.5378929998605,32.89386700009077],
[-96.53787699996698,32.893914000236045],[-96.53782300043862,32.89402700037094],[-96.537688999646,32.89407700025783],[-96.53761199965311,32.89408900031696],[-96.5374920000025,32.89401800013185],[-96.53728799978799,32.893838999880025],[-96.53665900032438,
32.893244999735316],[-96.53656300006492,32.89329699971403],[-96.53650799981332,32.89339799973053],[-96.536526000255,32.89359300028799],[-96.5364629996075,32.893622000020954],[-96.5363930001856,32.89360300001489],[-96.53630299977391,32.893799999760304],
[-96.53629199990326,32.893892999901354],[-96.53629399955308,32.89401699993759],[-96.53627400035992,32.89411500006246],[-96.53626699978891,32.89421999991427],[-96.53617899992535,32.894356999706176],[-96.53610000028264,32.89445900021204],[-96.5361050003055,
32.89471799982244],[-96.53610699995534,32.89502899990051],[-96.53611899965091,32.89519300031454],[-96.53608799968875,32.89530000000241],[-96.53605099987884,32.895449000261834],[-96.53593299987806,32.895527999963576],[-96.53589299969508,32.89562599992537],
[-96.53588299964935,32.89570799999484],[-96.53581999990016,32.895782000102706],[-96.53590500028898,32.89588099995666],[-96.53589799971796,32.8959329998966],[-96.53583900016673,32.8960670002974],[-96.53565500004372,32.89640600032743],[-96.53541400001929,
32.89695700026918],[-96.53529199982056,32.89726099968019],[-96.53523699956897,32.8973740000711],[-96.53518800006347,32.897511999665404],[-96.53512299976616,32.89761599986257],[-96.5350549999941,32.89769899975102],[-96.53499899991759,32.89778600016855],
[-96.53489199978746,32.89801999990513],[-96.53487000004617,32.89814800003452],[-96.53487599989396,32.89817500024444],[-96.53486099982533,32.898242999675105],[-96.53490600003117,32.89840499988314],[-96.53493299979536,32.898619999808744],[-96.53494000036638,
32.89887099971407],[-96.53485499997755,32.8989149998045],[-96.53484999995467,32.899139999856736],[-96.53491100005405,32.89919700007086],[-96.53496299993259,32.89944600033789],[-96.53494399966603,32.8997380002106],[-96.53484900012977,32.90008199964169],
[-96.53487599989396,32.90015900024125],[-96.5349849996739,32.900198999948365],[-96.53506800041289,32.90014800037522],[-96.53513700000987,32.900219000172314],[-96.5352030001321,32.90026999970458],[-96.53527900030008,32.90029800014515],[-96.53541700039233,
32.900331999806326],[-96.53545400020226,32.90034499989513],[-96.53546800044597,32.900367999699455],[-96.53546800044597,32.9003929997424],[-96.53545599985209,32.90044000019618],[-96.53542200041521,32.900474999924114],[-96.53531299973696,32.90054100036472],
[-96.53519300008635,32.900704000259466],[-96.53517499964468,32.900736000282194],[-96.53517700019283,32.90074800019351],[-96.53515999957608,32.90080999996058],[-96.53507000006272,32.90090800011223],[-96.53492799977248,32.901052000169],[-96.53483700043421,
32.90117599998838],[-96.53486599984821,32.90124300001931],[-96.53487500006904,32.90141599972954],[-96.53496700013055,32.90169500000645],[-96.53487699971885,32.90194299993371],[-96.53483999990894,32.90212800026349],[-96.53481200031986,32.90227199984503],
[-96.53477899980956,32.90230600025678],[-96.53476600028908,32.902360999741674],[-96.53471900043343,32.90247300031498],[-96.53468500009824,32.90260100004256],[-96.5346750000525,32.90279599994948],[-96.53484900012977,32.90277600030756],[-96.53488299956665,
32.902850999884286],[-96.53490400038136,32.90293400014632],[-96.53488900031275,32.90299399970576],[-96.53471900043343,32.9030320002102],[-96.53465900015897,32.903081000201446],[-96.53458999966368,32.90311500030259],[-96.53451699986874,32.903132000348265],
[-96.53439700021814,32.90313599995924],[-96.53427099982144,32.903120000005806],[-96.5342599999508,32.903173000311895],[-96.53428400024023,32.90318000019339],[-96.53437200010379,32.90325199991234],[-96.53436600025601,32.90331200001054],[-96.53434799981434,
32.90331999997028],[-96.53428500006515,32.90334900028966],[-96.5342530002781,32.90340100037038],[-96.53427800039246,32.903464999963745],[-96.53434799981434,32.90352199965688],[-96.53443200037825,32.903523999830725],[-96.5344990003254,32.90352499991757],
[-96.53456500044764,32.90354799965029],[-96.53465199958796,32.9036400000298],[-96.53480499974884,32.90375499999263],[-96.53485400015263,32.90388400021265],[-96.53497600035136,32.90403699993179],[-96.53510799969753,32.904252999839414],[-96.53516200012422,
32.90434300008539],[-96.53520599960683,32.90442899993327],[-96.5352170003758,32.90443200016324],[-96.53526300040656,32.90446899997438],[-96.53530000021647,32.904526999851065],[-96.53531299973696,32.90462000004215],[-96.53531100008713,32.904666999760984],
[-96.53534000039944,32.90473300009428],[-96.53533299982843,32.90485599996706],[-96.53542700043808,32.905030000231065],[-96.53548400033948,32.905078999870945],[-96.53566599991437,32.905206000288956],[-96.53574100025745,32.905255999898806],[-96.53578599956496,
32.905275999734826],[-96.53579200031106,32.90521600021321],[-96.53584099981654,32.90520200001726],[-96.53589500024323,32.905184000300885],[-96.53595200014463,32.90522999965272],[-96.53599499980236,32.90529500025363],[-96.5360540002519,32.90525800003348],
[-96.53617800010043,32.905255999898806],[-96.53629299972818,32.90530700030134],[-96.53640300023135,32.905356999854156],[-96.53647400037644,32.905351000211034],[-96.53648799972184,32.90530999974741],[-96.53652500043007,32.90528400027132],[-96.53664500008067,
32.90526699988458],[-96.53679999989139,32.90532199979309],[-96.53693100031096,32.905396000164515],[-96.53712399975649,32.905334999903594],[-96.53739499991812,32.90533800010286],[-96.53751700011685,32.905273000287664],[-96.53758800026196,32.90509099994793],
[-96.53771700013341,32.9048829996403],[-96.53778800027852,32.904832999819845],[-96.53789000038576,32.90472799972792],[-96.53797900007423,32.90468799980381],[-96.53805500024221,32.90467799981993],[-96.53812600038732,32.9046979997865],[-96.53820500003002,
32.90473999985247],[-96.53826000028162,32.90478600018918],[-96.53834499977212,32.904854999895186],[-96.53840400022166,32.904941000000036],[-96.53843099998585,32.904979999739396],[-96.53841599991723,32.905070000000684],[-96.53832499968064,32.90515100030846],
[-96.53818499993855,32.90524299977669],[-96.53808100018146,32.90532800019239],[-96.53807100013573,32.90538700032652],[-96.5379840000971,32.90546899965505],[-96.53795200031004,32.90553199995213],[-96.53794599956395,32.90559200001384],[-96.53799400014283,
32.905622999715526],[-96.5379840000971,32.90566400003422],[-96.53798699957183,32.905761000031966],[-96.53801099986129,32.90587799962351],[-96.53804299964831,32.90602099983611],[-96.53808500037945,32.90614600029693],[-96.53809600025008,32.90623600012724],
[-96.53806799976269,32.906325999866105],[-96.53818499993855,32.906432999679595],[-96.53830799996219,32.90654400032925],[-96.53843000016093,32.90665500008553],[-96.53846399959781,32.90673000014784],[-96.53856700042829,32.906705999682345],[-96.53866899963721,
32.9067940003519],[-96.53875300020111,32.90680600019647],[-96.53879099983597,32.90680999964148],[-96.53860900026108,32.906930000254846],[-96.53854599961358,32.90704300037572],[-96.53848600023743,32.90711299987775],[-96.53843000016093,32.9072129999322],
[-96.53844699987937,32.90730400023056],[-96.53843099998585,32.907382999916464],[-96.53848399968928,32.907435999933575],[-96.53850799997875,32.90743199976263],[-96.5385330000931,32.90742600026004],[-96.53870700017036,32.90759699987627],[-96.53929200015136,
32.90761099969347],[-96.53957500000858,32.907619000019004],[-96.53959599992498,32.907619000019004],[-96.53969200018446,32.90762400022209],[-96.53977500002514,32.907628999670735],[-96.53985899969072,32.90763399987321],[-96.53990100042184,32.907651999845804],
[-96.5399340000338,32.90766500036837],[-96.53994999992732,32.90767900017487],[-96.5399690001939,32.907694000018935],[-96.53998599991232,32.90770699978118],[-96.53999199976012,32.907747999889025],[-96.53999599995808,32.90777300011104],[-96.53999699978299,
32.90779400017137],[-96.53999199976012,32.907824999856366],[-96.5399900001103,32.9078439998282],[-96.53998400026249,32.90788699994789],[-96.53998099988945,32.907914000205295],[-96.53997400021676,32.90796099968401],[-96.53996400017103,32.90799200006467],
[-96.5399420004297,32.90801300007305],[-96.53992099961499,32.90803300004053],[-96.53987399975934,32.90804499971718],[-96.5398229997057,32.90805800018209],[-96.53975599975855,32.90805700014637],[-96.53966899971992,32.90805700014637],[-96.53957500000858,
32.90805700014637],[-96.53942699987059,32.908056000110655],[-96.53931100041795,32.908056000110655],[-96.53922400037932,32.908056000110655],[-96.53912700029494,32.90805500007498],[-96.53904100008121,32.90805500007498],[-96.53894099962378,32.90805500007498],
[-96.53882500017114,32.90805400003924],[-96.53873399993455,32.90805400003924],[-96.53855599965931,32.90805400003924],[-96.53831899983285,32.90805300000349],[-96.53829000041884,32.90813499987978],[-96.53832899987859,32.90819200033766],[-96.53834099957415,
32.9082669998522],[-96.53829999956628,32.908307999700774],[-96.53829399971849,32.908345000154796],[-96.53831499963489,32.908405999850466],[-96.53823400034236,32.90845699994696],[-96.53814899995353,32.908481999968785],[-96.53807299978556,32.90854000023353],
[-96.53799900016571,32.908602999853905],[-96.5380059998384,32.90870799987575],[-96.53801599988414,32.90887800000615],[-96.53808000035657,32.908966000025366],[-96.53814999977844,32.90903800031877],[-96.53817900009078,32.90904099963839],[-96.53819699963411,
32.90904199966299],[-96.53825400043384,32.909077999786135],[-96.53830499958914,32.90910599970414],[-96.53834099957415,32.9091260001789],[-96.53844699987937,32.9091489999651],[-96.53846600014595,32.90918299999877],[-96.5384760001917,32.909300000347656],
[-96.53846600014595,32.90937299963612],[-96.53841799956706,32.909466000016465],[-96.53846100012306,32.90948599965572],[-96.53853800011596,32.9095910001387],[-96.53858599979655,32.90964000027116],[-96.53858599979655,32.909702999862944],[-96.53873099956151,
32.909986999740696],[-96.53879800040697,32.9102660001621],[-96.53877400011751,32.91028200033262],[-96.5387790001404,32.91031399991083],[-96.53876900009465,32.910339000162395],[-96.53883199984384,32.91038699987149],[-96.53888999957016,32.91041500012974],
[-96.538898999791,32.91046299979761],[-96.5388510001104,32.910535999635464],[-96.53886100015616,32.91059800009102],[-96.53893800014905,32.910770000373226],[-96.53891899988247,32.91089700016981],[-96.53892800010331,32.910969999649815],[-96.53893800014905,
32.91100599974308],[-96.53888000042274,32.91107899988735],[-96.53884699991245,32.911090999905255],[-96.53882699982097,32.91111899994084],[-96.53882500017114,32.9111349999572],[-96.53868100023108,32.91137499985533],[-96.53867000036045,32.911471999629526],
[-96.53858300032181,32.911576000023516],[-96.53859500001737,32.91164699970746],[-96.53860099986515,32.91176699979794],[-96.53836900006156,32.911883999748454],[-96.53842599996297,32.91191900023211],[-96.53860099986515,32.91186599988217],[-96.53869200010175,
32.91188199976346],[-96.53889100029338,32.911856999947624],[-96.53917199960244,32.911841000061756],[-96.53925500034146,32.91184200005472],[-96.53943600009143,32.91185899993318],[-96.53963000026017,32.91191500026372],[-96.53977900022309,32.91201900013727],
[-96.53986700008664,32.91226399984229],[-96.53991200029249,32.912252999971656],[-96.53998799956214,32.91233999966534],[-96.54002199989733,32.91247300014127],[-96.54002899957004,32.91249099988419],[-96.5400960004155,32.9126029997103],[-96.54015999998958,
32.91271100021648],[-96.54026600029482,32.9129650000915],[-96.54031999982317,32.91325599990163],[-96.54032599967096,32.913439999997976],[-96.54036099983107,32.91349400013405],[-96.54041699990755,32.91352400011155],[-96.54046899978609,32.91366200017894],
[-96.54046499958812,32.91376300034875],[-96.54048899987758,32.91382799996407],[-96.54043600017413,32.91389100034614],[-96.5403919997932,32.91393299982187],[-96.54038299957236,32.91399200025466],[-96.54038799959524,32.91404200018165],[-96.5404200002806,
32.91408500030744],[-96.54034599976244,32.91414399988485],[-96.54022500028694,32.91419499969236],[-96.54016900021043,32.914208999974484],[-96.54009499969227,32.914203000177054],[-96.5399700000188,32.914203000177054],[-96.5399139999423,32.91422800008449],
[-96.53987499958424,32.91425699984762],[-96.53986600026174,32.91427100011993],[-96.5398000001395,32.91431000027429],[-96.53974800026096,32.91442899980766],[-96.53965299982639,32.91450599999718],[-96.53956400013796,32.91452400008078],[-96.53952200030514,
32.91460500003463],[-96.53957500000858,32.914720000083896],[-96.53958099985637,32.91473400028296],[-96.53960099994787,32.91485799979493],[-96.53952399995498,32.9149210001981],[-96.53944500031224,32.914933999653236],[-96.53941699982485,32.91493800023934],
[-96.53937900019002,32.91500900024324],[-96.53928100028071,32.91503699979363],[-96.53916900012773,32.91509199966579],[-96.53915200040929,32.91522299986801],[-96.5391380001656,32.915267000128466],[-96.53919900026496,32.91533000024049],[-96.53928100028071,
32.91545499962379],[-96.5393499998777,32.91575299993915],[-96.53944399958904,32.915915999732725],[-96.53947899974914,32.91616000001928],[-96.5394419999392,32.91639200033553],[-96.53945700000783,32.91652400006203],[-96.53935300025074,32.91662400004365],
[-96.53908000043926,32.91666100003843],[-96.539046999929,32.916749999799336],[-96.53906500037066,32.916783999930146],[-96.53909799998263,32.91685200015248],[-96.53921900035644,32.91684299997081],[-96.53930600039509,32.91674300023657],[-96.53935400007566,
32.916761999802645],[-96.53930399984694,32.9168490003434],[-96.5392939998012,32.916866999950535],[-96.53929499962612,32.91700200028082],[-96.5392720000599,32.91701500018443],[-96.53924000027284,32.91703399969212],[-96.5392510001435,32.917041999920215],
[-96.53930300002203,32.917161000305185],[-96.53934800022789,32.91737799979691],[-96.53938400021288,32.91741999988035],[-96.53948799996996,32.917520000357854],[-96.53955499991712,32.91754300022546],[-96.53959400027516,32.91755600004966],[-96.53960799962056,
32.9175579999064],[-96.53967999959058,32.91753799982853],[-96.5396889998114,32.91753200025676],[-96.53977400020021,32.91747199999194],[-96.53980799963709,32.917506999774304],[-96.53984799982007,32.91754799986803],[-96.53985899969072,32.91757400026707],
[-96.53987399975934,32.91760800008134],[-96.53994099970649,32.91760199976016],[-96.53998400026249,32.91765499969212],[-96.53995599977512,32.91778300009404],[-96.53995400012528,32.91781200020064],[-96.53989300002591,32.91793899969733],[-96.5399630003461,
32.917993000105],[-96.54001500022466,32.91807599974572],[-96.54003100011818,32.91816600026759],[-96.53994400007953,32.91823600002365],[-96.53995099975224,32.91831900019058],[-96.53991700031534,32.918490999798095],[-96.53994099970649,32.91861200033009],
[-96.53997300039187,32.9187660001509],[-96.53997900023964,32.918897000193944],[-96.53992900001093,32.918944999787016],[-96.53990899991943,32.91903099977836],[-96.53994699955427,32.91911499986456],[-96.53990600044472,32.91917399985951],[-96.53989100037609,
32.919253000264064],[-96.53977800039819,32.91930699987],[-96.53970399988003,32.91942999985489],[-96.5395759998335,32.91943500014491],[-96.53946100020579,32.9195909998526],[-96.53940000010641,32.91969900012723],[-96.53929600034932,32.919792000216184],
[-96.53926899968684,32.919817999956045],[-96.5392720000599,32.91984199988311],[-96.53928799995342,32.91994500034454],[-96.53939400025864,32.919965999779656],[-96.53942799969549,32.92004500023124],[-96.53955300026729,32.9200470000318],[-96.53964100013084,
32.92010099990733],[-96.53965299982639,32.9201459999041],[-96.53976900017734,32.92015200005281],[-96.53978900026884,32.92024600031776],[-96.5397239999715,32.920350000205836],[-96.53962299968917,32.920272999821954],[-96.53956499996285,32.920321000176834],
[-96.53959500010008,32.92035900003092],[-96.53958800042739,32.92044899973924],[-96.53958199968129,32.92055400003737],[-96.53968399978852,32.92057099975074],[-96.53976699962922,32.920604999921714],[-96.53984600017024,32.920670999684155],[-96.53988999965286,
32.92085699998366],[-96.5399830004376,32.92085600009254],[-96.54007600032404,32.920884000055466],[-96.54017500005821,32.920904000131266],[-96.54022399956371,32.920891999935485],[-96.54011599960866,32.92074599993708],[-96.54021400041627,32.92064500019491],
[-96.54028499966307,32.92052099974165],[-96.54040900040995,32.920407000339154],[-96.54056400022064,32.92041199981995],[-96.54077900030579,32.92032900010781],[-96.54095099983492,32.92021499970396],[-96.54108800010229,32.92023599982909],[-96.54109800014803,
32.92039799976492],[-96.54109999979784,32.92051800005688],[-96.54115500004944,32.920627999741725],[-96.54119299968427,32.92063999997325],[-96.54137299960932,32.92062300027313],[-96.5414839999374,32.92064299965384],[-96.54172400013692,32.920675000010895],
[-96.54166800006043,32.920640999866805],[-96.54143899973157,32.9205510003537],[-96.54127100040039,32.920487000292425],[-96.54124899976075,32.92043800013168],[-96.54124100026316,32.920393000283404],[-96.54127399987513,32.92032299997116],[-96.54126999967716,
32.92026399998812],[-96.54127399987513,32.92019500022653],[-96.54127800007309,32.92013400035967],[-96.54120600010306,32.91997999990302],[-96.54140299974657,32.92001199974573],[-96.54163399972524,32.9200959996549],[-96.54184399978753,32.92015700030203],
[-96.54209499985768,32.920224000296805],[-96.54211199957612,32.92022899978793],[-96.54228800020154,32.920187000283455],[-96.54215400030724,32.92027399971961],[-96.54200500034432,32.920312000347955],[-96.54190900008484,32.92033700003799],[-96.54157199980094,
32.92025099980766],[-96.54141899964007,32.920231000338354],[-96.54141399961722,32.92024700021578],[-96.54140000027182,32.92028199965482],[-96.54154800040982,32.92038899994386],[-96.5418000003049,32.92045100028468],[-96.54205300002488,32.920526999864876],
[-96.54210099970547,32.92075499972189],[-96.54211800032222,32.92078199982476],[-96.54221299985846,32.9209269998735],[-96.54240399965417,32.92094199973496],[-96.54255900036318,32.920675000010895],[-96.542673000166,32.92055800036939],[-96.5427290002425,
32.92035700023742],[-96.54265700027247,32.920231000338354],[-96.5427149999988,32.91999400002417],[-96.54271099980085,32.91981199978475],[-96.54275199980871,32.91966199989438],[-96.54280700006031,32.919644000101584],[-96.54294699980238,32.91956500004612],
[-96.54305099955947,32.91957300004537],[-96.5431329995752,32.91953699966587],[-96.54314900036707,32.91948099963294],[-96.54315299966672,32.91929299964016],[-96.54317000028347,32.919212000206095],[-96.54328999993406,32.91916300009349],[-96.54343100039938,
32.919165999824145],[-96.54336500027713,32.91911499986456],[-96.54329099975898,32.91913199985436],[-96.54315699986468,32.919130000033185],[-96.54309900013835,32.91906000023006],[-96.5432010002456,32.91880499983282],[-96.54321799996403,32.918705000053166],
[-96.54317100010836,32.918490999798095],[-96.54309199956734,32.91835800006953],[-96.54321399976608,32.91820999981909],[-96.54342399982836,32.918157000219495],[-96.54356500029368,32.918133999757345],[-96.54369199961697,32.918043999957035],[-96.5438769995649,
32.91805000024826],[-96.54413400038115,32.91811700032996],[-96.54413199983301,32.918187000124824],[-96.54417200001599,32.91821899986175],[-96.54430599991028,32.91824099962708],[-96.54435899961373,32.91822199962444],[-96.54447699961452,32.91828300005509],
[-96.54450400027702,32.91834399968958],[-96.54454299973675,32.918367000097135],[-96.54456399965315,32.91829499985049],[-96.54456899967603,32.91828100021467],[-96.54452699984323,32.91825899970523],[-96.544468000292,32.918229999745094],[-96.54439700014689,
32.918188000046044],[-96.54437899970523,32.91812700030403],[-96.54448199963737,32.918085999724426],[-96.54453100004119,32.918034999896584],[-96.54460800003407,32.91804000026542],[-96.54466099973752,32.91809599970201],[-96.54475299979903,32.91810299991189],
[-96.54484400003564,32.918140999964216],[-96.54487400017287,32.91815299977893],[-96.5449970001965,32.918139000120654],[-96.54512199986998,32.918157000219495],[-96.5451789997714,32.91810800027693],[-96.54527900022882,32.91819500024863],[-96.54533100010735,
32.918234000182224],[-96.54549099994092,32.91832100003013],[-96.54561099959152,32.918302999964595],[-96.54563800025403,32.918336000333284],[-96.54571299969878,32.918441000122044],[-96.54566300036838,32.918553999877616],[-96.54569599998034,32.91863399999769],
[-96.54574500038414,32.91865800024585],[-96.54580700030841,32.91868999981252],[-96.54581800017908,32.91869199964369],[-96.54595200007338,32.91870599996855],[-96.54598700023347,32.91870899971474],[-96.5461160001049,32.91869400022886],[-96.5462290000828,
32.918634999913905],[-96.54625300037225,32.9186230001646],[-96.54632100014432,32.918513000249916],[-96.54630699990061,32.91845000014121],[-96.54630299970266,32.91843000026492],[-96.54630000022792,32.91841799973372],[-96.54628000013643,32.91841100030281],
[-96.54624900017429,32.918396000012386],[-96.54621200036438,32.918364000339395],[-96.54627199974051,32.91834000001152],[-96.5463479999085,32.9182849998954],[-96.54629699985486,32.91824599998433],[-96.54626099986986,32.918188999967306],[-96.54626199969476,
32.918151999857265],[-96.54619899994557,32.918093999857426],[-96.54623499993059,32.917960000362534],[-96.54629100000709,32.91788899970937],[-96.54635200010645,32.91783400006708],[-96.54637600039591,32.917813000126095],[-96.54654100025235,32.91766299986407],
[-96.54659999980358,32.91766199993686],[-96.546664000276,32.917606000225675],[-96.54673100022315,32.91755300026438],[-96.54675200013955,32.91748800036816],[-96.54678300010167,32.917459000155446],[-96.54683599980514,32.91746000008489],[-96.54697999974518,
32.9173740000752],[-96.54706000011112,32.91729400032436],[-96.54712000038558,32.91725100024929],[-96.54713999957875,32.91716500003652],[-96.54712399968521,32.917089999765224],[-96.54717300008902,32.91693100036737],[-96.5471780001119,32.916855999897784],
[-96.5471510003477,32.91681999992126],[-96.54717700028698,32.916758000053086],[-96.54723900021125,32.916725999787886],[-96.54726000012765,32.916668000361796],[-96.54722900016552,32.91664299963527],[-96.54716399986818,32.91665900016137],[-96.54710699996677,
32.916528999762164],[-96.54708400040056,32.91632599964435],[-96.54708299967733,32.916236000267894],[-96.54706500013397,32.91619099979124],[-96.54703199962371,32.91619600026425],[-96.54702099975304,32.91618100035247],[-96.54701599973018,32.91612599964881],
[-96.54696300002672,32.916065999939086],[-96.54697399989739,32.91604199974216],[-96.5469329998895,32.91592000027438],[-96.54697999974518,32.91589100030204],[-96.54697800009535,32.91576000033434],[-96.54692200001885,32.91562299971746],[-96.54685800044474,
32.91548199983539],[-96.54689799972941,32.91534400034309],[-96.54686900031541,32.91526099964864],[-96.54685800044474,32.91516300030028],[-96.54690399957718,32.91508000019019],[-96.54699700036193,32.91508799984077],[-96.54707600000464,32.91510399989387],
[-96.5471360002791,32.91503999966418],[-96.5471019999439,32.91499500008766],[-96.54709899957086,32.91493600032335],[-96.5470590002862,32.914947999818466],[-96.54703199962371,32.91488800006434],[-96.54705699973806,32.914774000193184],[-96.5470879997002,
32.91471800016297],[-96.54710500031695,32.914664999980594],[-96.54712799988317,32.91462599998263],[-96.54714700014974,32.914545000048],[-96.54713399973095,32.91444599994338],[-96.54720900007403,32.914385999848975],[-96.54722699961738,32.914291000181876],
[-96.54719999985319,32.914217999669894],[-96.54717700028698,32.91416599990892],[-96.54717399991391,32.91411999992093],[-96.54714399977671,32.914060000359626],[-96.54712899970808,32.913982999782185],[-96.54709100007325,32.913925000066904],[-96.54703099979879,
32.91386099973888],[-96.54698800014108,32.91382000019963],[-96.54697999974518,32.9137829997714],[-96.54695700017895,32.913746000081844],[-96.54690600012532,32.91370099984755],[-96.54683599980514,32.91367599979127],[-96.54673399969786,32.913639000056996],
[-96.54673000039823,32.91358999987553],[-96.54670100008592,32.91355000018442],[-96.54673899972074,32.913530999928874],[-96.54674200009379,32.91349400013405],[-96.54676100036036,32.91343000024849],[-96.54678899994947,32.91334000018982],[-96.54681800026177,
32.91323700033712],[-96.54679999982012,32.913135000342955],[-96.54681700043687,32.91307300015599],[-96.54681099969076,32.91302700035406],[-96.54681900008669,32.91298099977417],[-96.54688799968368,32.91290199980448],[-96.54689799972941,32.91284200017176],
[-96.54697600044553,32.91269599971413],[-96.547024999951,32.91265199968396],[-96.54707400035481,32.91249099988419],[-96.54713899975383,32.912405000325506],[-96.547213000272,32.912355000227954],[-96.54733100027276,32.91234700033044],[-96.54741099974038,
32.91235700020226],[-96.54744900027353,32.91227099975925],[-96.54749899960395,32.91216300022456],[-96.54750100015208,32.91204499989803],[-96.54751899969543,32.91201400018244],[-96.54753600031218,32.91195199996448],[-96.5475930002136,32.911854999962074],
[-96.54763400022146,32.91175399987772],[-96.54761699960471,32.91164699970746],[-96.54760800028221,32.911571000043615],[-96.54761300030506,32.91144499970304],[-96.54751200002273,32.911337999913414],[-96.5474810000606,32.91127499997681],[-96.54751299984765,
32.91121199999538],[-96.54759700041156,32.91117499998538],[-96.54765699978769,32.91121099999529],[-96.5476869999249,32.91126099998482],[-96.54768899957475,32.9113739998571],[-96.54771200003927,32.91140499979685],[-96.54776899994069,32.9114780003662],
[-96.54778800020726,32.91141499977508],[-96.5478190001694,32.91128499996978],[-96.5478479995834,32.91118399998927],[-96.54794999969066,32.91118199998845],[-96.54801300033816,32.911178999987214],[-96.54805500017095,32.91111299993399],[-96.54808000028531,
32.911068999871105],[-96.54812499959283,32.91106599986604],[-96.54821500000452,32.911059999855595],[-96.54830899971584,32.91103599980965],[-96.54830700006602,32.91097499966361],[-96.54828399960148,32.91090000018061],[-96.54827600010388,32.91087700009515],
[-96.54808299976003,32.91080199977498],[-96.54799700044462,32.91084299995793],[-96.54790200001005,32.910829999901964],[-96.54789899963701,32.910741000221925],[-96.54783300041309,32.91068099987869],[-96.54771500041232,32.91065199969819],[-96.54762900019861,
32.91052500030428],[-96.54767000020648,32.9104370003264],[-96.54767900042731,32.91040600004767],[-96.54771899971196,32.910373999748614],[-96.54777399996354,32.91036499966239],[-96.54781800034449,32.91035800034889],[-96.54795600043674,32.91043800033522],
[-96.54810500039967,32.910534000374184],[-96.54825299963935,32.91064199963376],[-96.54832100030974,32.910703000009256],[-96.5483120000889,32.9106150002083],[-96.54830799989094,32.91055299976471],[-96.54821900020247,32.91045999977201],[-96.54799300024666,
32.91026900019434],[-96.54786000017728,32.91019300010167],[-96.54777800016153,32.91015599966574],[-96.5476869999249,32.91010599980634],[-96.54764500009212,32.9100250002607],[-96.54759999988627,32.90993599977132],[-96.54754800000775,32.90986600023879],
[-96.54735800003695,32.909715000067415],[-96.54708600005037,32.9094979998896],[-96.54704599986741,32.90946399997689],[-96.54709699992102,32.9093700003277],[-96.54707199980668,32.90932400010998],[-96.54682800030751,32.90929200017401],[-96.54674799994157,
32.90928600004329],[-96.546700000261,32.90927199973676],[-96.54671799980436,32.90921700001938],[-96.54656399981856,32.90917199974531],[-96.54652600018372,32.90921900006458],[-96.54643800032018,32.909149999988465],[-96.54650799974206,32.9090549999815],
[-96.54649900041954,32.908873999900415],[-96.54646300043453,32.90881699988156],[-96.54644499999287,32.90874100005079],[-96.5463610003273,32.90869000011784],[-96.54635100028155,32.9086360000681],[-96.54627500011355,32.90852099965687],[-96.54620999981624,
32.908497999707535],[-96.54608400031785,32.908368000143874],[-96.54604099976181,32.90823899966885],[-96.54590900041566,32.908151999715884],[-96.54587199970743,32.90804899986042],[-96.54584599976816,32.90804999989623],[-96.54505400009792,32.90805700014637],
[-96.54501200026513,32.90805700014637],[-96.5444470003756,32.90806999985534],[-96.54368900014224,32.908073999997455],[-96.5429829997874,32.90806999985534],[-96.54278299977085,32.90806899981976],[-96.54267200034108,32.90806999985534],[-96.54206399989555,
32.90807700010392],[-96.54111999988935,32.90808699970392],[-96.5411099998436,32.90807700010392],[-96.54109700032312,32.90806300036039],[-96.5410899997521,32.90805300000349],[-96.54108200025449,32.90804299964552],[-96.54107499968349,32.90803300004053],
[-96.5410680000108,32.908022999680284],[-96.54106200016302,32.9080120000369],[-96.54105399976709,32.907994000137485],[-96.54104999956913,32.9079829997363],[-96.54104500044458,32.9079730001246],[-96.54104200007153,32.90795900036458],[-96.54103799987357,
32.907942999774235],[-96.54103700004866,32.90793100008378],[-96.54103500039884,32.90791999967476],[-96.5410339996756,32.90790799998117],[-96.5410320000258,32.90789600028596],[-96.54103299985069,32.90787800036303],[-96.5410339996756,32.90786699994743],
[-96.54103500039884,32.907856000284646],[-96.54103600022374,32.90784299979007],[-96.5410389996985,32.90782599989465],[-96.54104700009441,32.90779999964903],[-96.54105200011728,32.90778499982294],[-96.54105600031524,32.90777400014996],[-96.5410610003381,
32.907762999721385],[-96.5410689998357,32.90774699984987],[-96.54107600040672,32.907737000211455],[-96.54108200025449,32.90772699981778],[-96.54109099957702,32.907709999900085],[-96.54110499982072,32.90769700013826],[-96.5411109996685,32.90768599970017],
[-96.54111999988935,32.90767700009489],[-96.54113400013304,32.90766300028812],[-96.54114300035387,32.907653999926296],[-96.54116400027027,32.90764200019666],[-96.54134800039328,32.90763900007547],[-96.54172400013692,32.90763399987321],[-96.5424139996999,
32.90763699999464],[-96.5441090002668,32.90764200019666],[-96.54473100005774,32.90766100020777],[-96.54502700033375,32.907669999814686],[-96.5451729999236,32.907666999694435],[-96.5452990003203,32.90766500036837],[-96.54553000029898,32.90766599965431],
[-96.545594999698,32.90762799963018],[-96.54561399996457,32.907619000019004],[-96.54570500020118,32.90760700028462],[-96.54576499957732,32.90755200028711],[-96.54580200028553,32.90746400037092],[-96.54587400025557,32.90740400006935],[-96.545890999974,
32.90738900017617],[-96.54589500017197,32.90733400004324],[-96.54587799955522,32.907179999941825],[-96.54590699986753,32.90707799975658],[-96.54594299985254,32.9070159998527],[-96.5459250003092,32.90700800022688],[-96.54589599999689,32.906995000361995],
[-96.54589900036993,32.9069790003517],[-96.54593199998187,32.906839000326286],[-96.54596299994404,32.9068180000394],[-96.54598700023347,32.906798999847396],[-96.54599800010413,32.90679000015195],[-96.54611500027998,32.90664400027218],[-96.54615999958753,
32.90654899983886],[-96.54621599966401,32.906528000237394],[-96.54632500034228,32.90644999984249],[-96.54644599981778,32.906405999724775],[-96.54652899965846,32.906405999724775],[-96.54661400004727,32.90633500036292],[-96.54685000004882,32.90631299990109],
[-96.54711000033983,32.90629000013239],[-96.5473549996639,32.90627099982708],[-96.54769899962048,32.906243999822856],[-96.54793600034526,32.90619600013013],[-96.54817700036968,32.906174999690805],[-96.54825400036259,32.90615099982901],[-96.54815200025531,
32.906116000081724],[-96.54784500010868,32.90606199997051],[-96.54776800011577,32.90607099973995],[-96.54759200038868,32.90609000008818],[-96.54724199968598,32.90607199979809],[-96.54697100042264,32.906084999798445],[-96.54688799968368,32.906066000203346],
[-96.54685599989662,32.90606400008692],[-96.54669600006304,32.90606899962364],[-96.54655499959773,32.90607800014657],[-96.54644199961982,32.9060910001461],[-96.54629799967978,32.906107000316915],[-96.54624400015143,32.906113999966486],[-96.54614700006705,
32.9060869999144],[-96.5460459997847,32.90600200022728],[-96.54607500009702,32.90589199971251],[-96.54605900020348,32.90584499988972],[-96.54608099994479,32.90581000002154],[-96.5461010000363,32.905665000096946],[-96.5461300003486,32.90558500032301],
[-96.54618100040224,32.90555399985375],[-96.54612100012777,32.905496999960235],[-96.54606099985332,32.905358999986554],[-96.54607199972398,32.90522999965272],[-96.5461360001964,32.90500099970799],[-96.54608099994479,32.90492400030164],[-96.54607699974683,
32.90483600003617],[-96.546107999709,32.90478800033441],[-96.54607000007415,32.90472699965459],[-96.54608699979259,32.90465200015835],[-96.5460600000284,32.90459499968415],[-96.5460459997847,32.90447000005062],[-96.54597700018773,32.904286000166486],
[-96.54598700023347,32.904234999930054],[-96.54595700009625,32.90420299966322],[-96.5459539997232,32.90416300025618],[-96.54596100029421,32.904121999996704],[-96.54595899974608,32.90409999973926],[-96.54600599960172,32.903971999915754],[-96.54603300026423,
32.90396600017879],[-96.54605199963248,32.903857000234744],[-96.5460170003707,32.90378799975107],[-96.54595700009625,32.90373900015103],[-96.5458979996467,32.90372900005999],[-96.54584999996614,32.90369700036452],[-96.54581700035416,32.90366700007381],
[-96.54573600016332,32.90365100021633],[-96.54569799963016,32.903653999718415],[-96.54562499983524,32.90362099991003],[-96.54558100035261,32.90363699977295],[-96.54550500018462,32.90362699967044],[-96.5453980000545,32.90363400027027],[-96.54535399967357,
32.90360800030211],[-96.54535899969645,32.90357300030395],[-96.54541300012313,32.90352199965688],[-96.54548599991806,32.90348099985484],[-96.54561800016252,32.903438999945955],[-96.54568299956155,32.903364000113],[-96.54571100004895,32.90328000016433],
[-96.54569299960728,32.90311200002801],[-96.54563999990384,32.9030519997943],[-96.54553600014677,32.90288999978994],[-96.54545800032896,32.902760000289085],[-96.54544699956,32.902658999634276],[-96.54549400031397,32.90251199963288],[-96.54556399973586,
32.902417000046],[-96.54558100035261,32.9023640000417],[-96.54550600000952,32.90228699985081],[-96.54548900029111,32.90226100024139],[-96.54549400031397,32.90222599971086],[-96.54545099975796,32.90220499983841],[-96.5454259996436,32.902212999898154],
[-96.54537299994016,32.90217599989863],[-96.54537799996301,32.902149000154196],[-96.5453200002367,32.90210700036781],[-96.5451720000987,32.90198700000637],[-96.54506499996857,32.90188900029454],[-96.54504999989996,32.901847999736454],[-96.54503999985423,
32.901820999892024],[-96.54502700033375,32.901812999796874],[-96.54495000034086,32.90176399985827],[-96.54486499995204,32.901734999774014],[-96.54483999983768,32.901739000202326],[-96.54476399966968,32.90174999987081],[-96.54473000023282,32.90171100021735],
[-96.54475699999699,32.901684000331144],[-96.54475399962395,32.90166599989966],[-96.5447429997533,32.90165500022076],[-96.5446309996003,32.9015710001595],[-96.54458499956954,32.901566999723606],[-96.54457100022415,32.901538000329154],[-96.54454199991184,
32.90150200015731],[-96.54446999994182,32.90148200022316],[-96.54445200039848,32.901462999640394],[-96.54445700042133,32.901429999769796],[-96.54446699956878,32.90141300015163],[-96.54447900016265,32.90139300019739],[-96.54446599974386,32.90137800004013],
[-96.54445400004829,32.901363999991645],[-96.54442100043634,32.901348999829544],[-96.54440200016977,32.90134000033443],[-96.54437200003252,32.901326000279944],[-96.54435399959085,32.90130500019408],[-96.54429000001677,32.90123000006231],[-96.54426099970445,
32.90119599999169],[-96.54420200015322,32.901183000027785],[-96.54417700003887,32.90115800020784],[-96.54414699990163,32.90110199986163],[-96.54413900040402,32.90107499978977],[-96.54412900035828,32.901039000183964],[-96.54407199955855,32.900975999707285],
[-96.54406499988586,32.900951999944866],[-96.54406400006097,32.900904999762815],[-96.54406300023604,32.90086900008797],[-96.5440880003504,32.900833999761474],[-96.54408599980225,32.90082099974444],[-96.54405499984013,32.90081499979393],[-96.5440520003654,
32.900780000200356],[-96.5440819996043,32.90073299992702],[-96.54412099996237,32.900704000259466],[-96.54412799963505,32.90068799986665],[-96.5441650003433,32.90060300027676],[-96.54414899955145,32.90058799998575],[-96.54412599998523,32.900566000358836],
[-96.54411599993949,32.90044399992872],[-96.5440880003504,32.90034499989513],[-96.54409699967292,32.9002959998985],[-96.54409000000021,32.900263000347266],[-96.5440809997794,32.90022199979065],[-96.54404399996946,32.9001909997067],[-96.54404399996946,
32.900177000224836],[-96.5440399997715,32.90010699976532],[-96.54395399955779,32.90003499975219],[-96.54376600013512,32.89987800014908],[-96.54373900037095,32.89985899997644],[-96.54365099960908,32.899834999911384],[-96.54354400037728,32.899799999930515],
[-96.54352000008784,32.89977599984941],[-96.54352900030867,32.89974900012754],[-96.5435679997684,32.89975199976186],[-96.54369800036305,32.89978299999947],[-96.5438480001509,32.89982699963683],[-96.54388599978573,32.89982699963683],[-96.54390900025027,
32.89981599972951],[-96.54391400027312,32.89978000036621],[-96.5439050000523,32.89974099984523],[-96.54383399990718,32.89965800036187],[-96.54373099997503,32.89956299997629],[-96.54097099992643,32.89732299962549],[-96.53995300030036,32.896409000074904],
[-96.53890399981385,32.895382999798144],[-96.53850899980364,32.89500699964713],[-96.53831200016015,32.89481300012463],[-96.53829799991645,32.89475899990981],[-96.53830200011441,32.89469600024612],[-96.53834499977212,32.8946369997781],[-96.53839599982574,
32.894592999825456],[-96.53846199994798,32.894562000034206],[-96.53853700029104,32.894547000228656],[-96.53859800039042,32.89455100022733],[-96.53864000022321,32.894570000030015],[-96.53875200037622,32.89467699971616],[-96.5390260000126,32.89496500024535],
[-96.54046899978609,32.89641999965106],[-96.54104899974423,32.896967999777296],[-96.54175699974887,32.897575000343366],[-96.5434260003765,32.89892999962464],[-96.5435040001943,32.89899500032435],[-96.54363300006574,32.89895899987313],[-96.54357699998924,
32.89884399971637],[-96.54350300036938,32.89872099979006],[-96.54347200040725,32.898666999694875],[-96.54346800020929,32.898620999951035],[-96.54353699980626,32.898528000248234],[-96.5436089997763,32.89842999972587],[-96.54367999992141,32.89833299999488],
[-96.54369400016509,32.89826200019442],[-96.54369099979206,32.898119999668495],[-96.54373900037095,32.89802999988655],[-96.54373199979995,32.89801300037],[-96.54372900032519,32.89800399978163],[-96.54369800036305,32.89792100017906],[-96.54374799969345,
32.89784700034961],[-96.54375400043958,32.897796000176335],[-96.54374500021873,32.897772000306524],[-96.54376600013512,32.89770600006518],[-96.54377600018087,32.897629000350044],[-96.54380200012014,32.89756500031058],[-96.54385700037172,32.89752000014907],
[-96.54384099957988,32.897483999852554],[-96.54389199963352,32.897351999645856],[-96.54390400022739,32.89732299962549],[-96.5439469998851,32.89721200024013],[-96.5439619999537,32.897169000216664],[-96.54400799998444,32.89703799970065],[-96.5440039997865,
32.896910999637214],[-96.54404399996946,32.89676100016523],[-96.54409500002309,32.89663600003404],[-96.54414100005386,32.89652800028557],[-96.54415600012247,32.89647099986233],[-96.54420700017609,32.89640799990771],[-96.54422700026757,32.89631600031248],
[-96.54433299967448,32.89616599983287],[-96.54443599960662,32.896022000129136],[-96.544468000292,32.89595099998474],[-96.5446099996839,32.895791000162575],[-96.54466099973752,32.89582500004523],[-96.54468300037715,32.89583800004134],[-96.54469800044578,
32.89581999993024],[-96.54467900017919,32.89580400016362],[-96.5446309996003,32.89577000027287],[-96.54478999960897,32.89562199997525],[-96.54483099961683,32.89564699984923],[-96.54485800027933,32.89562800027754],[-96.5449749995569,32.8955479997337],
[-96.5450800000372,32.89543699963263],[-96.5451520000072,32.89537799965815],[-96.54523400002297,32.89531099971627],[-96.54539100038181,32.89518300001283],[-96.54540700027533,32.8951689997394],[-96.54541399994802,32.89515800000788],[-96.54542800019173,
32.895138000149714],[-96.54545999997877,32.895126999660114],[-96.54549400031397,32.89511700010525],[-96.54558899985022,32.89507299963666],[-96.54565499997246,32.895043999624455],[-96.54574700003397,32.894994999712345],[-96.54576499957732,32.89498900012147],
[-96.54585800036205,32.89495300030482],[-96.54590199984466,32.89490000035965],[-96.5459050002177,32.894871000290806],[-96.54595500044643,32.894821000097764],[-96.54607799957175,32.89478800001527],[-96.54615700011279,32.894769000259345],[-96.54624699962615,
32.894749000313396],[-96.54628699980913,32.894741999765486],[-96.54635799995424,32.89472699999041],[-96.54644800036593,32.89470899965356],[-96.54661400004727,32.894673999910026],[-96.54673799989583,32.89464800032861],[-96.54675899981223,32.894640999772776],
[-96.54682300028465,32.89461500018166],[-96.54687099996522,32.89460099981846],[-96.5469399995622,32.894606000002305],[-96.5470099998824,32.894624000360096],[-96.54710600014187,32.894655000129646],[-96.54722300031773,32.89468199989572],[-96.54735999968678,
32.89470300004331],[-96.54734200014342,32.89468000027649],[-96.54741599976326,32.89460300019372],[-96.54745699977116,32.89460200000612],[-96.54751299984765,32.894580999834524],[-96.54749500030428,32.894562000034206],[-96.54749100010633,32.89448499984887],
[-96.54746699981689,32.894459999647],[-96.54743900022778,32.894438000006545],[-96.5474469997254,32.894384999753186],[-96.5474459999005,32.89434999988165],[-96.54748600008347,32.894297999766735],[-96.54749199993125,32.8942300003247],[-96.54751500039578,
32.89416899991561],[-96.54753499958895,32.894140000361745],[-96.54756200025146,32.89412000027373],[-96.54756899992414,32.89409099994954],[-96.54752700009134,32.89401999976602],[-96.54747699986264,32.893960000161485],[-96.54746900036503,32.89388200001146],
[-96.54744300042574,32.893872000316044],[-96.54741400011345,32.893776999758956],[-96.54745000009845,32.893745999682224],[-96.54749699995412,32.89369699980639],[-96.54753899978691,32.893696000362816],[-96.54761099975693,32.893665999701646],[-96.54767600005425,
32.89359099988992],[-96.54773299995567,32.893510999769376],[-96.54769500032083,32.893427999728196],[-96.54773299995567,32.893382000280766],[-96.54783000004005,32.89336899992428],[-96.54784500010868,32.893355000118476],[-96.54789000031451,32.89336700027542],
[-96.5479110002309,32.89333700025709],[-96.54787900044384,32.89331299993339],[-96.54788500029164,32.89325800011],[-96.54792299992646,32.89319699978584],[-96.54801300033816,32.89316699971001],[-96.5480440003003,32.89313600017406],[-96.54810399967643,
32.893128000048755],[-96.54816999979869,32.89310899993673],[-96.54823400027108,32.89305800005277],[-96.54830399969299,32.89292399962607],[-96.5483339998302,32.89289199979813],[-96.54837999986097,32.89276600003339],[-96.54842800043984,32.89268899979558],
[-96.54846100005182,32.892670999798874],[-96.5485020000597,32.89259400023282],[-96.54853899986962,32.89259700010939],[-96.54859800031916,32.89258300018158],[-96.54862099988539,32.89254300005233],[-96.5485380000447,32.89256500016339],[-96.54850799990749,
32.892538999962994],[-96.5485020000597,32.892504000116375],[-96.5485029998846,32.89245999985855],[-96.548523999801,32.89239599985597],[-96.54858599972526,32.8923539999706],[-96.54864199980179,32.892200000220484],[-96.54868199998475,32.892112000135334],
[-96.54869100020558,32.892028000075356],[-96.54866500026631,32.89200999994435],[-96.54867000028918,32.8919669996586],[-96.5486920000305,32.89193200034032],[-96.54873399986329,32.89191700008945],[-96.5487280000155,32.89187799987791],[-96.54864799964956,
32.89183999986806],[-96.54808799978292,32.89182999994216],[-96.54777499978846,32.891828999723195],[-96.54646699973418,32.89182599982063],[-96.54553399959862,32.89182299991789],[-96.54453699988898,32.89181400020921],[-96.54346599966115,32.89180199984185],
[-96.54242299992075,32.891796000034724],[-96.541463000021,32.89183199962566],[-96.54107100038384,32.89185800003356],[-96.5409270004438,32.891862000153644],[-96.54084200005498,32.89184399998896],[-96.54078500015359,32.89180199984185],[-96.54077900030579,
32.89174999973996],[-96.54076300041227,32.89167799972248],[-96.54077900030579,32.89159299978371],[-96.54080500024507,32.891561999697046],[-96.54084799990278,32.891538999869006],[-96.54088600043593,32.89153400026637],[-96.54094400016226,32.89153400026637],
[-96.54187899994763,32.89158400005167],[-96.54218199989633,32.89159299978371],[-96.54257699990653,32.89159299978371],[-96.54289999994674,32.89159699991577],[-96.54383200025735,32.89160999977801],[-96.54604300030998,32.89163399980874],[-96.54688799968368,
32.8916320001207],[-96.54692299984376,32.89148399969853],[-96.54693600026256,32.89147200004079],[-96.54695100033118,32.89145799993521],[-96.54699399998886,32.891437999996036],[-96.54702699960083,32.89143200016426],[-96.54771700006215,32.891440999911794],
[-96.5481220001181,32.891440999911794],[-96.54815499973006,32.89147000034916],[-96.54823400027108,32.89147300026379],[-96.54829700002027,32.891459999627166],[-96.54834100040121,32.89144300035842],[-96.54881699970396,32.89146399976522],[-96.54896300019215,
32.89141500013585],[-96.54902799959116,32.891412000219205],[-96.5491509996148,32.89135100013268],[-96.54942400032459,32.89117599992329],[-96.549445000241,32.89115700014697],[-96.54953300010453,32.890869000061336],[-96.54962099996808,32.89052599978298],
[-96.54962099996808,32.89046099965755],[-96.54959699967864,32.89041999984402],[-96.54954300015027,32.89039999967053],[-96.54951899986084,32.89035499964082],[-96.54952899990657,32.890306000152385],[-96.54956300024178,32.89025699988255],[-96.54966399962579,
32.89014100025956],[-96.54969100028829,32.89012399998338],[-96.54969600031116,32.89007899981349],[-96.54968000041764,32.890020000042206],[-96.5496850004405,32.8898820000914],[-96.54967500039476,32.88984599970811],[-96.54964199988447,32.88981499976445],
[-96.54959400020391,32.889788000023735],[-96.54956800026463,32.88976100027473],[-96.54955200037111,32.88971899989449],[-96.54952999973149,32.88962199967665],[-96.54952499970862,32.889541000253196],[-96.54952999973149,32.889324999920085],[-96.54952499970862,
32.88923500025446],[-96.54945000026387,32.88894500020721],[-96.54928500040741,32.8881249998794],[-96.5492629997678,32.8879990001242],[-96.54925799974492,32.88789999975973],[-96.54926899961558,32.88782400008312],[-96.54926899961558,32.88775699970861],
[-96.54924699987427,32.887683999952245],[-96.54922199975991,32.88762500009487],[-96.54921900028518,32.88758900030326],[-96.54922299958483,32.88748599991758],[-96.54920900023944,32.887422000093686],[-96.54922299958483,32.8873890002725],[-96.54921199971417,
32.88735000033083],[-96.54923900037666,32.88729499982298],[-96.54924799969919,32.88721699983975],[-96.54922099993502,32.88716000021475],[-96.54924500022445,32.88712199969007],[-96.54921000006435,32.88702700019286],[-96.54916099966054,32.88697599982526],
[-96.54913399989636,32.88689800031555],[-96.54908299984275,32.886786999937435],[-96.54906799977414,32.88667999977437],[-96.54898300028363,32.88662700016043],[-96.54900099982699,32.886597999646554],[-96.54896800021501,32.88644100036766],[-96.54891999963613,
32.88638900013671],[-96.54892999968186,32.88635900001866],[-96.54895700034436,32.88633000017144],[-96.54896099964401,32.886295000135085],[-96.54886799975759,32.886151999756876],[-96.54892899985695,32.8860909998207],[-96.54896499984197,32.88600500027218],
[-96.54897400006281,32.88592699990775],[-96.54894300010065,32.8858969996333],[-96.54893200023001,32.885868999921136],[-96.54891100031362,32.88585200033406],[-96.54888700002415,32.88581899992818],[-96.54884600001628,32.885799999757474],[-96.54880300035857,
32.885768999907015],[-96.54880699965821,32.88575100001317],[-96.54884699984119,32.885739999866715],[-96.5489730002379,32.8855630000654],[-96.54898699958328,32.885506000130825],[-96.54898800030651,32.885434000319904],[-96.54902400029152,32.88533300027698],
[-96.54900900022291,32.88529700030857],[-96.54903799963691,32.88526100032549],[-96.54908200001783,32.88506399969823],[-96.54907399962191,32.88502700007912],[-96.54908399966764,32.88497199963817],[-96.54908700004071,32.884868999982395],[-96.54903299961403,
32.8847660002069],[-96.54900099982699,32.884751000251605],[-96.54900000000207,32.88473600029377],[-96.54903599998708,32.884706000370414],[-96.54904900040587,32.884665000157014],[-96.54902699976624,32.884633999909504],[-96.54899800035224,32.88461299963833],
[-96.5490169997205,32.88460399995163],[-96.54902299956828,32.88458099982617],[-96.54904600003282,32.88454700015458],[-96.54907899964478,32.884509000018085],[-96.54901199969763,32.88444400000484],[-96.54898400010855,32.884417999684466],[-96.54894899994844,
32.88438500025335],[-96.54892499965901,32.884335000177465],[-96.54897800026077,32.88423199978131],[-96.54893600042796,32.8842099998643],[-96.54895099959826,32.88420100013666],[-96.54898099973549,32.884194000264074],[-96.54902199974337,32.88405600029213],
[-96.5489949999792,32.8840290003053],[-96.54901800044374,32.88399999969557],[-96.54902799959116,32.883877000281764],[-96.54902099991845,32.88369600004264],[-96.54905000023078,32.8835830003103],[-96.54904699985774,32.88348100010768],[-96.54902699976624,
32.88337899978771],[-96.5490309999642,32.88320399967522],[-96.54903699981199,32.8831349996997],[-96.54898300028363,32.88308099991095],[-96.54900400020003,32.88304999986374],[-96.54904799968264,32.88286599999279],[-96.5490589995533,32.88268399962983],
[-96.54907000032226,32.88262200000118],[-96.54913300007146,32.882450000122795],[-96.54914700031516,32.882369999749805],[-96.54925400044527,32.88216600020705],[-96.54946600015738,32.881857000149516],[-96.54953999977724,32.88182899991524],[-96.54957300028751,
32.88181200030758],[-96.54967799986949,32.88178799987962],[-96.549769999931,32.881755999801875],[-96.54978699964943,32.8817269999571],[-96.54981199976379,32.88168299962832],[-96.5499030000004,32.88159999982301],[-96.54999099986395,32.88156000001629],
[-96.55004100009265,32.8815700003469],[-96.55004699994043,32.88158300017138],[-96.55010200019203,32.88152900019141],[-96.5501280001313,32.881453000331526],[-96.5501280001313,32.88136500013441],[-96.55009600034424,32.88130099966179],[-96.55003199987182,
32.88124799984841],[-96.5500169998032,32.88122799986788],[-96.55000699975746,32.88122099976052],[-96.5499669995745,32.88119699992687],[-96.54994700038132,32.88117300008678],[-96.54994099963524,32.881147000315586],[-96.54992800011475,32.88109300006998],
[-96.54991800006901,32.881049000180795],[-96.54990100035057,32.88099899973156],[-96.54989499960448,32.88096500019458],[-96.54988899975667,32.88092399975922],[-96.549846000099,32.880888000262956],[-96.54980699974092,32.88084800013496],[-96.5497840001747,
32.88080600005656],[-96.54977199958083,32.880719000315786],[-96.54977999997674,32.88067700017625],[-96.5498109999389,32.88060199993143],[-96.54989200012974,32.880474000101344],[-96.54994599965809,32.88037499962858],[-96.55001199978034,32.88022500007321],
[-96.5500290003971,32.88018099975319],[-96.55002199982609,32.88015900033935],[-96.5499959998868,32.88012099983014],[-96.55002799967386,32.88009400015329],[-96.55004500029061,32.88005100012008],[-96.55003500024488,32.880028999919624],[-96.55008499957528,
32.88000000026425],[-96.55011399988759,32.879959000136914],[-96.55011999973537,32.87992999970422],[-96.55011700026064,32.879799999703046],[-96.55010499966674,32.879693000156735],[-96.55007399970461,32.879524000194216],[-96.54999900025986,32.879276999727374],
[-96.54995200040419,32.87927400015427],[-96.54993200031271,32.87925199976088],[-96.5499669995745,32.87917400024257],[-96.54998099981822,32.87914399994531],[-96.5499740001455,32.87907400021812],[-96.54998199964311,32.87901800024567],[-96.54995200040419,
32.87898100036573],[-96.54992599956661,32.87892999989416],[-96.54994599965809,32.878910999755355],[-96.54994200035844,32.87884800013953],[-96.54980000006823,32.87873700024039],[-96.54978699964943,32.87868300003534],[-96.54980799956583,32.87866300023043],
[-96.54981000011398,32.87860300003426],[-96.54977199958083,32.87848300027452],[-96.5496850004405,32.87833099979239],[-96.54948500042397,32.87810399970876],[-96.54936900007301,32.877918999755735],[-96.54921099988927,32.87780600020208],[-96.54915599963768,
32.877678000106364],[-96.5490719999721,32.8776050003463],[-96.54889100022211,32.87748999963073],[-96.5487420002592,32.8773690002454],[-96.54843500011253,32.87718800029529],[-96.54811100024745,32.87706400009533],[-96.54804299957706,32.87702199973271],
[-96.54797599962991,32.87691099981031],[-96.54793899981999,32.8767660001101],[-96.54793299997222,32.876621999808826],[-96.54788600011655,32.87646199978656],[-96.54797300015518,32.876327999913485],[-96.54799800026954,32.87631799974596],[-96.54802199966066,
32.87626200029567],[-96.54804599995012,32.876222000343354],[-96.54809500035392,32.876202999624084],[-96.54817499982154,32.876212999804586],[-96.54825000016463,32.876201000342284],[-96.54843599993745,32.87618500005071],[-96.54874399990904,32.87613099979984],
[-96.54878099971894,32.876115999892015],[-96.54880800038146,32.87611199981552],[-96.5488619999098,32.87608199999086],[-96.54892300000917,32.87608800010749],[-96.54902000009356,32.87606700007468],[-96.54907000032226,32.87601299975193],[-96.549108999782,
32.875995000139966],[-96.54915399998787,32.87599999986493],[-96.54917699955408,32.875982000250325],[-96.54925000024731,32.875984000291524],[-96.54936599969997,32.875965000275706],[-96.5495020001424,32.875908999847965],[-96.549629000364,32.875844999962496],
[-96.54971800005247,32.87579300030447],[-96.54984199990103,32.875695000285646],[-96.5499110003963,32.87564699988283],[-96.54994999985605,32.87563899968741],[-96.5500729998797,32.875595999756364],[-96.55016099974326,32.875571000260614],[-96.55021400034502,
32.87554100025282],[-96.55023799973615,32.87550799977984],[-96.55035699956183,32.87547099994365],[-96.55040699979055,32.87544400035932],[-96.5504679998899,32.875457999977165],[-96.55063699994433,32.8754530002217],[-96.550727000356,32.875432999688044],
[-96.55078699973214,32.87540499968779],[-96.55092800019746,32.875391000061576],[-96.55096400018246,32.87536300004807],[-96.55094900011385,32.8753350000257],[-96.55095599978655,32.87530400028701],[-96.55097599987802,32.875289000239256],[-96.55113999990957,
32.87524699979011],[-96.55137599991112,32.87520799978632],[-96.55158500014849,32.875179000062616],[-96.5517120003701,32.87516899976542],[-96.55185899978486,32.8751760003508],[-96.55202899966417,32.87520799978632],[-96.55216900030459,32.875254000369324],
[-96.55228499975722,32.875300999825],[-96.55248800014681,32.875406000092134],[-96.55257799966019,32.87545199981788],[-96.5526360002848,32.87546699983812],[-96.55270999990466,32.875477999750714],[-96.55289200037785,32.87546099967945],[-96.55298100006632,
32.87544200030593],[-96.55299199993696,32.8754380001991],[-96.55303799996773,32.875406000092134],[-96.55315500014359,32.87535299977162],[-96.55325899990066,32.87529300035282],[-96.55326700029657,32.87525000025394],[-96.55326300009861,32.87520200036458],
[-96.55326300009861,32.875100999978116],[-96.55329400006077,32.87500999979278],[-96.55335900035809,32.8748869999742],[-96.55345600044247,32.87475299998372],[-96.55349499990221,32.874717999902174],[-96.55354099993298,32.87471300010497],[-96.55358399959067,
32.87472400011113],[-96.55362200012382,32.87474699977673],[-96.55378600015534,32.87482700023996],[-96.55437600015922,32.87525900013601],[-96.55444999977908,32.87532400009536],[-96.55450000000779,32.87539599982054],[-96.55452699977198,32.87545500027477],
[-96.55456199993208,32.875584999858404],[-96.55456199993208,32.87566199987002],[-96.55453799964263,32.875755999832826],[-96.55448099974123,32.87587899995455],[-96.55445200032722,32.87593199996058],[-96.55439799990053,32.87602000027066],[-96.55435600006774,
32.876178999940635],[-96.55436399956535,32.876338999719295],[-96.55444899995418,32.87661999978208],[-96.55450000000779,32.87669399998873],[-96.55458000037375,32.8767660001101],[-96.55458600022152,32.87682299963029],[-96.5546830003059,32.87692999962337],
[-96.55470300039738,32.87699099982956],[-96.55477399964418,32.87708899992448],[-96.55480100030667,32.87713100025535],[-96.55483800011659,32.87714800000636],[-96.55493199982793,32.87714800000636],[-96.55496799981294,32.8771660001386],[-96.55500700017099,
32.8771709997975],[-96.55504700035397,32.877160000094925],[-96.55511000010316,32.877166999768626],[-96.55515199993594,32.87715299966623],[-96.55520700018754,32.87710799969939],[-96.55523800014967,32.87704900034533],[-96.55532000016544,32.87699899990297],
[-96.5553310000361,32.87697800008598],[-96.5554010003563,32.8769100001774],[-96.55550099991541,32.876832000107115],[-96.55565200042646,32.8767410001898],[-96.55574899961252,32.87669600001381],[-96.55581899993271,32.87667199970944],[-96.55583499982625,
32.87665299984107],[-96.55587900020717,32.8766389996575],[-96.55595700002497,32.87667300009949],[-96.55598700016222,32.87671200021316],[-96.55599600038305,32.87672599963074],[-96.55603900004074,32.87676699974463],[-96.55646800038616,32.877318999983494],
[-96.55647599988374,32.8773339996878],[-96.55650099999811,32.877359000195256],[-96.55653100013535,32.87742000010622],[-96.5565279997623,32.87747299994531],[-96.55653100013535,32.87750799969357],[-96.5565639997473,32.877517999726855],[-96.55656999959508,
32.8775710002618],[-96.55657799999099,32.877615000368635],[-96.55654500037905,32.87766499970914],[-96.5565649995722,32.877724000162026],[-96.55654700002886,32.87775000018293],[-96.55653899963295,32.877756000186665],[-96.55654000035616,32.87776800019299],
[-96.55662300019685,32.87813499997712],[-96.55664499993814,32.87814899992441],[-96.55677899983245,32.87824100027748],[-96.556830999711,32.87827599972244],[-96.55693000034353,32.8783489996844],[-96.55691299972676,32.878377999879945],[-96.556950000435,
32.87838900018581],[-96.55697999967391,32.87840599969556],[-96.55701099963605,32.878413999641275],[-96.55704400014632,32.87840799968207],[-96.5570499999941,32.878387999815125],[-96.55710199987266,32.87837999986708],[-96.55716499962183,32.87838100023785],
[-96.55726699972908,32.87843400025678],[-96.55727699977483,32.87847500033505],[-96.55730799973696,32.87855000011642],[-96.55734500044521,32.87853800021598],[-96.55736100033873,32.87855600006601],[-96.55737300003429,32.878649999977625],[-96.55741900006504,
32.87869200032324],[-96.55744500000432,32.8787640003306],[-96.5575219999972,32.878755000050006],[-96.55758100044676,32.87876699992101],[-96.55762400010447,32.87881599975467],[-96.55765400024168,32.8788870000507],[-96.55770899959496,32.8789259999447],
[-96.5578230002961,32.87899999973509],[-96.55789100006814,32.87907400021812],[-96.55794899979448,32.87912899979292],[-96.55800099967301,32.8791499998547],[-96.5581260002448,32.87918999999464],[-96.55820900008547,32.87924700021941],[-96.55827100000975,
32.879287999921615],[-96.55839300020848,32.87943300002287],[-96.55845400030786,32.87957999984698],[-96.55854700019428,32.87967400018149],[-96.55865799962405,32.879835000041275],[-96.55873999963981,32.88000400016524],[-96.5588169996327,32.88026699967258],
[-96.55884099992215,32.88041300002888],[-96.55881800035594,32.88062000011667],[-96.55879900008935,32.880765000302056],[-96.55877999982279,32.8809059996357],[-96.55866099999709,32.881220000176214],[-96.55868699993636,32.8813360001617],[-96.55874800003573,
32.88129699981935],[-96.55877200032518,32.88125699987592],[-96.55894100037958,32.88123100012932],[-96.55896999979358,32.88124200008106],[-96.55898800023525,32.88126799982444],[-96.55894700022735,32.88137499973255],[-96.55888799977781,32.88146100000222],
[-96.5587880002187,32.88146400025572],[-96.55875600043164,32.88156599976212],[-96.55874800003573,32.88168900012024],[-96.55887199988429,32.88170700008472],[-96.55886400038669,32.88174199966989],[-96.55877800017296,32.88175999962361],[-96.55873899981489,
32.88181200030758],[-96.55875700025656,32.881996999679146],[-96.55881300033305,32.88211199982789],[-96.55899699955775,32.8822350001826],[-96.55896800014375,32.88234300000372],[-96.55900800032673,32.8824430001119],[-96.55905099998444,32.88248199994996],
[-96.5590550001824,32.88251300019592],[-96.55901099980146,32.882560000329086],[-96.55903300044108,32.8826410000988],[-96.55909500036536,32.88259999968448],[-96.55925900039689,32.88264199966708],[-96.55930100022968,32.88267900028195],[-96.55937599967444,
32.88269800036741],[-96.55936999982667,32.882719999905376],[-96.55935399993314,32.882744000080955],[-96.55931799994812,32.882751000068076],[-96.55922699971153,32.88274299975942],[-96.55920900016818,32.88276199983117],[-96.55924900035114,32.88284100028423],
[-96.55930899972729,32.882824000116294],[-96.55941099983454,32.882765000040614],[-96.55944199979668,32.88278200021989],[-96.55949600022336,32.88281700013492],[-96.5596469998361,32.88291800002783],[-96.55972300000407,32.88296100017886],[-96.55976900003482,
32.88300999995711],[-96.55978900012632,32.883070999750906],[-96.5597880003014,32.88317399998765],[-96.55974100044574,32.88324600012603],[-96.55967699997332,32.883325999708205],[-96.55958099971386,32.88346700024825],[-96.55952399981244,32.883588000361584],
[-96.55949899969809,32.88371699977678],[-96.55951399976671,32.88374800034508],[-96.55951200011688,32.88376500033577],[-96.55946199988817,32.88381300011442],[-96.55963000011766,32.8840330000245],[-96.55968799984397,32.88410899993506],[-96.55976099963891,
32.884169000175795],[-96.55983500015708,32.88410399991316],[-96.5598860002107,32.88406199986898],[-96.55980699966966,32.88402299997182],[-96.55973499969964,32.88395099971037],[-96.55968399964603,32.88385399996762],[-96.55965900042999,32.88374899990087],
[-96.5596619999047,32.88367399999257],[-96.55968700001905,32.88360299975935],[-96.55981099986761,32.88349199978022],[-96.55987600016495,32.883409999719895],[-96.55993999973906,32.88333099977399],[-96.55997200042442,32.88326100033606],[-96.55998199957185,
32.883192999966994],[-96.56000599986129,32.88305100018176],[-96.55999499999064,32.882992999821525],[-96.55991999964756,32.882911000053895],[-96.55981000004272,32.88285000014997],[-96.55966699992757,32.88272600032709],[-96.55950399972097,32.88258399979359],
[-96.55941000000962,32.88251300019592],[-96.5593449997123,32.882429000088436],[-96.55928500033616,32.88231100012631],[-96.55930100022968,32.882221000126336],[-96.55942699972806,32.882194999908116],[-96.55951299994179,32.88216800010866],[-96.559435000124,
32.88168900012024],[-96.55943000010112,32.881576000092046],[-96.55947799978169,32.88139799993565],[-96.55957400004117,32.88113699993725],[-96.55960300035349,32.88104700025388],[-96.55962500009478,32.88098000003627],[-96.55963900033848,32.880835999791266],
[-96.55963199976748,32.880725000118545],[-96.55961000002617,32.8806140003068],[-96.5596200000719,32.88049200031259],[-96.55962900029274,32.88046100011415],[-96.55964400036136,32.88037799991889],[-96.55963599996544,32.880232000259305],[-96.55960199963026,
32.8802120000495],[-96.55959400013265,32.88001999976741],[-96.55959400013265,32.87993400036279],[-96.55965199985897,32.8797959997928],[-96.55965900042999,32.87970600025658],[-96.55967000030064,32.87963499986217],[-96.55965900042999,32.87954999968714],
[-96.55958499991182,32.87928200002158],[-96.55940900018471,32.87883499991384],[-96.55935700030618,32.87861600029395],[-96.55934100041264,32.87859100014104],[-96.55929700003172,32.878520999977106],[-96.55927199991736,32.87846899962554],[-96.55925000017606,
32.878407000066034],[-96.55926400041976,32.87832699981586],[-96.55930100022968,32.87834699969657],[-96.55930500042766,32.87836900031458],[-96.559322999971,32.87838700019887],[-96.55937400002462,32.87832899980415],[-96.5594019996137,32.8783300001755],
[-96.55942799955298,32.87829600036908],[-96.55944599999464,32.878257999815595],[-96.55948100015475,32.878257000197884],[-96.559471000109,32.87822000000027],[-96.55946600008613,32.87819800009971],[-96.55940599981166,32.87816000025865],[-96.55942300042841,
32.87804799987792],[-96.55944500016973,32.877984999648675],[-96.55940599981166,32.87794499971944],[-96.55939199956796,32.87792099975319],[-96.55944199979668,32.877800000201745],[-96.55946899956085,32.877756000186665],[-96.55945699986529,32.87767400010041],
[-96.55944900036769,32.8776050003463],[-96.55949799987319,32.877398000007105],[-96.5595149995916,32.87732399963376],[-96.55952999966023,32.87719200032318],[-96.55955399994967,32.877168000153084],[-96.5595639999954,32.87715699969574],[-96.55955899997254,
32.87710900008451],[-96.55955399994967,32.87706400009533],[-96.55947799978169,32.877025999768136],[-96.55953800005615,32.87692499995092],[-96.55958099971386,32.876867000108426],[-96.55958699956163,32.87685900002315],[-96.55956800019337,32.876836000151066],
[-96.55951200011688,32.876764999721104],[-96.55952100033772,32.8767410001898],[-96.55959599978246,32.87676200006294],[-96.55960900020126,32.87670699977396],[-96.55963500014052,32.87654200021102],[-96.55960199963026,32.87652700037268],[-96.55957800023911,
32.87651399980659],[-96.55954700027698,32.87640799970442],[-96.5595639999954,32.87638400007652],[-96.55952399981244,32.876352000311],[-96.55947799978169,32.87623999990916],[-96.55950100024621,32.87618999976494],[-96.55949799987319,32.876122000006355],
[-96.55950799991892,32.87607199979551],[-96.55947500030697,32.87603500019472],[-96.55946000023835,32.87598999966034],[-96.55943400029908,32.87591600037491],[-96.5594290002762,32.87584099987382],[-96.55944599999464,32.87579800004076],[-96.5594929998503,
32.87579500034993],[-96.5595280000104,32.875804000176615],[-96.55956300017051,32.87584200027325],[-96.55964199981322,32.87584700000677],[-96.55978400010343,32.8758190001373],[-96.55982699976116,32.87580699986719],[-96.55992100037079,32.875781000030855],
[-96.56002500012787,32.87574400030861],[-96.56009000042519,32.87570800021744],[-96.56012999970984,32.875674999806584],[-96.56013100043309,32.87564699988283],[-96.56013200025798,32.875636999638424],[-96.5601120001665,32.87561200015425],[-96.5601539999993,
32.875535999747555],[-96.56040900026741,32.8754530002217],[-96.56044299970429,32.87544099990205],[-96.56048600026033,32.87542700028153],[-96.56049799995589,32.87542399982363],[-96.56050899982654,32.875414999958316],[-96.56052999974294,32.87539599982054],
[-96.56056099970507,32.875287000182375],[-96.56057800032183,32.87522299984783],[-96.56059900023823,32.875126000360865],[-96.56065100011676,32.87488200018649],[-96.56069499959938,32.8746829998068],[-96.5607020001704,32.87465800005355],[-96.56075499987382,
32.87464900011051],[-96.56077900016328,32.87464499996783],[-96.56079300040697,32.87464299989647],[-96.56082099999607,32.874638000095],[-96.56083299969164,32.874638999753536],[-96.56084699993535,32.874640000166515],[-96.56092700030128,32.87466600033749],
[-96.56102199983752,32.874653999911324],[-96.56127999958038,32.874624000347666],[-96.56131700028862,32.87462000020391],[-96.56138500006068,32.8746119999158],[-96.56151999977989,32.87461499964671],[-96.56171999979644,32.87458599972898],[-96.56174800028384,
32.874582000337924],[-96.5617869997436,32.87456999990038],[-96.56183500032249,32.874556000142306],[-96.5618589997136,32.874547999848424],[-96.56186200008666,32.87453299967269],[-96.56186700010953,32.87450999995164],[-96.56190399991947,32.87432900019963],
[-96.56184500036822,32.87418800021183],[-96.56172200034457,32.87394900031423],[-96.56165000037456,32.87380799972203],[-96.56158000005435,32.87364000028075],[-96.56156099978777,32.87353000032141],[-96.56155099974204,32.873503000145924],[-96.56155499993999,
32.87341800012659],[-96.56159900032092,32.873360000253015],[-96.56167200011585,32.87333000025147],[-96.56181100003303,32.87329500036262],[-96.5620129996994,32.87326500033908],[-96.56254699962678,32.87328499985295],[-96.56271900005423,32.87329199983261],
[-96.56310300019379,32.87334299977558],[-96.56323299989012,32.87333000025147],[-96.56375400029704,32.873254999826024],[-96.56391599978043,32.87321599970039],[-96.56406599956826,32.873208999714734],[-96.56416299965264,32.873224000114476],[-96.56424600039163,
32.873289000056936],[-96.56439600017946,32.87337900007267],[-96.56458500032534,32.87348200025525],[-96.56461899976223,32.873542000145314],[-96.56465300009741,32.873558999830145],[-96.56486200033477,32.87356200035111],[-96.56492500008397,32.87358399989327],
[-96.56495900041917,32.87361599990348],[-96.56503600041205,32.87364500013847],[-96.56510400018412,32.8736520000897],[-96.56514299964385,32.8736520000897],[-96.56519600024562,32.87366899975344],[-96.5652449997511,32.87372200032626],[-96.56528800030713,
32.8737549999551],[-96.56542899987413,32.87382399968816],[-96.56553400035442,32.87383200004732],[-96.56558399968482,32.87383499980462],[-96.56560600032444,32.87382900028997],[-96.56570400023374,32.8738020002055],[-96.56573600002078,32.87380700005413],
[-96.5657789996785,32.87381199990242],[-96.5658280000823,32.87381899984049],[-96.56596899964929,32.873852999855096],[-96.56613500022895,32.873915000336424],[-96.5661329996808,32.873929999862256],[-96.56615799979517,32.873963000168146],[-96.5665689996989,
32.874116000259974],[-96.56659200016344,32.87410700026192],[-96.56661200025493,32.874118000343266],[-96.56661899992763,32.87417999988474],[-96.56664599969181,32.87417099989319],[-96.56668000002698,32.87412399983836],[-96.56676899971545,32.8741489997422],
[-96.5668830004166,32.87422000000402],[-96.56695200001357,32.874284000308194],[-96.56710199980138,32.87443899992208],[-96.56718999966493,32.874470999623625],[-96.56726199963497,32.87452900027931],[-96.56735399969646,32.87458599972898],[-96.56742200036683,
32.87463399995187],[-96.56748500011602,32.874653999911324],[-96.56753899964438,32.874662999853896],[-96.56766000001821,32.874662999853896],[-96.56780200030845,32.874638999753536],[-96.56782900007262,32.87465899971185],[-96.56787299955523,32.87465800005355],
[-96.56793600020275,32.874631999880215],[-96.5679820002335,32.87459600009189],[-96.5680530003786,32.87456500009483],[-96.5680940003865,32.874512000026],[-96.56819800014355,32.87448199965986],[-96.56827799961118,32.874421999651496],[-96.56844900021372,
32.87431600006568],[-96.56852899968135,32.87428499997071],[-96.56856399984144,32.87430900016687],[-96.56865300042821,32.874300000188356],[-96.5688350000031,32.874313000324655],[-96.56899800020973,32.87434200033169],[-96.5691730001119,32.87444599981063],
[-96.56924000005905,32.87451600017467],[-96.56931500040213,32.87454900026245],[-96.56937300012845,32.87453400008688],[-96.5694619998169,32.874512000026],[-96.56954200018285,32.87449200003451],[-96.5695530000535,32.87448900029943],[-96.56955700025145,
32.87447200003851],[-96.5695670002972,32.87443299969383],[-96.56957700034296,32.874394000086404],[-96.56958999986342,32.87434599973356],[-96.56980099975061,32.87360600018445],[-96.5698340002609,32.873494999757014],[-96.56987199989572,32.87336399969919],
[-96.56990500040601,32.873252999723256],[-96.56995100043676,32.873094000086596],[-96.56998800024668,32.872966999654714],[-96.57001699966068,32.872867999851344],[-96.570045999973,32.87277000037147],[-96.57008299978291,32.87264100011342],[-96.57010500042254,
32.87256500017763],[-96.57012100031606,32.87251099998512],[-96.5701370002096,32.872458000197376],[-96.57016200032396,32.87237099980791],[-96.57017800021747,32.87231599981257],[-96.57019499993592,32.872258999657916],[-96.57021699967724,32.872183999835386],
[-96.57024000014177,32.87210499969211],[-96.57026199988307,32.872029000051356],[-96.5702779997766,32.87197500028692],[-96.57029399967013,32.87192000004587],[-96.57031200011177,32.87185699998848],[-96.5703260003555,32.87181099990639],[-96.57034200024901,
32.871756000318086],[-96.57035700031763,32.871703000078966],[-96.57036900001319,32.871661000194365],[-96.57038099970875,32.87161999998249],[-96.57039499995247,32.87157300008429],[-96.57040699964803,32.87153300027971],[-96.57043000011255,32.87145299986199],
[-96.57059199959595,32.87145799984303],[-96.57077400006915,32.871464000272624],[-96.57093300007779,32.87146999994738],[-96.5708979999177,32.871588000006334],[-96.57088200002418,32.87164400014564],[-96.57085899955966,32.871720000116426],[-96.5708400001914,
32.87178800023361],[-96.57081400025211,32.87187399999641],[-96.57079300033571,32.87194600026006],[-96.57077200041932,32.87201900015338],[-96.57074700030496,32.87210199987634],[-96.57072600038856,32.87217600008194],[-96.5707060002971,32.87224300016385],
[-96.57068500038069,32.872315000127855],[-96.5706650002892,32.872382000104714],[-96.57063900034993,32.87247000016632],[-96.57062000008337,32.87253700002605],[-96.57060300036493,32.87259300032038],[-96.57049299986174,32.872926000046796],[-96.57028699999744,
32.87360699985461],[-96.56983500008582,32.8752070001342],[-96.56987000024591,32.875432000038465],[-96.56990600023093,32.875462000083104],[-96.56994399986576,32.8755260002451],[-96.56994899988861,32.87553900020161],[-96.57008199995802,32.87564699988283],
[-96.57035499976949,32.87576699970957],[-96.57056499983177,32.87577999963074],[-96.57061300041066,32.87579599999542],[-96.57068799985542,32.87581599969272],[-96.57074899995479,32.875846000361875],[-96.57077999991692,32.87587499986742],[-96.57079499998555,
32.87591099989081],[-96.57081599990194,32.87598800037373],[-96.57082599994767,32.876043999997094],[-96.5708410000163,32.87608699971084],[-96.57086699995557,32.87611199981552],[-96.57091299998632,32.87613000015813],[-96.57097999993347,32.87612600008233],
[-96.5710309999871,32.87613000015813],[-96.57105799975128,32.8761419996301],[-96.5710879998885,32.87614500006364],[-96.57118099977491,32.87637500030866],[-96.571215999935,32.87646399981692],[-96.57126799981357,32.87653299970479],[-96.57121500011012,
32.87660000026611],[-96.57121799958485,32.876753999968194],[-96.57126699998865,32.87690000007553],[-96.5713199996921,32.87704999997667],[-96.57130899982144,32.87718699991105],[-96.57133399993579,32.8771929999529],[-96.57135900005015,32.87716200010954],
[-96.57137999996655,32.87711900016281],[-96.5713900000123,32.877084999891956],[-96.5713900000123,32.87704599994238],[-96.5714259999973,32.87686900012965],[-96.57146700000519,32.87679199965755],[-96.57152300008168,32.87671000018838],[-96.57161099994522,
32.87664899978882],[-96.57166199999885,32.87663699963108],[-96.57171800007535,32.876640999683886],[-96.57184600012187,32.87666299997082],[-96.5719390000083,32.87665800028332],[-96.57203600009268,32.87667599976059],[-96.5721440000477,32.87672700002018],
[-96.57222600006347,32.87678699997732],[-96.57230300005635,32.87687700021407],[-96.57250300007291,32.877127999855134],[-96.57253400003503,32.877201000008085],[-96.5725440000808,32.87730499990509],[-96.57257000002005,32.87732999966633],[-96.5726360001423,
32.87735199978227],[-96.5727490001202,32.87736399984322],[-96.57286700012098,32.87739100035165],[-96.57300600003813,32.877446000216295],[-96.57315500000107,32.877497999659106],[-96.57324700006257,32.87755399983741],[-96.57330300013906,32.877622999631285],
[-96.57332900007833,32.87768400011497],[-96.57336599988825,32.877734999794626],[-96.57342500033782,32.8777109997715],[-96.57350700035357,32.877678000106364],[-96.57364100024789,32.877824999823304],[-96.57441899967442,32.87800999997252],[-96.57454900026907,
32.87803300029444],[-96.57491900016494,32.878093000122014],[-96.57525800009863,32.87816499986143],[-96.57549099972714,32.87823300031615],[-96.57579000037619,32.8783489996844],[-96.57590400017901,32.87839999973582],[-96.57621200015059,32.87835699963525],
[-96.57670300042027,32.87837399990558],[-96.57706699957002,32.87845200012787],[-96.57751099998403,32.878526000313975],[-96.57784700044301,32.87860899998025],[-96.5781350003231,32.87875300007133],[-96.57839399989088,32.87893500020794],[-96.57851100006674,
32.87910100020568],[-96.57867799957302,32.8793019996868],[-96.57884099977962,32.879396000316156],[-96.57904599981903,32.87942300020563],[-96.57920400000278,32.879787000371415],[-96.57943300033163,32.88005600037069],[-96.57961599973144,32.88032000007257],
[-96.57968900042468,32.8804729997542],[-96.57974100030322,32.88058199980512],[-96.57975899984656,32.880717999971395],[-96.57976499969436,32.88112599997248],[-96.57979099963362,32.881160000202115],[-96.57983599983946,32.881220000176214],[-96.57978899998379,
32.88206799969018],[-96.57981599974796,32.88242599986761],[-96.57988199987021,32.88305600026311],[-96.57991000035761,32.88388100000777],[-96.57990199996169,32.88456000029682],[-96.57995999968801,32.88506199986192],[-96.58022800037493,32.885450999987164],
[-96.5806350000807,32.88579499983099],[-96.58142500010113,32.886344000332954],[-96.58217499993859,32.88677499964362],[-96.58306500041644,32.88716099973206],[-96.58360799966634,32.887271000125615],[-96.58456000006845,32.88733600032826],[-96.58528599961646,
32.88741199966913],[-96.58555599995321,32.88759599990762],[-96.58581399969607,32.8878330001971],[-96.58607099961401,32.888066000315675],[-96.58652500007378,32.888170999793275],[-96.58715199988758,32.88803499974923],[-96.58746599970694,32.88789600021512],
[-96.58789199967927,32.887854999969015],[-96.58798000044114,32.88787000015324],[-96.58829699973523,32.887924000041146],[-96.58853500028493,32.88807400014378],[-96.58894700001356,32.88831099990903],[-96.589624999881,32.88872799967585],[-96.59011500032577,
32.88913100002412],[-96.59041599972633,32.88919999985693],[-96.5906600001238,32.88918600014668],[-96.59077999977441,32.88918000016238],[-96.5912159997925,32.88970899972919],[-96.59123199968602,32.889717000163245],[-96.59123900025703,32.88972600008499],
[-96.59124799957956,32.889739999709924],[-96.5912579996253,32.889754000086995],[-96.59126699984613,32.8897619997627],[-96.59128399956457,32.8897619997627],[-96.59130000035641,32.88976499973516],[-96.59138800021995,32.88976700021968],[-96.59140099974043,
32.88976400024722],[-96.59141699963395,32.8897619997627],[-96.59145000014422,32.88975899979009],[-96.59149500035006,32.889767999707566],[-96.59151500044155,32.88977399965198],[-96.59153100033508,32.88978000035038],[-96.59154999970335,32.88978600029403],
[-96.5915670003201,32.88979099999531],[-96.59158300021362,32.88979999990949],[-96.59162099984846,32.889821999947365],[-96.59163699974198,32.88983399982857],[-96.59166900042734,32.889861999796445],[-96.59171100026013,32.889905999835946],[-96.5917360003745,
32.889939999714294],[-96.59175499974276,32.889955999785656],[-96.5917649997885,32.889970000128606],[-96.5917770003824,32.889980999749945],[-96.59178700042813,32.889993000363965],[-96.5918350001087,32.890034999859914],[-96.59184799962918,32.89004300026458],
[-96.59187399956843,32.89005399987687],[-96.59189600020807,32.890058000078405],[-96.59194899991152,32.890058000078405],[-96.59196499980504,32.89006100004084],[-96.59198400007162,32.890062000279755],[-96.59200400016309,32.89006500024212],[-96.59202000005664,
32.89006999992765],[-96.5920390003232,32.89007299988968],[-96.59205199984366,32.89007899981349],[-96.5920679997372,32.89008799969842],[-96.59207799978294,32.89009600009824],[-96.59208399963073,32.89010399974307],[-96.59209399967646,32.89011299962546],
[-96.59210000042258,32.89012399998338],[-96.59210299989729,32.89013500033994],[-96.59210999957,32.8901459999408],[-96.59211299994304,32.89015700029463],[-96.59211600031608,32.89017099985147],[-96.59211499959287,32.890185000160436],[-96.59211799996592,
32.89019800022986],[-96.59211799996592,32.890208999822846],[-96.59211999961573,32.89024800001479],[-96.59211999961573,32.89028400023475],[-96.59211600031608,32.89031900020406],[-96.59209399967646,32.89042599974433],[-96.59208299980583,32.89045599999408],
[-96.59207000028533,32.89048600023367],[-96.59205600004165,32.890513999995555],[-96.59204199979793,32.89053800032319],[-96.59202599990441,32.890563000123244],[-96.59201199966071,32.89057900008211],[-96.592004999988,32.89060099992649],[-96.59199499994227,
32.89062299976546],[-96.59199099974431,32.89064500035331],[-96.59198700044468,32.89067199983287],[-96.59199300029245,32.89072699975315],[-96.592004999988,32.89078500033149],[-96.59201699968357,32.89081299999888],[-96.5920329995771,32.890843000117584],
[-96.59204799964571,32.89086799983158],[-96.59208000033108,32.890913000355056],[-96.59213100038471,32.89096599966829],[-96.59214999975298,32.89098200030871],[-96.59216599964648,32.89099899966592],[-96.59218499991306,32.89101599977414],[-96.59219800033186,
32.89103299987915],[-96.5922359999667,32.89108000001937],[-96.59225199986021,32.891110000047654],[-96.59227100012679,32.89114100029248],[-96.5922860001954,32.89117100030012],[-96.59231700015754,32.89123800035596],[-96.59233300005107,32.891268000330754],
[-96.59234499974664,32.891298999766015],[-96.59235800016543,32.89132599980066],[-96.59237999990674,32.8913710000915],[-96.59240500002109,32.89140999977189],[-96.59241699971666,32.891435000080214],[-96.59243000013544,32.89146200007335],[-96.5924550002498,
32.89152300008352],[-96.59246399957232,32.89155599987367],[-96.59247600016619,32.89159200031641],[-96.59248500038703,32.89163099989957],[-96.59250299993039,32.8917140001157],[-96.59251100032631,32.891763000334024],[-96.59251700017408,32.89180700018369],
[-96.59252399984679,32.89191700008945],[-96.59252300002187,32.89198600001548],[-96.5925249996717,32.89201899963318],[-96.59252399984679,32.89209100012779],[-96.59252600039491,32.89212600013757],[-96.59252600039491,32.89215400013542],[-96.59252800004475,
32.892180999909485],[-96.59252800004475,32.89221199977961],[-96.59253800009049,32.89232400036356],[-96.59254099956522,32.892348999659646],[-96.59254999978604,32.892412999696184],[-96.59254899996114,32.89242399976853],[-96.59255200033418,32.892434999839466],
[-96.59255900000689,32.89244800033307],[-96.59256499985466,32.89245999985855],[-96.59257700044854,32.892487000293684],[-96.59258699959597,32.892504000116375],[-96.59259300034206,32.892519999724705],[-96.59260199966458,32.89253399966246],[-96.59263099997692,
32.892583999637715],[-96.59264000019773,32.89259800031968],[-96.5926460000455,32.89261500012114],[-96.59265600009127,32.89263099970936],[-96.59266500031208,32.892644999629645],[-96.59267500035784,32.89265599967314],[-96.59268399968035,32.89267000034373],
[-96.59269700009914,32.89268199983919],[-96.59271299999266,32.89268700013136],[-96.59272899988619,32.89269599975136],[-96.59274899997767,32.892698999624535],[-96.59280400022925,32.89269999983361],[-96.59281799957465,32.89267799975613],[-96.59281799957465,
32.892652999798564],[-96.5928219997726,32.892641999754645],[-96.5928219997726,32.89263099970936],[-96.59282900034361,32.892604000072495],[-96.59283600001632,32.892593000022494],[-96.59284900043511,32.89257399979578],[-96.59286600015355,32.89255800019721],
[-96.59287899967401,32.892540999630555],[-96.5929120001843,32.892519999724705],[-96.59292899990272,32.89251200029809],[-96.5929480001693,32.892506999996044],[-96.59296499988774,32.89250100023666],[-96.5929840001543,32.89249899981388],[-96.5930589995991,
32.89250299990503],[-96.59307200001786,32.89250299990503],[-96.59309200010935,32.89250899966427],[-96.59312100042168,32.892515000177426],[-96.59312999974419,32.89252900011599],[-96.59316099970633,32.892612000245116],[-96.59316400007938,32.892624999958436],
[-96.59317699959985,32.892652999798564],[-96.59317900014798,32.89266699971532],[-96.59318599982068,32.89267799975613],[-96.59319199966846,32.89269999983361],[-96.59320300043743,32.8927640003709],[-96.59320900028521,32.892801999984414],[-96.59320900028521,
32.89282100016223],[-96.59321199975996,32.89284300020425],[-96.59321099993504,32.892868000108194],[-96.5932140003081,32.892893000005095],[-96.59321199975996,32.892970000065574],[-96.59320799956198,32.89298600034406],[-96.59320699973708,32.89304400019781],
[-96.59321000011013,32.89305800005277],[-96.59321599995792,32.8930960002945],[-96.59322199980569,32.89311800026824],[-96.59322799965346,32.89313799982814],[-96.5932560001409,32.89320399970154],[-96.5932929999508,32.89327899984091],[-96.5933060003696,
32.89330700022865],[-96.59331499969211,32.893322999691904],[-96.59332499973786,32.89334299995985],[-96.59333700033173,32.89335900017097],[-96.59334999985222,32.89337299997615],[-96.59336300027101,32.89338999962888],[-96.59338800038536,32.89341200028386],
[-96.59342099999732,32.89342399967882],[-96.5934400002639,32.89342399967882],[-96.59345699998234,32.89341900018256],[-96.59348600029465,32.893402999982285],[-96.59349600034038,32.89339499988108],[-96.5935030000131,32.89338699977912],[-96.59351300005883,
32.89337899967647],[-96.59352599957931,32.893362000021625],[-96.59353300015032,32.893351000065806],[-96.59353599962505,32.89334000010855],[-96.59354300019606,32.893332000001664],[-96.59354999986876,32.89330499982407],[-96.59356099973941,32.89326900007744],
[-96.59356400011245,32.893255999704316],[-96.59357099978514,32.89323399976491],[-96.59357800035616,32.893217000082245],[-96.59358500002885,32.89320399970154],[-96.59361199979304,32.893181999749224],[-96.59362199983877,32.89317099977099],[-96.59363500025756,
32.89315500028023],[-96.59364899960295,32.893129999702964],[-96.59365899964871,32.89310899993673],[-96.5936660002197,32.89306799984006],[-96.59366700004462,32.89305100012554],[-96.59366399967156,32.89303399965349],[-96.59366399967156,32.89301800013799],
[-96.59366100019685,32.893000999659606],[-96.59366799986952,32.89297100027165],[-96.59367500044054,32.89295799985486],[-96.59367799991529,32.892949000261424],[-96.59369200015898,32.89293599984139],[-96.59370800005249,32.89292199996716],[-96.59371499972521,
32.89291399982253],[-96.59373200034196,32.89290599967711],[-96.59374499986242,32.892895999871534],[-96.59375800028121,32.8928900001385],[-96.59376800032696,32.89289899973793],[-96.59376699960373,32.89291200016338],[-96.59376999997679,32.89292899990453],
[-96.59376599977882,32.89310499987295],[-96.59376900015187,32.89314099968628],[-96.59377400017475,32.89319799998937],[-96.59378000002252,32.89324199988065],[-96.59379199971809,32.89328100024603],[-96.59379500009115,32.89329799991642],[-96.59381299963448,
32.89335299971498],[-96.59381600000754,32.89337199977461],[-96.59382199985532,32.89338900018184],[-96.59382500022835,32.893408000233755],[-96.59383100007616,32.89344900017307],[-96.59383699992394,32.89346899965826],[-96.59384199994679,32.89350699972369],
[-96.59384199994679,32.8935269999501],[-96.59384500031986,32.89354300012797],[-96.59384500031986,32.89355699990407],[-96.59385399964238,32.8935869998479],[-96.59386000038846,32.89359799977448],[-96.59387000043421,32.89360700005625],[-96.593876000282,
32.89361799998028],[-96.5939110004421,32.893649000101874],[-96.59392700033561,32.893657000180134],[-96.59394300022915,32.893665999701646],[-96.59396900016841,32.89368000021257],[-96.59399500010767,32.8936910001276],[-96.59401699984899,32.893702000041266],
[-96.59407600029853,32.893727999900335],[-96.59411399993337,32.89374000000675],[-96.59413400002485,32.89374299984451],[-96.59415300029141,32.89374900027409],[-96.59417300038292,32.8937520001116],[-96.59419500012422,32.89375700034332],[-96.59421500021571,
32.89376000018055],[-96.59426000042154,32.8937670000517],[-96.59428299998775,32.893769999888605],[-96.59430300007926,32.893769999888605],[-96.59432599964548,32.89377299972535],[-96.59438699974484,32.89377399992237],[-96.59444299982134,32.8937670000517],
[-96.59452200036236,32.893745999682224],[-96.59454499992857,32.893741000204145],[-96.59456400019516,32.89373300013341],[-96.59458400028664,32.89373000029532],[-96.59460400037813,32.89372500006201],[-96.59462000027166,32.89372299966693],[-96.59465899973141,
32.89371800018754],[-96.59468200019593,32.89371800018754],[-96.5947009995642,32.89371599979224],[-96.59474699959495,32.89371599979224],[-96.59477000005948,32.8937140001512],[-96.5947929996257,32.8937140001512],[-96.59481899956498,32.893711999755865],
[-96.59483799983155,32.89371000011474],[-96.59490700032684,32.89369399996707],[-96.59492999989305,32.89368300005242],[-96.59494999998454,32.8936749999765],[-96.59500900043409,32.89364299966552],[-96.59502600015253,32.89363000010165],[-96.59504600024401,
32.8936160003371],[-96.59506200013753,32.89360300001489],[-96.59507899985597,32.8935869998479],[-96.59510599962015,32.893562000146865],[-96.59512900008468,32.89353299963999],[-96.59515599984886,32.893502999677864],[-96.59517900031341,32.893472999705594],
[-96.59519900040489,32.89343999987525],[-96.59522000032129,32.89340999988164],[-96.59524000041276,32.89338299972788],[-96.59526999965169,32.89332799994789],[-96.59528100042066,32.89330700022865],[-96.59530399998687,32.89326600022357],[-96.5953209997053,
32.89323900002592],[-96.59536199971319,32.89316799991381],[-96.59538900037568,32.89312699984445],[-96.59541600013985,32.893082999896045],[-96.5954460002771,32.893040000131094],[-96.59547600041434,32.89299099986476],[-96.59554400018638,32.892893000005095],
[-96.59557699979834,32.89284099978924],[-96.595587999669,32.892815999877676],[-96.59562799985196,32.89274299976365],[-96.59564499957041,32.89271799982442],[-96.5956589998141,32.8926940000873],[-96.59567499970764,32.89266900013431],[-96.59568899995134,
32.892641999754645],[-96.5957090000428,32.89261799999699],[-96.59572599976126,32.892593000022494],[-96.59574599985275,32.89256600037404],[-96.59578600003572,32.89251699984553],[-96.59580299975416,32.89250100023666],[-96.59584299993713,32.89245199967219],
[-96.59585299998287,32.89243799972147],[-96.59586300002861,32.89242799986307],[-96.5958830001201,32.89239499964345],[-96.59589700036379,32.89238400032182],[-96.59590999988428,32.892367999934606],[-96.59597000015873,32.8923190000509],[-96.59599299972494,
32.89230299965195],[-96.59601899966422,32.89228700000443],[-96.59604600032671,32.8922679997121],[-96.59609900003016,32.892235999647255],[-96.5961650001524,32.892193000225454],[-96.5961939995664,32.892173999912956],[-96.59622200005381,32.892158999703064],
[-96.59631699959004,32.89209900034675],[-96.59634300042764,32.89208299990811],[-96.5963690003669,32.89206400032629],[-96.59639899960582,32.89204799988135],[-96.59642200007036,32.89202900029202],[-96.59648499981955,32.89198300011823],[-96.59651800032981,
32.89195699974702],[-96.59654799956874,32.89192700000554],[-96.59658199990392,32.891900000154116],[-96.5966150004142,32.891869999639006],[-96.59667499979034,32.89181599989314],[-96.59672400019414,32.89177000036302],[-96.59674400028563,32.89174800005454],
[-96.59676799967677,32.8917289996466],[-96.59678799976824,32.891701999734785],[-96.59681100023278,32.891674999814796],[-96.59683499962392,32.89164499997782],[-96.59688200037789,32.89157999991902],[-96.5969049999441,32.89154499969354],[-96.59692900023356,
32.89150600007257],[-96.59694900032504,32.89147099981785],[-96.59697299971616,32.891432999633366],[-96.59699600018071,32.89139699988035],[-96.59702999961758,32.89133800023243],[-96.59704999970907,32.89130999997669],[-96.59706399995278,32.891282999937175],
[-96.5970809996712,32.89125599988949],[-96.59709800028796,32.89122599991063],[-96.59712500005215,32.89117100030012],[-96.59713900029584,32.891147000143974],[-96.59715199981632,32.89111899982785],[-96.59716299968697,32.89109199973013],[-96.59717299973272,
32.89107000000768],[-96.59718000030372,32.89104299989502],[-96.59719000034947,32.89101599977414],[-96.59719700002215,32.89098800017096],[-96.59720799989282,32.89095800010136],[-96.5972289998092,32.89087600016098],[-96.59723800003005,32.89084700028351]]],
[[[-96.99351299990333,32.93183200022958],[-96.99351999957602,32.931248999896454],[-96.9913910004375,32.93122599982136],[-96.9913980001102,32.931026000325744],[-96.99140800015596,32.92995099990793],[-96.99144999998875,32.925720000345336],[-96.99137200017094,
32.92571899975512],[-96.99058600034849,32.925717999918945],[-96.99052199987607,32.925717000082805],[-96.98766100044342,32.92571299998394],[-96.98638299962806,32.925708999884904],[-96.98501900039561,32.925706000376046],[-96.98404000022929,32.92569599975032],
[-96.98205000010962,32.92567699984021],[-96.98168799971137,32.92566600012853],[-96.97849800039077,32.92558800000852],[-96.97845200036002,32.925587000170914],[-96.97549800014266,32.92549400013993],[-96.9737409996515,32.92545799990709],[-96.97311200018787,
32.92544800000742],[-96.9725020000925,32.9254399997852],[-96.97238200044191,32.925430999722884],[-96.97210399970923,32.92542400009267],[-96.96992600016692,32.925367000174866],[-96.96853600009686,32.92533099989042],[-96.96821300005668,32.92533099989042],
[-96.96789199966632,32.92533099989042],[-96.96770699971839,32.925344000078574],[-96.96765599966474,32.92714899971934],[-96.9676520003651,32.92732100026063],[-96.96749500000628,32.935516000342226],[-96.96764700034224,32.93873899987551],[-96.96761300000706,
32.939689000137925],[-96.96762999972549,32.9414860000599],[-96.96756899962612,32.94747699973587],[-96.96810299955351,32.94750200004145],[-96.96832299966154,32.947500000107745],[-96.96846199957871,32.94750500031889],[-96.96898700018357,32.947525999996515],
[-96.97006500008408,32.94915500027771],[-96.97006500008408,32.949425000189734],[-96.97005699968815,32.94952199971111],[-96.97007099993186,32.94952300003199],[-96.97002200042638,32.95173600027891],[-96.97002200042638,32.95213600012425],[-96.97002200042638,
32.95221299990934],[-96.9691009999864,32.95221799985391],[-96.96824400001881,32.95222299979819],[-96.96823499979797,32.952728000251916],[-96.96625800009711,32.952709000118425],[-96.96723100041564,32.95352200031466],[-96.9673560000891,32.953584000045936],
[-96.96752500014351,32.95364299966472],[-96.96764599961901,32.9537220001913],[-96.96774899955118,32.95381600021064],[-96.96788599981852,32.953864999972595],[-96.96822300010243,32.95394700035954],[-96.96821999972938,32.95423599976546],[-96.96821999972938,
32.95430300033003],[-96.96822300010243,32.954504999722225],[-96.96822099955428,32.95461300033478],[-96.96924599975135,32.954913999928685],[-96.97168000028503,32.955631000196],[-96.97194399987568,32.955700000205105],[-96.97213899986934,32.95574200018422],
[-96.97235899997736,32.95578100014699],[-96.97253499970446,32.9558060003653],[-96.9726920000633,32.95582400033723],[-96.97288299985901,32.955839999806656],[-96.97313700030223,32.95585100028819],[-96.97337999997647,32.95585100028819],[-96.97354900003087,
32.95584500029982],[-96.97377300033686,32.955829000077536],[-96.97397300035341,32.955808000111084],[-96.97417199964673,32.95577899964681],[-96.97440599999844,32.95573699968522],[-96.97463600015222,32.9556850002077],[-96.974818999552,32.95563700019896],
[-96.97507700019317,32.95555600012509],[-96.9765929997616,32.95504000017301],[-96.97671800033338,32.95500999995168],[-96.97678699993035,32.95499400033194],[-96.97923599963434,32.954137999872],[-96.97927699964222,32.95412899971476],[-96.97913000022746,
32.953872999885014],[-96.98094200007189,32.953266999759066],[-96.98157899993141,32.95302100024631],[-96.98182499997871,32.95290100032745],[-96.98217200030835,32.952749000196334],[-96.9825699997933,32.952522000173445],[-96.98267100007564,32.952452999944676],
[-96.98328899966862,32.95196100022617],[-96.9835349997159,32.95171399979769],[-96.98377499991543,32.95148099984725],[-96.98398300032788,32.951178000018565],[-96.9842169997813,32.95087499990506],[-96.98441900034598,32.950560000320436],[-96.98462000018743,
32.95029300028888],[-96.98477199962508,32.950048999913356],[-96.98498599988532,32.94975200010134],[-96.9851950001227,32.949456000366986],[-96.9855540001479,32.94906400004897],[-96.98578099992862,32.9488629998579],[-96.9860400003947,32.94865400033338],
[-96.98626100032764,32.94849700028262],[-96.98653199959098,32.94833299987423],[-96.9868789999206,32.94816199982305],[-96.98716299960273,32.948029999808625],[-96.98746599955146,32.947935000081735],[-96.98775599997965,32.94784700037063],[-96.98805899992837,
32.947771000138445],[-96.98838100014363,32.94772700021219],[-96.98850699964201,32.94770799975752],[-96.98874099999375,32.94768300026404],[-96.9892580002027,32.94767600013322],[-96.98959200011355,32.94767600013322],[-96.9899839997507,32.94767000034369],
[-96.99044400005825,32.94767600013322],[-96.990778999794,32.94770199997023],[-96.99166199970085,32.94770799975752],[-96.99166199970085,32.94754400014692],[-96.99166599989881,32.945126000134785],[-96.99169000018824,32.9445389999839],[-96.99171399957939,
32.944442999896616],[-96.99176200015827,32.944386999797615],[-96.99185900024266,32.94433899968449],[-96.99344000010841,32.9442939999317],[-96.99343300043572,32.944010000092426],[-96.9934610000248,32.94372499970829],[-96.99347500026852,32.942926000134754],
[-96.99347500026852,32.941633000167],[-96.9934610000248,32.93994600000808],[-96.99345500017702,32.93916299968545],[-96.99347000024562,32.93884999996525],[-96.9934679996975,32.936897000175],[-96.99346600004768,32.9352229996325],[-96.9935029998576,
32.932661999794824],[-96.99351299990333,32.93183200022958]]]]},"properties":{"GEOID":"4819000","STATE":"48","PLACE":"19000","NAME":"Dallas city","BASENAME":"Dallas","AREALAND":879667956,"AREAWATER":113877255}}
