{"type":"Feature","geometry":{"type":"Polygon","coordinates":[[[-96.70576299968562,32.91670700021414],[-96.70576500023375,32.916600999937245],[-96.70566399995143,32.91659800011966],[-96.70446300002727,32.91658799997281],[-96.7032119998744,32.916573000127485],
[-96.7018670000102,32.91656900036939],[-96.7003899999015,32.916562000038184],[-96.70043000008448,32.91450400007142],[-96.70044799962783,32.9134189997686],[-96.70045799967357,32.91282099980052],[-96.70048000031319,32.91193500010388],[-96.7005079999023,
32.911133999956256],[-96.70054200023748,32.90916500033748],[-96.7005439998873,32.90902499999776],[-96.7004090001681,32.90901799982414],[-96.6982349999254,32.90901099964997],[-96.69779200023461,32.909008000329344],[-96.69747599986712,32.90900000012932],
[-96.69751000020231,32.90740300002626],[-96.69751799969991,32.905742999675],[-96.69752100007295,32.90463200018134],[-96.69752899957058,32.903108999753265],[-96.69753399959343,32.90256500030284],[-96.69578899969616,32.903102999957824],[-96.6951789996008,
32.903290000306086],[-96.69462499958193,32.90345700001711],[-96.6938839999653,32.903686000183704],[-96.69333900016727,32.9038539999853],[-96.6925459997738,32.9040980003327],[-96.69254800032193,32.90386600022829],[-96.69254900014684,32.90380599975128],
[-96.69197099983853,32.90398300006109],[-96.69170600042297,32.90406399985475],[-96.69169999967687,32.90274699980054],[-96.69168399978335,32.90209000012537],[-96.69168799998133,32.900328000068704],[-96.69168299995845,32.89960699972294],[-96.69168100030862,
32.899049000219556],[-96.69167999958539,32.89843300015913],[-96.69167999958539,32.89812800009722],[-96.69173200036225,32.89589100017958],[-96.69175599975337,32.89457199965173],[-96.69175900012642,32.89442999999881],[-96.69205200002938,32.89442999999881],
[-96.6922500003961,32.89442999999881],[-96.69343799990146,32.89442099980067],[-96.69367200025319,32.894421999990364],[-96.69371900010886,32.89164600019886],[-96.69368399994876,32.8903329997353],[-96.69166299986695,32.89031999968573],[-96.69051299999643,
32.89031200006041],[-96.6905260004152,32.889132999768606],[-96.69053899993568,32.88796500025533],[-96.69055499982923,32.88595500035596],[-96.68401600028103,32.885934999928985],[-96.68315699976534,32.88593600021448],[-96.68316900035921,32.88298900005544],
[-96.68317199983393,32.881570999927206],[-96.68317900040495,32.87904900019438],[-96.68317699985681,32.87898399994878],[-96.68318000022987,32.87890400021938],[-96.68318000022987,32.878801000301145],[-96.68361000040018,32.878782000134684],[-96.68409699957358,
32.87872900032384],[-96.68457899962243,32.87870000024314],[-96.68483399989054,32.87868699999575],[-96.68648599990142,32.87869099995604],[-96.686617000321,32.87868699999575],[-96.68699300006462,32.87867700009435],[-96.68721200034774,32.87867700009435],
[-96.68792200000223,32.878688999975914],[-96.68802900013235,32.87869099995604],[-96.68839599965514,32.878708999774936],[-96.68948100012666,32.87868100005503],[-96.68927000023947,32.87850599971927],[-96.68886099998555,32.878249999855825],[-96.68866199979392,
32.878166000234636],[-96.68817600044545,32.87799499962819],[-96.68790399956056,32.87786200018581],[-96.68709099997392,32.877379999921985],[-96.68645900013725,32.876875000193024],[-96.6849219997541,32.87556599975701],[-96.68452300044424,32.87519000001096],
[-96.68412400023608,32.874792000187625],[-96.6837040001115,32.87441200002344],[-96.68317799968175,32.873958999994564],[-96.68308700034345,32.87388899994514],[-96.68302700006899,32.87383299971495],[-96.68273300034113,32.87356099992596],[-96.68224200007145,
32.87318799975441],[-96.68137099986016,32.8726500002603],[-96.68036800030274,32.872086000353924],[-96.67940099983198,32.871602999925855],[-96.67877300019326,32.87134600004865],[-96.67821099977849,32.87112200003544],[-96.67735899983377,32.87081299995739],
[-96.67708400037247,32.87067800014196],[-96.67608500011468,32.87042099984703],[-96.67330999999747,32.86988999965536],[-96.6730570002775,32.86983999970231],[-96.67217400037063,32.869673000001676],[-96.67104799989124,32.86929599968816],[-96.67040199981086,
32.868861000236635],[-96.66936800029129,32.867545000254815],[-96.66921299958227,32.86699300027576],[-96.66930100034413,32.86681399976211],[-96.6693840001848,32.86664500014686],[-96.66927700005469,32.86657099985233],[-96.669186999643,32.86654399982125],
[-96.66906899964222,32.866449000149586],[-96.66842400028507,32.867322000188956],[-96.66840900021647,32.86733900031185],[-96.66831100030717,32.867468999723556],[-96.668200999804,32.86742400012287],[-96.66803400029774,32.867354999936346],[-96.6679199995966,
32.867301000343375],[-96.66730500037667,32.86691600028034],[-96.66584599981134,32.865978999800156],[-96.66587299957553,32.86561099973354],[-96.66572399961261,32.865606000177344],[-96.66555000043367,32.865601999626655],[-96.66522200037059,32.86559300027342],
[-96.66300200009715,32.864193999827634],[-96.6628999999899,32.86412900000879],[-96.66273699978328,32.86402600027956],[-96.66259200001832,32.863934000266426],[-96.66022500033012,32.86243999986665],[-96.65829700013472,32.86124500010248],[-96.65117600008028,
32.85683300030902],[-96.64922399959545,32.855629999977076],[-96.64907800000559,32.85553599980846],[-96.6480029995798,32.854822000205615],[-96.6470519999009,32.85417899984484],[-96.64631399975902,32.85366700002386],[-96.64550299982218,32.85305700013265],
[-96.64305800031619,32.85095700035463],[-96.63785799988611,32.84649300036545],[-96.63754200041693,32.846194000310355],[-96.63718699969137,32.84586099983574],[-96.63688399974266,32.845567999832966],[-96.63659400021277,32.8452639997323],[-96.63645399957235,
32.845107999703416],[-96.63618699960867,32.84479100035775],[-96.63604900041473,32.844373999970344],[-96.63539800031148,32.84331300002881],[-96.63537599967185,32.84333200024741],[-96.63522599988401,32.84346300013447],[-96.63485400033835,32.843784999726566],
[-96.63467100004023,32.84392499974271],[-96.63427799967985,32.84425399993021],[-96.63374799995043,32.84469300004284],[-96.63206400015251,32.84611099973784],[-96.63052699976936,32.847408999869856],[-96.63040399974572,32.84753200006456],[-96.62903700014023,
32.84866399972379],[-96.6286849997877,32.84895800001851],[-96.6283800001892,32.8491980000452],[-96.62835099987687,32.84922100029356],[-96.62821899963238,32.84910900034057],[-96.62784299988876,32.8487859997384],[-96.62760199986432,32.84858099995197],
[-96.62556599971391,32.84684100031205],[-96.62426100003267,32.845729999714514],[-96.62210799970639,32.84387900026848],[-96.62199899992645,32.84378599973286],[-96.61880500040787,32.84105100003367],[-96.61860299984322,32.840879000279],[-96.61735000004052,
32.83980600021339],[-96.61673499992227,32.83930699971696],[-96.6162009999949,32.839788000046084],[-96.61612999984978,32.83983600023249],[-96.61567299991529,32.84023299988277],[-96.6143139998074,32.840207000184364],[-96.61311399970815,32.84023900016046],
[-96.61217200025007,32.84026000037434],[-96.61105099979353,32.84025300005205],[-96.61079100040085,32.84024999991374],[-96.61039800004046,32.840245999729156],[-96.61013699992456,32.84024300034536],[-96.60987599980865,32.84024000020671],[-96.60961499969274,
32.840237000067944],[-96.60935500030007,32.84023399992908],[-96.60909599983397,32.84023299988277],[-96.60883800009111,32.84023399992908],[-96.60858100017316,32.840237000067944],[-96.6080289998041,32.8402439996368],[-96.60767300015196,32.840245999729156],
[-96.60729099966223,32.84024999991374],[-96.6065910000535,32.84024300034536],[-96.60625799996757,32.84084300037594],[-96.60589399991949,32.841539000191204],[-96.6062189996095,32.842031000034446],[-96.60700199995722,32.84325100004189],[-96.60591099963793,
32.844261999937956],[-96.60566600031386,32.84404400022429],[-96.60517199967113,32.843601999895434],[-96.60476599979027,32.843239999905755],[-96.60464100011679,32.843267000237404],[-96.60461199980448,32.843274000322054],[-96.60457400016963,32.84328299967535],
[-96.60448499958287,32.84330199990037],[-96.60258200040015,32.841769000368394],[-96.60187600004531,32.841795999638],[-96.60186299962652,32.841760000106845],[-96.60182300034187,32.84166700036991],[-96.60178099961075,32.841574999811996],[-96.60173700012814,
32.841481999881246],[-96.60169100009739,32.841392999986134],[-96.60147600001224,32.84101400016287],[-96.60125199970625,32.84072700025359],[-96.60079700031989,32.839824000377],[-96.60070199988535,32.839661000229654],[-96.60065500002968,32.83957800034061],
[-96.60060800017402,32.83949400031932],[-96.60056100031835,32.839412000329695],[-96.60053899967872,32.83937399971974],[-96.60047099990668,32.83925299965536],[-96.60042800024895,32.839176999792585],[-96.60038600041615,32.83910600015989],[-96.60034399968504,
32.83903599977549],[-96.6003040004004,32.83897000033288],[-96.6002690002403,32.838909999699226],[-96.60023699955492,32.83885600015091],[-96.60020899996584,32.83880800018937],[-96.6001839998515,32.838764999761516],[-96.6001629999351,32.83872300013094],
[-96.60015100023952,32.838698000053824],[-96.60014500039173,32.838681999789436],[-96.60080499981751,32.83841300033802],[-96.60103499997128,32.83832100018145],[-96.60132299985136,32.83820499978247],[-96.60142699960844,32.838191000322674],[-96.60165900031035,
32.83816099974766],[-96.60260199959332,32.83776499996248],[-96.60576000002519,32.83643799962624],[-96.60603399966156,32.836338999811105],[-96.6066610003737,32.83611300027698],[-96.60729999988307,32.83596299982765],[-96.60928300033004,32.835143000138174],
[-96.61006999997741,32.83481300004051],[-96.61029099991033,32.83471700024843],[-96.6102530002755,32.834620000243014],[-96.61013399955151,32.834314000161704],[-96.61004300021324,32.83408099994755],[-96.61000899987803,32.83399300029723],[-96.60993600008311,
32.83381399962425],[-96.60964200035524,32.83305399981559],[-96.60946599972982,32.832602000054464],[-96.60939799995775,32.83244900006498],[-96.60892099993177,32.832644999693244],[-96.6081760001172,32.832952000371115],[-96.60789400008491,32.83307000033943],
[-96.60691800029164,32.83348000013613],[-96.60684799997144,32.8334920000943],[-96.60654699967256,32.833616000070265],[-96.6062680000133,32.83372799994846],[-96.60608700026333,32.833801000345595],[-96.60553300024446,32.834026999726454],[-96.60550899995502,
32.834037000133264],[-96.60474700042201,32.83434599999759],[-96.60438699967358,32.834497000270495],[-96.6034870000483,32.8348720003173],[-96.60298400008305,32.835081999832816],[-96.60292899983146,32.83510499996525],[-96.6013880001487,32.8357460002086],
[-96.60101800025282,32.8358999998955],[-96.6008829996353,32.835957000015746],[-96.6007139995809,32.83593500019882],[-96.60053000035622,32.83607499976442],[-96.60050799971658,32.83611599980031],[-96.60049799967084,32.8361270000644],[-96.60048400032547,
32.836146000311594],[-96.60046400023396,32.83616800007629],[-96.60044800034045,32.83618099976314],[-96.60043400009673,32.83619699972347],[-96.6004180002032,32.83621100025245],[-96.60039499973868,32.83622700020738],[-96.60038499969293,32.83623500018377],
[-96.60036799997451,32.836248999952005],[-96.600347999883,32.836261999626984],[-96.60032799979153,32.83628099984529],[-96.60032199994374,32.8362889998168],[-96.60031199989801,32.83629699978755],[-96.60030199985225,32.83630499975763],[-96.600275999913,
32.836310000210304],[-96.60025900019455,32.836310000210304],[-96.60021999983648,32.83630399966705],[-96.6002009995699,32.8362979998782],[-96.6001780000037,32.836292000088925],[-96.60013299979785,32.83627500005488],[-96.6001069998586,32.836267000082096],
[-96.60008500011729,32.83625499974418],[-96.60006199965275,32.83624400025069],[-96.60005300033023,32.83623500018377],[-96.60003999991144,32.836229999726854],[-96.60002700039095,32.83622099965852],[-96.60000099955339,32.836204000365605],[-96.59998499965984,
32.836189999835526],[-96.5999660002916,32.83617900033399],[-96.59995000039807,32.836171000352564],[-96.59993000030659,32.836162000278236],[-96.59991699988778,32.836159000001665],[-96.59990500019224,32.836153000203005],[-96.59988799957549,32.83615100001843],
[-96.59985599978843,32.836136000142275],[-96.59981099958257,32.83611900007834],[-96.59979100038942,32.83611300027698],[-96.59976899974977,32.83610500028961],[-96.59974299981053,32.8360989997325],[-96.5997200002443,32.83609299992979],[-96.59970099997773,
32.836087000126675],[-96.599690999932,32.836081999661424],[-96.59969799960467,32.83607100014651],[-96.59970099997773,32.83606200006205],[-96.59969500012994,32.836046000077374],[-96.59968199971115,32.83603499980326],[-96.59962700035787,32.83601699962613],
[-96.59961800013704,32.83601199991175],[-96.59960499971827,32.836000000294156],[-96.59959200019779,32.83597799973303],[-96.59958899982472,32.83596700020522],[-96.59958999964964,32.83594799991979],[-96.5995939998476,32.83592600010058],[-96.59959499967252,
32.83584100030191],[-96.59960200024352,32.83582699971453],[-96.59961200028927,32.83581099968752],[-96.599622000335,32.83579699985021],[-96.5996359996804,32.835778000283135],[-96.5996430002514,32.83575899995724],[-96.59965300029715,32.83573200036105],
[-96.59966300034289,32.83570399990452],[-96.59967000001559,32.83568300012248],[-96.59967699968827,32.83566299967841],[-96.59968799955892,32.83563600005303],[-96.59969500012994,32.83561999999159],[-96.59969500012994,32.83560899966463],[-96.5996850000842,
32.83559499979552],[-96.59967199966542,32.83558899995876],[-96.59964699955104,32.83557500008644],[-96.59958899982472,32.83554899977858],[-96.5995529998397,32.83554099974038],[-96.59948500006766,32.83551999991974],[-96.59945900012839,32.835514000077886],
[-96.59942999981607,32.835510999779416],[-96.59935799984605,32.835499000094124],[-96.59932000021121,32.83549300025086],[-96.59930000011973,32.835486999652446],[-96.59926099976165,32.83547800026359],[-96.59923900002036,32.83547499996391],[-96.59918700014182,
32.835457999773354],[-96.59913199989025,32.83543200018602],[-96.59908699968439,32.83540399963488],[-96.59906099974513,32.83538499998376],[-96.59898799995021,32.83533400010544],[-96.59890699975935,32.83527199982917],[-96.59889199969072,32.83524999984245],
[-96.59885700042895,32.83521100036725],[-96.59883399996441,32.83518900036542],[-96.59881200022312,32.835164000047996],[-96.59881600042107,32.835144000241826],[-96.59882300009374,32.8351249997802],[-96.59882300009374,32.83511199993873],[-96.5988270002917,
32.83507299964816],[-96.59880800002513,32.83503400009521],[-96.59879299995653,32.835007000278544],[-96.59878999958349,32.83499599987563],[-96.59877100021522,32.83496200006264],[-96.59876100016947,32.83494300031688],[-96.5987489995756,32.83492900034271],
[-96.59873600005513,32.834920000142546],[-96.59872000016158,32.83492299970618],[-96.59870000007011,32.83492299970618],[-96.59868099980353,32.834916999823996],[-96.59866099971204,32.834914000260156],[-96.5986420003438,32.83490800037737],[-96.59860299998573,
32.83489900017502],[-96.59856399962767,32.83489900017502],[-96.59854100006145,32.83490099963299],[-96.59852799964266,32.834903999952076],[-96.59850799955117,32.83490899972885],[-96.59846900009143,32.83491599971779],[-96.59844899999995,32.83491900003638],
[-96.59842300006068,32.83491300015392],[-96.59839100027362,32.83490999983514],[-96.59837799985482,32.834907000271066],[-96.59833199982407,32.83490600016474],[-96.59831000008278,32.83491099994141],[-96.59828300031859,32.83491599971779],[-96.59822499969395,
32.83491500036639],[-96.598192000082,32.834907000271066],[-96.59816299976967,32.8348980000686],[-96.59813400035569,32.83489200018473],[-96.59809499999761,32.83488299998076],[-96.59808199957881,32.834878000202515],[-96.59805300016481,32.83486599967686],
[-96.59803399989825,32.83485500001129],[-96.5980020001112,32.83482700003299],[-96.59797000032414,32.834790999940125],[-96.59795699990535,32.8347790001575],[-96.59794500020979,32.83476500015748],[-96.5979250001183,32.83475700004863],[-96.59788300028549,
32.834739999720604],[-96.59783800007966,32.83472300014413],[-96.59779899972159,32.834708000026716],[-96.59776100008676,32.83469400001549],[-96.59772500010178,32.834676999675445],[-96.59770300036045,32.834662999659336],[-96.59768300026897,32.834654000186966],
[-96.59766700037544,32.834654000186966],[-96.5976439999109,32.834655999650444],[-96.59761799997165,32.83465899997782],[-96.59758199998663,32.83465500029611],[-96.59755000019958,32.834648999641004],[-96.59753699978079,32.83464700017736],[-96.59751099984152,
32.83464299974031],[-96.597494999948,32.83464600006812],[-96.59746200033602,32.8346480002866],[-96.59744200024456,32.83465099985942],[-96.59740000041177,32.83465500029611],[-96.5973769999472,32.83465500029611],[-96.59735100000795,32.834656999759574],
[-96.59730199960414,32.834656999759574],[-96.59727599966489,32.834654000186966],[-96.59722399978632,32.83465300007779],[-96.59719500037232,32.834649999750226],[-96.59716900043307,32.834648999641004],[-96.59714299959548,32.83463500037529],[-96.59710400013574,
32.83461499969515],[-96.5970790000214,32.834598000094736],[-96.5970589999299,32.83458699964116],[-96.5970239997698,32.834552999671544],[-96.59701500044727,32.83453700016976],[-96.59699899965544,32.83451500000098],[-96.59698299976192,32.8344979996266],
[-96.59697100006635,32.83447299986936],[-96.59696799969329,32.83446200015511],[-96.59696500021857,32.834448000105084],[-96.59695199979977,32.834425999914195],[-96.596945999952,32.834417999774814],[-96.59693300043152,32.83440599994179],[-96.59692000001272,
32.8343979998006],[-96.59690699959393,32.834391999882946],[-96.59689800027142,32.83438700007705],[-96.59688800022569,32.83438100015864],[-96.59688200037789,32.83436999967822],[-96.59687900000485,32.83435600036852],[-96.59687700035502,32.83427099982155],
[-96.59688099965467,32.83426000008227],[-96.59688400002771,32.834249000341615],[-96.59688900005058,32.83424000007246],[-96.59694299957894,32.83417600031281],[-96.59697799973905,32.834138999840974],[-96.59704499968619,32.834071999661376],[-96.59707599964833,
32.8340240001325],[-96.59710199958761,32.83395799998317],[-96.59710599978557,32.83390200020679],[-96.59709800028796,32.83388200011635],[-96.59708599969407,32.833853999831206],[-96.59704999970907,32.83380700030318],[-96.59699399963257,32.833768000194205],
[-96.59682899977612,32.83368600019939],[-96.5966360003306,32.83361299970765],[-96.59583000041664,32.83324599987282],[-96.59568700030152,32.8331950002755],[-96.59568200027864,32.83331799978727],[-96.59567700025578,32.83344699986538],[-96.59565399979124,
32.834065000360695],[-96.59552699956963,32.83407100030046],[-96.59547800006415,32.83407299977707],[-96.59543100020848,32.83407399989279],[-96.5953550000405,32.83407600012415],[-96.59527700022268,32.83407800035547],[-96.59519500020691,32.834079999831935],
[-96.59511400001607,32.83408200006316],[-96.59500199986307,32.83408499965511],[-96.59488899988517,32.83408800000178],[-96.59478900032606,32.83409100034833],[-96.59466499957918,32.834093999939974],[-96.59451300014153,32.83409799964695],[-96.59435099975983,
32.83410200010855],[-96.59427700013998,32.83410400033929],[-96.59417400020781,32.83410699993049],[-96.59402600006982,32.83411000027641],[-96.59385199999255,32.8341150000979],[-96.5872389999262,32.83415099971009],[-96.57883499993184,32.83420700008424],
[-96.57872100012902,32.834208000198366],[-96.57838899986801,32.83418300035954],[-96.57140199970786,32.83420700008424],[-96.57111499965269,32.834208000198366],[-96.56875999966003,32.83426900034939],[-96.56807699976974,32.83428600001279],[-96.56774000038415,
32.834287000126096],[-96.56725400013735,32.83428900035266],[-96.56640700021553,32.83433099981649],[-96.56633799972022,32.83419899992512],[-96.56472400024252,32.83063999965192],[-96.56456699988368,32.830293999913565],[-96.56447800019522,32.83009799962502],
[-96.56443700018734,32.8300220002286],[-96.5642790000036,32.83018499995669],[-96.56411400014714,32.83032500028541],[-96.56383799996263,32.83057100029606],[-96.5632510003318,32.831119999988694],[-96.56300299973636,32.83138099998862],[-96.5623509998082,
32.83195300015136],[-96.56154300024444,32.83274800037584],[-96.56105600017271,32.83325699973772],[-96.56100099992112,32.83332499990164],[-96.56069600032261,32.833614999949404],[-96.56064400044406,32.83363500009999],[-96.55993899991414,32.83368299983914],
[-96.55997700044728,32.834138999840974],[-96.56000199966333,32.83443199982957],[-96.56008600022723,32.83467899989323],[-96.56016499986995,32.83491099994141],[-96.56023600001507,32.835067999880565],[-96.56037099973427,32.835419999735244],[-96.56052200024533,
32.835812999879735],[-96.560569000101,32.83620499970256],[-96.56057400012386,32.83660600008909],[-96.56057300029896,32.83699800018449],[-96.56057099975081,32.8374369999542],[-96.560569000101,32.83780599997264],[-96.56056599972793,32.83825999979533],
[-96.56056400007812,32.83865400026336],[-96.56056099970507,32.839070000292566],[-96.56055999988016,32.83947500003395],[-96.56055900005526,32.840465999801296],[-96.56055800023034,32.8409190003219],[-96.56035800021381,32.84091600020608],[-96.56023400036524,
32.840915000167456],[-96.556289000286,32.84084799981826],[-96.55627400021739,32.84084799981826],[-96.55621700031598,32.84671100010129],[-96.55605300028445,32.84670900015461],[-96.55586300031365,32.84670900015461],[-96.55566199957389,32.84671699994106],
[-96.5555710002356,32.846719999860795],[-96.5555639996646,32.84670500026112],[-96.55545900008262,32.84667600027328],[-96.55546400010547,32.846722999780425],[-96.55525400004319,32.84673000034716],[-96.55505900004952,32.8467429999967],[-96.55493299965282,
32.846710000127956],[-96.55487999994939,32.84681099964168],[-96.55429199959534,32.84687400013201],[-96.55380200004888,32.84688099993218],[-96.55327800016723,32.846678000220706],[-96.55327899999214,32.84682699995018],[-96.55315400031867,32.84678399963352],
[-96.55297199984548,32.8468450001994],[-96.55290800027139,32.84681700022941],[-96.55273500001901,32.846795000085066],[-96.5526489998053,32.84688699976046],[-96.5527540002856,32.847122000261976],[-96.55267599956947,32.847283000358765],[-96.5526279998889,
32.847232999736555],[-96.55254500004823,32.84716299972371],[-96.55228399993231,32.84717500009638],[-96.55233300033612,32.84733000029916],[-96.55228999978009,32.847367999767066],[-96.55223600025174,32.84742500007047],[-96.55215300041105,32.84738499994082],
[-96.55197099993786,32.84750600024008],[-96.55182000032512,32.8476019997863],[-96.55152800024707,32.84756399966388],[-96.55080599999872,32.84746800007655],[-96.55073200037889,32.84804199989961],[-96.55073200037889,32.848163000057745],[-96.55066600025663,
32.84816000018679],[-96.54987200003825,32.848146000033026],[-96.5493759997457,32.84859699994134],[-96.54934399995865,32.84855700033995],[-96.54918300030016,32.84836999996441],[-96.54907899964478,32.84826999991664],[-96.54901500007068,32.84818799973306],
[-96.5489459995754,32.848072000153806],[-96.54889500042007,32.848000000130476],[-96.54886500028287,32.84797099981112],[-96.54880500000839,32.84795399974961],[-96.54865400039566,32.84796000025999],[-96.54848000031839,32.84793699968485],[-96.54837599966301,
32.847907000139706],[-96.54811899974504,32.847796999959904],[-96.54805599999587,32.84775500007481],[-96.54800699959205,32.84769799998337],[-96.54797999982787,32.84762800033736],[-96.54795200023878,32.847492999947654],[-96.54791700007868,32.84737500028292],
[-96.547826999667,32.84715799988239],[-96.5476869999249,32.84719200030716],[-96.54758999984054,32.84720899975993],[-96.54749899960395,32.847229999834155],[-96.54744300042574,32.84722599996415],[-96.547397000395,32.847204999888966],[-96.54728500024201,
32.84712300023066],[-96.54670399956065,32.846733000266454],[-96.54645000001575,32.84657599982605],[-96.5462209996869,32.84644300005284],[-96.5460730004472,32.846379000034204],[-96.54595600027135,32.846357999758595],[-96.54585900018695,32.846352999871925],
[-96.54566099982024,32.846357999758595],[-96.54547500004739,32.84640700014239],[-96.54535299984865,32.846479999924625],[-96.54530400034318,32.846525000339454],[-96.54525099974141,32.846572999901454],[-96.54509199973276,32.84674999980714],[-96.5449689997091,
32.84693499988133],[-96.5449129996326,32.84707100033443],[-96.54489799956399,32.84718299984082],[-96.54489300043944,32.847423000139884],[-96.54490299958687,32.8476449997066],[-96.54493699992206,32.84783599994321],[-96.545009999717,32.848017000183155],
[-96.54508900025802,32.848130999919725],[-96.54518100031952,32.8482500000445],[-96.54536399971931,32.848416000129625],[-96.54559399987309,32.84859300013295],[-96.54568400028478,32.848676999844656],[-96.54571699989673,32.848704999982495],[-96.54573000031553,
32.84871400029443],[-96.54575200005682,32.84873400006198],[-96.54576200010256,32.848738999814515],[-96.54577200014833,32.84874800012299],[-96.54578399984388,32.848752999874726],[-96.54579399988961,32.848762000181786],[-96.54580399993537,32.84876699993273],
[-96.54581700035416,32.84877600023842],[-96.54583900009547,32.848795000042166],[-96.54585199961595,32.84880400034496],[-96.54587699973031,32.84882599999126],[-96.54588400030131,32.84883500029092],[-96.54589299962383,32.848842999885726],[-96.54590600004262,
32.848856999929524],[-96.54591199989041,32.84886500027704],[-96.54595999957098,32.84891300008272],[-96.54597299998977,32.84892400027035],[-96.54598899988329,32.848934999701996],[-96.54600800014987,32.84894399999059],[-96.5460240000434,32.84895200033025],
[-96.54603999993692,32.84896399970631],[-96.5460600000284,32.84897200004418],[-96.54607599992194,32.84897799973108],[-96.54609199981546,32.848986000067626],[-96.54615999958753,32.849015000055296],[-96.54618499970188,32.84903199991359],[-96.54620200031863,
32.849040000245274],[-96.54622999990771,32.84905999993936],[-96.54625900022005,32.84908200027687],[-96.54630699990061,32.849124000288555],[-96.54632299979414,32.84913599964141],[-96.54634899973341,32.849157999960035],[-96.54637100037303,32.84918000027325],
[-96.54639300011435,32.849202999771585],[-96.54641200038091,32.849230999743405],[-96.54642800027445,32.849250000204414],[-96.54644400016795,32.84927199974014],[-96.54646900028233,32.84930600010961],[-96.54648799965058,32.84933300010513],[-96.54650100006937,
32.84934999990252],[-96.54652000033595,32.84939199978734],[-96.54652600018372,32.84940799963044],[-96.54652799983354,32.84942799999627],[-96.54653500040456,32.84944699966043],[-96.54654100025235,32.84946899990201],[-96.54654299990216,32.84948800031205],
[-96.54655499959773,32.84953499983924],[-96.54657899988717,32.84963499997081],[-96.54659399995579,32.8497119998746],[-96.54660400000154,32.84984699990724],[-96.54659300013087,32.84987900018115],[-96.54657499968921,32.84995599987315],[-96.54656800001652,
32.85001100015134],[-96.54656700019162,32.85002699988282],[-96.54655899979569,32.850113000371174],[-96.54655700014587,32.8502090001158],[-96.54655299994789,32.85022499981159],[-96.54655100029808,32.85031299997354],[-96.54655299994789,32.85036500023403],
[-96.54655600032096,32.85039000004362],[-96.54656200016873,32.85041799964095],[-96.54657700023736,32.850467999977944],[-96.5465949997807,32.85053699971754],[-96.54660400000154,32.85058600005783],[-96.54662300026811,32.85062199978228],[-96.54665400023025,
32.8506639998198],[-96.546664000276,32.85067200000434],[-96.54668900039036,32.850703000052384],[-96.54672799985009,32.85073699987354],[-96.54673399969786,32.85074500005155],[-96.54677200023102,32.85077799992912],[-96.54678499975151,32.850795000204286],
[-96.54680700039111,32.85081999989273],[-96.54687400033826,32.85087600031646],[-96.54688699985874,32.85088199987458],[-96.54695200015607,32.850912999849264],[-96.54699999983666,32.850935999653096],[-96.54705799956298,32.850967000363575],[-96.54709699992102,
32.85098399984787],[-96.5471510003477,32.85101299993723],[-96.54721900011977,32.85105499978966],[-96.54729600011267,32.851108000293735],[-96.54735700021203,32.8511419999597],[-96.54740900009057,32.85116800022816],[-96.54747299966468,32.851201999871144],
[-96.54752100024356,32.85123299973402],[-96.54758200034293,32.85128099976813],[-96.54760699955898,32.85131099968192],[-96.54764799956685,32.8513779996792],[-96.54767699987917,32.851428000229916],[-96.54769799979557,32.8514670001267],[-96.54773600032873,
32.8515169998726],[-96.54777499978846,32.85156100007846],[-96.5477840000093,32.85157499969344],[-96.54781300032163,32.85160899993514],[-96.54782800039023,32.851627999886965],[-96.54785699980422,32.85166100019081],[-96.54787299969776,32.851678000296815],
[-96.54788600011655,32.85168900014167],[-96.54794999969066,32.8517320003455],[-96.54799499989649,32.85177100010873],[-96.54802599985862,32.85180400035932],[-96.54805799964568,32.85183500001188],[-96.54806799969141,32.85184599983735],[-96.54808100011022,
32.851854999830685],[-96.54811899974504,32.85188800005011],[-96.54812899979079,32.85190500011261],[-96.54813499963856,32.851926999744755],[-96.54813399981367,32.85194900012607],[-96.54812700014095,32.85195700019475],[-96.54811399972216,32.85196199976568],
[-96.54808899960781,32.85196800000508],[-96.5480650002167,32.85197799990004],[-96.5480519997979,32.85199200020389],[-96.54804799959994,32.85200800033283],[-96.54805400034603,32.852021999877294],[-96.5480529996228,32.85207699962956],[-96.54804000010233,
32.85209299974318],[-96.5480099999651,32.852108999853854],[-96.54798999987364,32.85211699990817],[-96.54797399998009,32.85213100019009],[-96.54795999973639,32.85215000003014],[-96.54794700021591,32.85217699991497],[-96.54794300001795,32.85219300001056],
[-96.54793600034526,32.85222099979354],[-96.54793399979711,32.85230100020295],[-96.54792799994934,32.85244300018594],[-96.54792600029951,32.852507000359104],[-96.54792299992646,32.852519999916964],[-96.54792100027665,32.85259700033582],[-96.54792100027665,
32.85273700003426],[-96.54791700007868,32.85278099963514],[-96.54791000040599,32.852822000255486],[-96.54790200001005,32.85286400000625],[-96.54789100013943,32.85292699997246],[-96.5478839995684,32.852945999642046],[-96.54787000022301,32.85301399981629],
[-96.5478479995834,32.85308499964298],[-96.54782800039023,32.853148000206915],[-96.54780999994856,32.853187000102345],[-96.5477840000093,32.85322500008072],[-96.54775999971986,32.85324899993957],[-96.54773700015363,32.85327600024462],[-96.54771299986419,
32.85330600023848],[-96.54767699987917,32.853348999658714],[-96.5476430004423,32.85339299971074],[-96.5476230003508,32.85342299966504],[-96.54757599959684,32.85348500009199],[-96.54754499963471,32.8535370000028],[-96.54749699995412,32.85364400017335],
[-96.54747000018993,32.85370100021849],[-96.54743599985476,32.85375800022708],[-96.54739599967179,32.853807000297884],[-96.54733700012055,32.85385000022991],[-96.54726099995257,32.853898000357525],[-96.54720700042421,32.85395799991459],[-96.54714999962448,
32.85401700029473],[-96.54709699992102,32.85407200031957],[-96.54705400026334,32.85412000032707],[-96.5470099998824,32.8541690001979],[-96.54695700017895,32.85422099970787],[-96.54688699985874,32.85428599999572],[-96.54683699963003,32.85432899969558],
[-96.54679399997234,32.85436899971357],[-96.54676399983511,32.8544159996739],[-96.5467429999187,32.854465000135946],[-96.54672899967501,32.854518999997715],[-96.54671799980436,32.85455800004514],[-96.54670100008592,32.85460699967406],[-96.54668099999442,
32.85464499979889],[-96.54663999998655,32.85470800000975],[-96.54660599965135,32.85475900007577],[-96.54658899993291,32.85479199996966],[-96.54656899984144,32.854847000268705],[-96.54655100029808,32.854929000335645],[-96.54654999957485,32.85496499980731],
[-96.54654499955198,32.85502199975847],[-96.54654999957485,32.85510199990615],[-96.54654899974994,32.85515999964735],[-96.54655100029808,32.85520400031052],[-96.54655899979569,32.855294999691885],[-96.54656700019162,32.85535300006156],[-96.54658300008514,
32.855400000255294],[-96.5465949997807,32.85543000028559],[-96.54664199963636,32.855512999687825],[-96.54667699979646,32.855560999670345],[-96.54673700007092,32.85564100008662],[-96.54678399992659,32.85570799983264],[-96.54679700034538,32.855726999661265],
[-96.54682499993449,32.855764000189694],[-96.54685400024678,32.85580500018618],[-96.54687900036114,32.85584399966828],[-96.54689199988164,32.85586099972744],[-96.54691399962292,32.85589399996606],[-96.54694200011033,32.85594400023566],[-96.54695499963081,
32.855961000275634],[-96.54697300007247,32.85599399972243],[-96.54699499981378,32.856030000271204],[-96.54702099975304,32.85606600005073],[-96.54705500008824,32.85611600022338],[-96.54706500013397,32.856133000230415],[-96.54709299972308,32.856166000367864],
[-96.54712200003539,32.856193999651644],[-96.5471570001955,32.85622500003426],[-96.54720200040134,32.85625599965135],[-96.54724099986109,32.85627599998284],[-96.5472700001734,32.85628700001229],[-96.54730899963313,32.85628799987771],[-96.54733499957241,
32.85628299979591],[-96.54735800003695,32.85627799971384],[-96.54738099960316,32.85627299963155],[-96.54741999996122,32.85627299963155],[-96.5474459999005,32.85628199993045],[-96.5474679996418,32.85629600030977],[-96.54749399958106,32.85631300028224],
[-96.54751600022068,32.856330000251525],[-96.5475520002057,32.85635200029567],[-96.54757099957396,32.85635800023818],[-96.54759700041156,32.85635900010279],[-96.54761699960471,32.85635300016034],[-96.54764000006924,32.856354000025014],[-96.54765900033581,
32.856359999967395],[-96.5476850002751,32.856374000334355],[-96.54768100007713,32.8563850003517],[-96.54767400040444,32.85640599976351],[-96.54766699983342,32.85643100013486],[-96.54765699978769,32.856453000153955],[-96.54764699974194,32.85646699975166],
[-96.54763300039657,32.85648799989869],[-96.5476230003508,32.85649899990185],[-96.54760699955898,32.85652400024699],[-96.54757599959684,32.856567000371406],[-96.54754899983266,32.856613000060186],[-96.54751500039578,32.8566710003228],[-96.54749500030428,
32.85671400037595],[-96.54747100001484,32.8567719998179],[-96.54745599994624,32.85684299965564],[-96.54744900027353,32.856894999862135],[-96.54743400020493,32.85696899992928],[-96.54743000000695,32.85702100006193],[-96.547425999809,32.85705399986905],
[-96.54743400020493,32.85711500016625],[-96.54745799959605,32.857189000049885],[-96.54747000018993,32.857234000316026],[-96.54747299966468,32.85725600013599],[-96.5474819998855,32.857302000222134],[-96.54749100010633,32.85735800032761],[-96.54750199997699,
32.85741299979044],[-96.54753399976404,32.857459999647375],[-96.5475949998634,32.85750800008568],[-96.54764900029008,32.85754200031754],[-96.54767799970408,32.85756400006111],[-96.5477139996891,32.857585999799234],[-96.54774200017651,32.857605999830874],
[-96.54776499974272,32.85762300030693],[-96.54778099963625,32.85764300033017],[-96.54779999990282,32.85766800035292],[-96.54781199959838,32.85768699976183],[-96.54782199964413,32.85770599992124],[-96.54785299960626,32.85776199977167],[-96.54786500020015,
32.85778699976088],[-96.54788699994147,32.85782000003768],[-96.54792200010156,32.857859000143186],[-96.5479609995613,32.85789599978241],[-96.54798300020092,32.857912000355796],[-96.5480309998815,32.85794599967819],[-96.54804099992724,32.857954999807426],
[-96.54806699986652,32.85796899992266],[-96.54809600017883,32.857986000329205],[-96.54813100033891,32.85800299997782],[-96.54817300017172,32.858022999915455],[-96.54819900011098,32.858038999711326],[-96.54825299963935,32.858072999739655],[-96.54827199990592,
32.858097999641224],[-96.54829500037046,32.858120999846264],[-96.54832999963223,32.85814099975729],[-96.54838499988382,32.85815800013082],[-96.5484329995644,32.85817499974654],[-96.5485010002348,32.858197999931626],[-96.54863099993112,32.85824099999917],
[-96.5486789996117,32.858259000196725],[-96.54873700023634,32.85829300014075],[-96.54876900002338,32.858314999698074],[-96.54881699970396,32.8583519999017],[-96.54884600001628,32.85838499996831],[-96.54888399965111,32.85843200006486],[-96.54891200013851,
32.85846599994258],[-96.54893399987984,32.85849899996678],[-96.54894099955251,32.858517999952305],[-96.54894300010065,32.85854299972841],[-96.54893300005492,32.85857099977119],[-96.54892600038221,32.85858999974124],[-96.54893200023001,32.85861500025171],
[-96.5489539999713,32.85862900026284],[-96.5489670003901,32.85863199977985],[-96.54899300032938,32.85862900026284],[-96.54902299956828,32.85862100004111],[-96.54904600003282,32.8586110001403],[-96.54906600012431,32.85859700012639],[-96.54910299993422,
32.85855900018514],[-96.54912600039876,32.85853500025359],[-96.54915499981276,32.85852200006785],[-96.5491780002773,32.85851899979252],[-96.5492200001101,32.858527999863604],[-96.54924600004937,32.858533999658896],[-96.54928200003437,32.85853500025359],
[-96.54934700033171,32.85854400032299],[-96.54938300031672,32.85854500016297],[-96.54942500014951,32.85853699993372],[-96.549445000241,32.85852600018327],[-96.54946799980722,32.858508000039826],[-96.54946799980722,32.85849800012628],[-96.54948200005092,
32.85849099973337],[-96.54949200009666,32.858478000295804],[-96.5495020001424,32.8584609999836],[-96.54951600038609,32.858440000303574],[-96.54952899990657,32.85842299998409],[-96.54954899999807,32.858402000295136],[-96.54956599971649,32.858388000248176],
[-96.54959500002883,32.858364000270356],[-96.54961199974726,32.85835299974384],[-96.54963199983874,32.858345000251894],[-96.54964799973227,32.85834299981282],[-96.5496710001968,32.858337000004546],[-96.54979099984739,32.858338999689146],[-96.5498269998324,
32.85835100005956],[-96.54985600014473,32.85836799963829],[-96.54986600019046,32.858374000199014],[-96.54990100035057,32.85841300006096],[-96.54992899993965,32.85844299982698],[-96.5499590000769,32.858418999864035],[-96.54996599974959,32.858408000098954],
[-96.54996900012263,32.85839400005293],[-96.54999300041209,32.858337000004546],[-96.55001000013051,32.858314999698074],[-96.55004299974247,32.85828800017202],[-96.55006600020701,32.85827800023362],[-96.55009600034424,32.85826699969649],[-96.55021299962179,
32.85825500006933],[-96.55022600004058,32.85825500006933],[-96.55024000028428,32.85825299962822],[-96.55025600017782,32.85825299962822],[-96.55026899969829,32.85825099994169],[-96.55029200016281,32.85824799965719],[-96.55031100042939,32.85824900025511],
[-96.55032800014783,32.858245999970535],[-96.55035400008711,32.85824900025511],[-96.55037300035367,32.85825199978496],[-96.55038900024721,32.85825800035354],[-96.55040199976767,32.85826599985339],[-96.55041500018646,32.85827800023362],[-96.55042799970694,
32.85829200029793],[-96.55043699992777,32.858313999855504],[-96.55043299972981,32.85834100012832],[-96.55042900043017,32.85836599995434],[-96.55042799970694,32.858402000295136],[-96.55043500027796,32.85841499974385],[-96.55044399960047,32.85842399982543],
[-96.55045100017148,32.858435000343135],[-96.55047600028584,32.85845699986526],[-96.55049899985207,32.85846599994258],[-96.55053800021011,32.85846400026084],[-96.55055699957838,32.85845900030176],[-96.55058000004291,32.85845299974673],[-96.55060699980709,
32.85844299982698],[-96.55062299970062,32.858440000303574],[-96.55066899973139,32.85843799986671],[-96.55070800008943,32.8584329999061],[-96.55072099960991,32.858431000223625],[-96.55073700040174,32.85842799994521],[-96.55077800040964,32.85842899978648],
[-96.55079299957994,32.858435000343135],[-96.55080500017381,32.85844299982698],[-96.55080500017381,32.85845699986526],[-96.55079799960279,32.85847099990133],[-96.55078799955706,32.85848700037099],[-96.55078099988437,32.8584949998502],[-96.55076800036389,
32.85851100031553],[-96.5507549999451,32.858525000343086],[-96.55070800008943,32.85856800025212],[-96.5506779999522,32.85858999974124],[-96.55062900044672,32.85861900036293],[-96.55059299956339,32.85863199977985],[-96.55054700043095,32.85864499994941],
[-96.55051700029371,32.85865300016897],[-96.55045899966909,32.85866300006504],[-96.55038699969906,32.8586620002264],[-96.55034099966831,32.8586589999558],[-96.55030899988125,32.85865499984638],[-96.550282999942,32.85865200033021],[-96.55025000033002,
32.858643000271705],[-96.55024100010921,32.85863800032271],[-96.55023100006343,32.85862900026284],[-96.55022500021566,32.858616000090876],[-96.55022199984262,32.858598999805075],[-96.55022400039077,32.8585329998188],[-96.55022199984262,32.85852100022762],
[-96.55021799964466,32.85850300008322],[-96.55020799959891,32.85848599977576],[-96.55018900023065,32.858478000295804],[-96.55017300033714,32.85847500001898],[-96.55014700039786,32.85847400017822],[-96.55013700035212,32.858479000136526],[-96.55012999978112,
32.858495999690724],[-96.5501289999562,32.85852299990807],[-96.55012599958314,32.858537999773766],[-96.5501220002835,32.85855900018514],[-96.5501220002835,32.85856999993151],[-96.55011100041287,32.858599999644426],[-96.55009799999407,32.858616000090876],
[-96.55008200010053,32.858624000313],[-96.55004799976535,32.85865099973684],[-96.55003500024488,32.8586589999558],[-96.5500090003056,32.858669999689766],[-96.54998599984107,32.858669999689766],[-96.54996300027484,32.85866600033544],[-96.54992800011475,
32.858658000117124],[-96.54989499960448,32.85864900005928],[-96.54987600023621,32.858645999788244],[-96.54986000034268,32.85864000000052],[-96.54982099998463,32.858620000202],[-96.5497980004184,32.85861199997953],[-96.54978599982451,32.8586060001895],
[-96.54971899987737,32.85858999974124],[-96.54968399971727,32.858612999818725],[-96.54967799986949,32.85862100004111],[-96.5496710001968,32.85863199977985],[-96.54966699999883,32.85864499994941],[-96.54966699999883,32.85868399969222],[-96.54966299980087,
32.85870299963808],[-96.54964899955719,32.85874100027224],[-96.54961599994522,32.85878199964739],[-96.54960599989947,32.858787000342936],[-96.54958900018103,32.85880600026673],[-96.54955599967076,32.85883099996172],[-96.54953300010453,32.85884700036646],
[-96.54950999964001,32.85885999974996],[-96.54947000035534,32.858870000377294],[-96.54942799962424,32.85887799982196],[-96.54931299999652,32.858895000054254],[-96.54929000043029,32.85889800031686],[-96.54926100011798,32.858899999988814],[-96.54924799969919,
32.858903000251196],[-96.54921900028518,32.85890199966072],[-96.54920599986639,32.85889900015284],[-96.5491439999421,32.85889800031686],[-96.54913399989636,32.85890400008712],[-96.54911800000285,32.85891200028327],[-96.54910100028441,32.858917000216884],
[-96.5490589995533,32.858913000119095],[-96.54902299956828,32.858915999626504],[-96.54900000000207,32.85892100031449],[-96.54897400006281,32.85892899975449],[-96.5489380000778,32.85893900037406],[-96.54890200009278,32.85894900023789],[-96.54888799984909,
32.85896300019631],[-96.54886500028287,32.85897099963253],[-96.54881000003127,32.85896999979736],[-96.54878699956674,32.85896700029184],[-96.54875200030494,32.8589580002653],[-96.54872299999263,32.85894900023789],[-96.54870999957383,32.858944000306145],
[-96.54867100011408,32.85893200001596],[-96.54862199971028,32.85891800005265],[-96.54858300025055,32.858909000021185],[-96.54855099956518,32.858899999988814],[-96.54849899968664,32.85888500018433],[-96.54846400042486,32.858876999985746],[-96.54843099991457,
32.85887899965817],[-96.54833700020325,32.858876999985746],[-96.54831700011178,32.85887399972243],[-96.54827799975371,32.85887399972243],[-96.54824599996667,32.858870000377294],[-96.5481999999359,32.85886399985013],[-96.54816099957785,32.8588580000771],
[-96.54811200007235,32.85884599977534],[-96.54804099992724,32.858834000226445],[-96.54801499998797,32.85883099996172],[-96.54792799994934,32.858812999880165],[-96.54790200001005,32.85880700010376],[-96.54787199987285,32.858798999898134],[-96.54781400014652,
32.8587809998101],[-96.54776599956763,32.85876100004342],[-96.54773399978059,32.85874700005312],[-96.54767900042731,32.85872700027878],[-96.54761400012998,32.85870400023085],[-96.54754299998487,32.858686000123605],[-96.54752299989339,32.85868299985381],
[-96.5474810000606,32.858673999798505],[-96.547425999809,32.858659999794476],[-96.54739400002195,32.858648000220484],[-96.5473549996639,32.85863099994085],[-96.54731000035638,32.85861399965792],[-96.54728699989184,32.85860299991701],[-96.54717399991391,
32.85854900027734],[-96.54715200017263,32.85854000020845],[-96.54711000033983,32.85851700011203],[-96.54706799960873,32.85849700028578],[-96.54702900014898,32.85847999997722],[-96.5469870003162,32.85846299966535],[-96.54692899969154,32.858440000303574],
[-96.54686799959217,32.85841999970541],[-96.54677399988084,32.85839400005293],[-96.54674499956853,32.85838499996831],[-96.54666699975073,32.858366999796324],[-96.54660900002442,32.85835500018268],[-96.54653700005439,32.85833799984686],[-96.54642099970343,
32.8583110003278],[-96.54637899987063,32.85829999979472],[-96.5463400004109,32.85829099970056],[-96.54625500002207,32.85827300026404],[-96.5462130001893,32.85826400016713],[-96.54617399983123,32.85825500006933],[-96.5461360001964,32.858244000283854],
[-96.5461160001049,32.858240000155774],[-96.54606800042433,32.858222999797896],[-96.54605099980758,32.85821500029423],[-96.54603200043933,32.858206000191444],[-96.54598700023347,32.85818300000843],[-96.54589699982178,32.85812699966914],[-96.54583599972243,
32.858090000126275],[-96.5458199998289,32.85808199985599],[-96.54580700030841,32.858072999739655],[-96.54575899972953,32.85804799983111],[-96.54572000026977,32.858031000191055],[-96.54570100000322,32.85801999962324],[-96.54565900017042,32.85800200013174],
[-96.54561399996457,32.857982000189445],[-96.54559399987309,32.85797399990942],[-96.54557499960652,32.85796300008915],[-96.54553600014677,32.85794499983147],[-96.54550099998667,32.85792800017174],[-96.54548500009314,32.85791999988685],[-96.54547199967436,
32.85791400004998],[-96.54545900015387,32.857905999763815],[-96.54543999988731,32.85789400008783],[-96.54542700036681,32.857885999799876],[-96.54540800010025,32.85787499996864],[-96.5453980000545,32.857865999831354],[-96.54538800000877,32.857860999838564],
[-96.54537499958997,32.85785499999769],[-96.54536600026745,32.857846999706226],[-96.5453400003282,32.85783500002225],[-96.54533000028243,32.85783000002765],[-96.54531100001586,32.8578209998858],[-96.54529500012234,32.85781000004656],[-96.54527900022882,
32.85780400020225],[-96.54525900013732,32.85779500005776],[-96.54522700035027,32.85777800036929],[-96.54520800008372,32.85777300037148],[-96.54519200019018,32.857764000223845],[-96.5451720000987,32.85775800037642],[-96.54515600020517,32.85775299962292],
[-96.54513699993859,32.85774699977481],[-96.54512400041813,32.857740999926236],[-96.54510799962628,32.857735000077255],[-96.54509099990784,32.85773199977535],[-96.54507500001431,32.857726999774954],[-96.54506199959552,32.85772400022735],[-96.54502999980846,
32.857718000377275],[-96.54501700028801,32.85771500007475],[-96.54498399977771,32.85770900022406],[-96.54497100025723,32.85770800037467],[-96.54495199999067,32.8577050000718],[-96.54486400012712,32.85770400022237],[-96.54484400003564,32.85770599992124],
[-96.54482200029433,32.85770599992124],[-96.54478200011135,32.857710999922816],[-96.54476600021783,32.85771599992406],[-96.54474000027857,32.857720999925085],[-96.54473000023282,32.857726999774954],[-96.54471699981404,32.85772900022793],[-96.54470400029355,
32.85773400022815],[-96.5446869996768,32.85773699977542],[-96.5446220002778,32.85776300037507],[-96.54461200023205,32.85777099991951],[-96.54460200018629,32.85777699976605],[-96.54459200014055,32.857785000063835],[-96.54457200004909,32.85780900019831],
[-96.54456500037638,32.85782000003768],[-96.54455799980536,32.85782800033158],[-96.5445450002849,32.85785000000429],[-96.54453500023914,32.857860999838564],[-96.54452799966815,32.857871999671474],[-96.54450799957665,32.85789400008783],[-96.54450099990396,
32.85790200037506],[-96.54449099985821,32.85791300020289],[-96.54448099981248,32.85792099973386],[-96.54447199959164,32.857925999723264],[-96.54444499982746,32.857942000291295],[-96.54442200026124,32.85793899999634],[-96.54440600036773,32.85793599970129],
[-96.54431500013112,32.85793499985446],[-96.54430500008537,32.85792300018239],[-96.54429300038983,32.857912000355796],[-96.54427999997104,32.85790400006946],[-96.54426999992528,32.8578980002315],[-96.54425099965871,32.85789199963858],[-96.54422499971943,
32.857885999799876],[-96.54418299988664,32.857885999799876],[-96.54417299984091,32.85789099979126],[-96.54417899968868,32.85790200037506],[-96.54418899973442,32.85791099975408],[-96.544208000001,32.857927000324814],[-96.54422399989451,32.85793599970129],
[-96.54422999974231,32.8579439999848],[-96.54423999978806,32.857954999807426],[-96.54423899996314,32.85796899992266],[-96.54423300011536,32.85797999974224],[-96.54421899987166,32.85798800002171],[-96.5441870000846,32.85798700017546],[-96.5441739996658,
32.857984999728316],[-96.54416100014534,32.857982000189445],[-96.54414500025182,32.857976000356814],[-96.54412199978727,32.85796700022972],[-96.54410000004599,32.85795899994835],[-96.54407999995448,32.85794999981959],[-96.54405800021317,32.857940999689916],
[-96.54402200022817,32.85793300016075],[-96.54400600033463,32.857929999865554],[-96.54395000025814,32.85793200031388],[-96.54393699983935,32.85793700030274],[-96.54392099994583,32.85793899999634],[-96.54390099985433,32.857942000291295],[-96.54386499986933,
32.857938000149545],[-96.5438489999758,32.85793499985446],[-96.543835999557,32.857929999865554],[-96.54381999966348,32.857924000029364],[-96.54380100029522,32.85791499989704],[-96.54378799987643,32.85790700036559],[-96.54377500035596,32.85790099977323],
[-96.5437650003102,32.85789599978241],[-96.54375899956412,32.857884999952475],[-96.54376600013512,32.85787599981614],[-96.54376299976208,32.85785400014995],[-96.54376000028735,32.85783000002765],[-96.54375100006651,32.85781800034137],[-96.54374100002077,
32.85781300034587],[-96.54372799960198,32.85780699974715],[-96.54369199961697,32.85780699974715],[-96.54361399979915,32.85780500005057],[-96.54360100027868,32.85780199975103],[-96.54358500038515,32.857799000205965],[-96.54357199996636,32.857799000205965],
[-96.54355900044588,32.85779599990618],[-96.54353000013357,32.8577930003609],[-96.54349400014856,32.85778699976088],[-96.54347499988198,32.85778699976088],[-96.5434549997905,32.857784000215304],[-96.5433769999727,32.85778199976364],[-96.54335799970612,
32.857779000217896],[-96.54314299962097,32.85777599991742],[-96.54312599990253,32.85777300037148],[-96.54309400011547,32.85777000007081],[-96.5430609996052,32.85776599992136],[-96.54304800008472,32.85776599992136],[-96.5430320001912,32.85776300037507],
[-96.54301899977241,32.85776300037507],[-96.54300299987888,32.85776000007407],[-96.54297399956656,32.85775900022525],[-96.54296100004608,32.85775699977302],[-96.54293500010682,32.85775599992416],[-96.54291800038838,32.85775299962292],[-96.54274900033398,
32.857750000076194],[-96.54272300039472,32.85775299962292],[-96.54267099961787,32.8577550000753],[-96.54262499958712,32.857754000226436],[-96.54261100024172,32.85775099992512],[-96.54258299975432,32.857745000076875],[-96.5425669998608,32.85773400022815],
[-96.5425540003403,32.85772500007656],[-96.54251199960919,32.8577050000718],[-96.54247399997438,32.857688000366025],[-96.54241200005009,32.857670999902425],[-96.54235099995073,32.85765599989011],[-96.54229200039948,32.85764400018031],[-96.54223399977485,
32.85763800032482],[-96.54220799983558,32.85763699972001],[-96.54215500013215,32.85764199972542],[-96.54214199971335,32.857645000030416],[-96.54212900019287,32.85764400018031],[-96.54206399989555,32.857654000190124],[-96.54203100028359,32.8576569997401],
[-96.54200500034432,32.85765900019464],[-96.54196000013849,32.85765800034468],[-96.54194000004698,32.857655000040126],[-96.54186200022917,32.857654000190124],[-96.54184200013769,32.85765099988549],[-96.54169300017477,32.85764900018538],[-96.5416310002505,
32.857653000340115],[-96.5415469996866,32.85769800037094],[-96.54143500043192,32.85773699977542],[-96.54135900026394,32.857745000076875],[-96.541314999883,32.857745000076875],[-96.54127499970004,32.85772000007583],[-96.54128300009594,32.857690999914844],
[-96.54127100040039,32.85765800034468],[-96.54123500041537,32.85764099987532],[-96.54107100038384,32.85762400015728],[-96.5409979996906,32.85762699970827],[-96.54090200032944,32.85764400018031],[-96.54087200019222,32.85765199973553],[-96.54078699980342,
32.85765900019464],[-96.54075400019143,32.85766099989452],[-96.54072200040439,32.857665999898586],[-96.54065600028215,32.857670999902425],[-96.54063100016779,32.85767400020643],[-96.54055499999981,32.85767400020643],[-96.54037599989968,32.857688000366025],
[-96.54015199959368,32.85773199977535],[-96.54011200030902,32.85774699977481],[-96.53998699973725,32.857765000072604],[-96.53995699960001,32.85777199976819],[-96.53990499972147,32.857788000363996],[-96.53987499958424,32.85779599990618],[-96.53981900040607,
32.85781699973866],[-96.53979299956848,32.85783000002765],[-96.53976300032957,32.85784099986441],[-96.53970100040529,32.85786699967897],[-96.53967799994075,32.85787800026575],[-96.5396520000015,32.85789099979126],[-96.53962900043527,32.85790200037506],
[-96.53960500014583,32.85791499989704],[-96.53955900011508,32.85793700030274],[-96.53951999975702,32.85796099964146],[-96.53950300003858,32.8579720002166],[-96.5394770000993,32.85799300000735],[-96.53946000038087,32.858008999808675],[-96.53944699996208,
32.858022999915455],[-96.53943299971837,32.858033999728285],[-96.53941699982485,32.85804399969414],[-96.53940000010641,32.858057999795385],[-96.53936699959613,32.85807900032039],[-96.53933700035722,32.85810099993079],[-96.53932099956536,32.85810900019936],
[-96.53930399984694,32.85812000000152],[-96.53928799995342,32.85812800026843],[-96.53926799986193,32.85813599977995],[-96.53924899959536,32.8581459997343],[-96.53923500024997,32.85814900002225],[-96.53921199978542,32.858158999975146],[-96.53919300041716,
32.85816700023849],[-96.53917300032569,32.85817300005825],[-96.53915700043217,32.85818100032031],[-96.53914300018846,32.85818899982706],[-96.53913300014273,32.858197000087735],[-96.53912999976966,32.85820799987899],[-96.53911999972392,32.858226999926806],
[-96.53910300000548,32.85825099994169],[-96.5390260000126,32.85834299981282],[-96.53899900024842,32.85837599988278],[-96.53894900001971,32.85842700010393],[-96.5389289999282,32.85845199990572],[-96.53888899974524,32.8584949998502],[-96.5388720000268,
32.85851700011203],[-96.53883900041485,32.85855199979706],[-96.53881199975235,32.858596000287015],[-96.5387809997902,32.85864499994941],[-96.53875400002603,32.85869100006989],[-96.53872100041406,32.85873999967987],[-96.53868399970584,32.858792000283536],
[-96.53865000026894,32.85884099983773],[-96.53862000013174,32.85887899965817],[-96.53859300036754,32.858917000216884],[-96.53855900003236,32.85897099963253],[-96.53854200031392,32.85901199965605],[-96.53852800007022,32.85905900017494],[-96.53851999967429,
32.85911300025875],[-96.53851499965144,32.85919599998814],[-96.53851499965144,32.85921200032703],[-96.53849399973504,32.859275000313005],[-96.53848000038964,32.85932400035493],[-96.53846899962068,32.85934899990393],[-96.53845199990225,32.85939299999855],
[-96.53843500018381,32.85943700007134],[-96.53842099994009,32.85948000029288],[-96.53841400026741,32.85950499979791],[-96.53840699969639,32.85952699980925],[-96.5384000000237,32.859553999712844],[-96.53838199958204,32.85964199967682],[-96.53838099975712,
32.85965799993532],[-96.53837800028239,32.85967500001813],[-96.53837699955916,32.85970199987666],[-96.53837300025953,32.859713000235885],[-96.53836900006156,32.859765000269164],[-96.5383649998636,32.859789999693874],[-96.53835499981787,32.8598229999801],
[-96.53834800014516,32.85983900020591],[-96.53833100042674,32.85986900024425],[-96.53831800000793,32.859886000286664],[-96.53827700000005,32.85992900029055],[-96.53826100010654,32.859959000298446],[-96.5382589995584,32.86001100018751],[-96.5382650003045,
32.860036000297484],[-96.53827399962701,32.8600660002692],[-96.53829000041884,32.86009700005324],[-96.53830600031237,32.86011599969649],[-96.53832499968064,32.8601470002176],[-96.53834700032026,32.860182999835594],[-96.53836200038887,32.86022199965679],
[-96.53836800023666,32.86024400024484],[-96.53836800023666,32.86027700036218],[-96.53835399999295,32.860308999892574],[-96.53834700032026,32.860330999704516],[-96.53834300012231,32.8603450001994],[-96.5383359995513,32.860380999737025],[-96.53832899987859,
32.860418999652275],[-96.53832399985573,32.860454999914474],[-96.53832100038099,32.860487999953236],[-96.53831299998507,32.8605209999798],[-96.53829899974136,32.86057800013398],[-96.53829200006868,32.860594000223585],[-96.53828500039597,32.860624999823095],
[-96.53826799977922,32.86067399987393],[-96.53826699995432,32.8606850001126],[-96.53826000028162,32.86073400013023],[-96.5382519998857,32.86078300012079],[-96.53824799968774,32.86083600009552],[-96.53823699981707,32.860896000242235],[-96.53822199974847,
32.86097499980763],[-96.53822099992357,32.86099700020896],[-96.53821800044882,32.86101700022608],[-96.5382169997256,32.861058000058414],[-96.53821900027374,32.86107999968459],[-96.53822199974847,32.86111300024543],[-96.53822799959624,32.86114299985293],
[-96.53823699981707,32.861175999635755],[-96.53824600003792,32.861212000345276],[-96.5382519998857,32.861229000130244],[-96.53825500025874,32.86124500010248],[-96.5382660001294,32.86132300030291],[-96.5382660001294,32.86134499986334],[-96.53826699995432,
32.8614300001374],[-96.53826299975636,32.861446000073336],[-96.53826299975636,32.86147600032274],[-96.53825600008366,32.86150700036858],[-96.53825500025874,32.86152000011684],[-96.5382519998857,32.86153399966941],[-96.53825100006078,32.86155900010471],
[-96.53825400043384,32.861581000361205],[-96.5382519998857,32.8616630002401],[-96.53825500025874,32.86168300010705],[-96.53825400043384,32.86173700010251],[-96.53825699990858,32.8617539997869],[-96.53825600008366,32.86179199986852],[-96.5382519998857,
32.86180900029691],[-96.53823799964199,32.86185299992582],[-96.53822400029661,32.86188499964222],[-96.53820400020513,32.86192100006393],[-96.53818699958838,32.86194799999331],[-96.53816700039519,32.86198900014988],[-96.53815999982419,32.86201600005863],
[-96.5381520003266,32.862060000339376],[-96.53814499975559,32.86208199971702],[-96.53813800008288,32.86211800005875],[-96.5381310004102,32.86215100023345],[-96.53812999968696,32.862194999692704],[-96.53813499970984,32.86223300033996],[-96.53814099955763,
32.86227200001433],[-96.53814700030372,32.862308000278944],[-96.5381530001515,32.862331999944224],[-96.53817700044094,32.86239899991856],[-96.53818999996142,32.862424000110046],[-96.53820900022798,32.8624540000286],[-96.5382309999693,32.8624879998738],
[-96.53827500035024,32.86254299992864],[-96.53830999961203,32.86259099988011],[-96.53833200025166,32.862620999742234],[-96.53835700036599,32.86264900000681],[-96.53837999993222,32.862666000270934],[-96.5383990001988,32.862677000262565],[-96.53843799965853,
32.86269699990086],[-96.53846699997085,32.862714000155776],[-96.5384760001917,32.862728000274466],[-96.53849200008521,32.86274700010871],[-96.53850100030604,32.86276400035405],[-96.53850799997875,32.86277200020204],[-96.53851700019958,32.86279700028833],
[-96.53852300004735,32.862819000237735],[-96.53851600037466,32.86284699968523],[-96.53851499965144,32.86288800018081],[-96.53852100039754,32.86289600001763],[-96.5385399997658,32.86292999969339],[-96.53860099986515,32.86298299989428],[-96.53867399966009,
32.86306400019713],[-96.53874700035334,32.86312800025364],[-96.5388079995544,32.86318100033626],[-96.53881799960014,32.86318999993427],[-96.53885299976022,32.86321499990272],[-96.53890399981385,32.86324600009534],[-96.53893999979887,32.863260000130104],
[-96.53897199958593,32.86327499994926],[-96.53898800037777,32.86327999963692],[-96.53901400031702,32.863288999979446],[-96.53903400040852,32.86329800032105],[-96.53906000034779,32.86330300000738],[-96.53908200008908,32.863314999706205],[-96.53911100040142,
32.863331999842664],[-96.539159000082,32.86336299999437],[-96.53917900017348,32.863373999899565],[-96.53923000022709,32.86341100025657],[-96.5392939998012,32.863461000061896],[-96.53931100041795,32.86347400027827],[-96.5393289999613,32.86348900006131],
[-96.5393640001214,32.86351700005186],[-96.53938699968762,32.8635340001496],[-96.53940900032723,32.86355100024407],[-96.53943199989345,32.86356500023069],[-96.53946100020579,32.863579000215054],[-96.5394770000993,32.86359000009346],[-96.53949299999282,
32.86360700017719],[-96.53950800006143,32.86362700036034],[-96.53952399995498,32.86364900010386],[-96.53954300022156,32.86369000022863],[-96.53954900006933,32.86370999963848],[-96.53955499991712,32.86373500021498],[-96.53957300035877,32.86378400005676],
[-96.53958300040452,32.86380100010332],[-96.53958900025229,32.86380899985779],[-96.53959799957481,32.86382899999537],[-96.5396109999936,32.86384299993806],[-96.53962100003933,32.863856999878585],[-96.53962699988713,32.8638679997225],[-96.53963299973492,
32.86387900031957],[-96.5396460001537,32.86390100000057],[-96.53965500037454,32.86391199983904],[-96.53967799994075,32.86393500004564],[-96.53968399978852,32.86394299978802],[-96.53969700020733,32.863956999712705],[-96.53971200027596,32.863973999726106],
[-96.53972499979642,32.86398200021953],[-96.53974099968994,32.86399300004794],[-96.53975699958347,32.86400200031811],[-96.53977099982718,32.86400200031811],[-96.53978699972069,32.86401300014404],[-96.53979299956848,32.86402399996861],[-96.53978900026884,
32.86404099996916],[-96.53977900022309,32.86404899970198],[-96.53975300028384,32.86405899974427],[-96.53973300019234,32.8640700003177],[-96.53969700020733,32.86407800004791],[-96.5396810003138,32.86407800004791],[-96.53966500042027,32.86408000035764],
[-96.53961199981852,32.864075999738176],[-96.53957400018369,32.8640700003177],[-96.53955400009218,32.8640700003177],[-96.53952200030514,32.86406400014231],[-96.53945299980985,32.86405700018864],[-96.5394140003501,32.86404899970198],[-96.53934300020501,
32.8640249997468],[-96.53926600021211,32.86400000000667],[-96.53923000022709,32.863990999736295],[-96.53919099986904,32.863973999726106],[-96.53917499997551,32.86396800029878],[-96.53914599966319,32.863951000284246],[-96.53909200013484,32.86391400015251],
[-96.5390629998225,32.863888999626525],[-96.53900799957094,32.863843999718306],[-96.53897599978389,32.86382699967998],[-96.53891200020978,32.8637989997873],[-96.53883400039197,32.86377300020243],[-96.53877599976734,32.863763999909025],[-96.53872700026186,
32.86376300012788],[-96.53870700017036,32.863764999690154],[-96.53867100018535,32.863764999690154],[-96.53865500029184,32.86376700000688],[-96.53860900026108,32.86376900032362],[-96.53855700038255,32.86377899964294],[-96.53851100035179,32.86379499990967],
[-96.53847199999373,32.86381100017358],[-96.53843500018381,32.863829999775774],[-96.53839300035101,32.863856999878585],[-96.53833999974924,32.86389099994046],[-96.53829700009153,32.86392700030249],[-96.53824400038809,32.863963999674276],[-96.53819699963411,
32.863992000269384],[-96.53814800012861,32.86399300004794],[-96.53810100027296,32.86400900027613],[-96.53802099990702,32.864061000054434],[-96.53797200040152,32.86408599977737],[-96.53789799988338,32.86411699966554],[-96.53785500022568,32.86414500021239],
[-96.53776200033924,32.8642239999021],[-96.53748199995677,32.864417999987644],[-96.53734800006247,32.86455600035026],[-96.53731799992524,32.86463499967382],[-96.5373430000396,32.86476400026142],[-96.53733399981876,32.86482700007657],[-96.5373010002068,
32.864879000129825],[-96.53725600000095,32.86490400037679],[-96.53719300025176,32.864906999681594],[-96.53715999974148,32.86491400032268],[-96.53713100032749,32.86493800003727],[-96.53712399975649,32.86497300020679],[-96.53714800004592,32.86503899992838],
[-96.53718200038111,32.865061999842645],[-96.53723199971151,32.865068999716996],[-96.53726799969652,32.86506499989666],[-96.5373089997044,32.86506799995057],[-96.53733800001672,32.865081999697665],[-96.53734600041264,32.865112999992235],[-96.53734600041264,
32.86520800034054],[-96.53731299990235,32.865325999678376],[-96.53728799978799,32.865385000043],[-96.53726799969652,32.86541199967241],[-96.53723900028253,32.86543999981034],[-96.53717200033537,32.86545700029402],[-96.53716399993944,32.86547600029814],
[-96.53716399993944,32.865496000059785],[-96.53719300025176,32.86554099988428],[-96.53720099974937,32.865565999944565],[-96.53721800036612,32.86570199975682],[-96.5371880002289,32.86577200023354],[-96.53713899982507,32.86579700022871],[-96.53712999960426,
32.865825000245145],[-96.53713399980222,32.86585900030708],[-96.53715100041897,32.865872999929366],[-96.53717599963501,32.86588400027772],[-96.53722599986372,32.86589300035598],[-96.537259000374,32.865928999905336],[-96.53727100006957,32.86598499984599],
[-96.53727100006957,32.86603999999581],[-96.53728799978799,32.866110000205744],[-96.53727500026754,32.86618300037655],[-96.5372669998716,32.86631500023316],[-96.53727500026754,32.866359999642064],[-96.53728799978799,32.86639899976526],[-96.53732100029829,
32.86645500016361],[-96.53732499959793,32.86650900027175],[-96.53727500026754,32.86660799963008],[-96.53723799955928,32.866648999895936],[-96.53719200042684,32.866669999895976],[-96.53714700022101,32.86667399964388],[-96.53712600030461,32.86670500013642],
[-96.53713899982507,32.86674300036034],[-96.53717200033537,32.86679899978699],[-96.53728500031328,32.866923000008306],[-96.53736200030616,32.866987000298145],[-96.5374350001011,32.86701199995078],[-96.53749500037556,32.86701799992672],[-96.53754100040632,
32.867008000218085],[-96.53757400001827,32.866984000309145],[-96.53761099982819,32.86697699983147],[-96.53764799963811,32.86697699983147],[-96.53768600017128,32.86699400002049],[-96.5377449997225,32.86707199969204],[-96.53776200033924,32.86710099980389],
[-96.53779800032426,32.86715699975899],[-96.5378500002028,32.867272000296865],[-96.53785900042362,32.86731999995241],[-96.53785299967753,32.867354999936346],[-96.53782500008843,32.867419999654274],[-96.53777599968464,32.867471999696136],[-96.53770799991257,
32.867517000026936],[-96.5375050004213,32.86762300019624],[-96.5374920000025,32.8676520001279],[-96.53758900008688,32.86788199977068],[-96.53763199974459,32.86795899968183],[-96.5376679997296,32.86799799985627],[-96.53772899982896,32.86811899995945],
[-96.53778999992834,32.86815899979517],[-96.53785199985263,32.86819499993363],[-96.53795399995987,32.868197999881644],[-96.53826899960414,32.86816699991104],[-96.5390050000962,32.86812199991005],[-96.53925600016636,32.86810199998609],[-96.5392720000599,
32.86811000010711],[-96.53928899977834,32.868115000276724],[-96.53931800009065,32.86812400012856],[-96.53935300025074,32.86813299997948],[-96.53938300038797,32.86813899987957],[-96.53939599990845,32.86814199982948],[-96.5395680003359,32.86814499977924],
[-96.53958800042739,32.868147999728954],[-96.53962699988713,32.868147999728954],[-96.53964299978065,32.868150999678576],[-96.53966200004723,32.86815200016472],[-96.53969800003225,32.8681550001142],[-96.53971800012373,32.86815800006357],[-96.53974999991078,
32.8681610000128],[-96.53978300042105,32.86816399996197],[-96.53981199983505,32.8681649996935],[-96.53982799972859,32.86816799964248],[-96.53985399966784,32.868171000345946],[-96.53988999965286,32.868174000294786],[-96.5399549999502,32.86817299980883],
[-96.5399979996079,32.868171000345946],[-96.54002400044547,32.8681649996935],[-96.54005299985947,32.86816300023043],[-96.54006600027826,32.8681610000128],[-96.54008899984449,32.86815599984582],[-96.54010899993598,32.86814499977924],[-96.54013499987525,
32.86812900029734],[-96.54016800038552,32.868104999937266],[-96.54019199977665,32.86809099991288],[-96.54021500024119,32.86808299979015],[-96.54024399965519,32.8680730002016],[-96.54026700011973,32.86806500007724],[-96.54028300001326,32.8680599999048],
[-96.54031999982317,32.86804899982637],[-96.54034900013548,32.86804099969984],[-96.54037900027272,32.86803100010657],[-96.54041100005978,32.86802299997843],[-96.54049600044857,32.86801299962858],[-96.54055199962677,32.868005999986664],[-96.54059799965752,
32.86799900034419],[-96.5406169999241,32.86799299968011],[-96.54065299990911,32.867974999948935],[-96.54067700019854,32.867960999903964],[-96.54069599956681,32.86794499963432],[-96.54070599961256,32.867940000209714],[-96.54073599974978,32.86791800002159],
[-96.54075900021432,32.86790499970213],[-96.54076900026006,32.86789700031716],[-96.54080199987202,32.867881000035965],[-96.54083600020721,32.86786300028205],[-96.54106499963774,32.86783399966487],[-96.54120399955492,32.867824999783615],[-96.54132300027892,
32.867812000204985],[-96.5414410002797,32.86778000036358],[-96.5415540002576,32.86774400005659],[-96.5415740003491,32.86774499979285],[-96.54158699986957,32.867747000019875],[-96.54163600027337,32.86774499979285],[-96.54172699961167,32.867749999983054],
[-96.54174300040349,32.86775299994608],[-96.54176299959666,32.86775599990904],[-96.54179500028202,32.86775299994608],[-96.54180799980251,32.86775099971924],[-96.54182200004621,32.867749000246846],[-96.54184100031277,32.86774000035695],[-96.54186100040428,
32.8677299999752],[-96.54187700029779,32.86772499978393],[-96.54191699958245,32.86771699962818],[-96.54194900026782,32.86771699962818],[-96.54196500016134,32.86771500015501],[-96.54203100028359,32.86771299992727],[-96.54212800036797,32.86771500015501],
[-96.54214099988843,32.86771800011921],[-96.54215400030724,32.86771800011921],[-96.54216699982771,32.86772100008337],[-96.5421800002465,32.86772100008337],[-96.54221600023152,32.86772700001134],[-96.54222899975197,32.8677299999752],[-96.54224800001856,
32.86773599990255],[-96.54226499973699,32.867738999866106],[-96.54229400004931,32.8677479997561],[-96.54230699956979,32.86775099971924],[-96.54233900025515,32.86775899987193],[-96.54236500019444,32.86776499979732],[-96.54238399956269,32.867770999722296],
[-96.54239699998148,32.86777399968467],[-96.54241700007296,32.86778000036358],[-96.54244899986,32.86778600028755],[-96.54251699963207,32.86780300032149],[-96.54254299957135,32.8678090002439],[-96.5425950003482,32.867824000048245],[-96.54260799986868,
32.86782999996924],[-96.54263399980793,32.86783500015459],[-96.54267900001379,32.86785299991418],[-96.54270199958,32.86785800009829],[-96.54272400021962,32.8678669999762],[-96.54274699978585,32.86787299989429],[-96.54276600005241,32.867881000035965],
[-96.5427860001439,32.8678869999531],[-96.54281799993096,32.86789899978621],[-96.54285999976376,32.86791899975589],[-96.5428699998095,32.86792399993628],[-96.542885999703,32.8679299998505],[-96.54289599974875,32.86793599976433],[-96.54291800038838,
32.8679419996778],[-96.54292800043412,32.86794699985684],[-96.54294099995461,32.86794999981325],[-96.54296000022117,32.867955999725716],[-96.5429760001147,32.86796199963777],[-96.54302200014546,32.86797100025967],[-96.5430609996052,32.867980000126124],
[-96.54307400002399,32.86798500030301],[-96.54308700044278,32.86798800025813],[-96.54310300033632,32.86799400016803],[-96.5431159998568,32.86800000007758],[-96.54313199975032,32.868005000253355],[-96.54315799968958,32.868017000070495],[-96.5431739995831,
32.868025000199175],[-96.5431870000019,32.86803100010657],[-96.54319899969747,32.868039999966925],[-96.5432089997432,32.86804500014044],[-96.54322200016199,32.86805100004648],[-96.54323200020774,32.86805699995216],[-96.54324499972822,32.86806500007724],
[-96.54327400004053,32.86807900010574],[-96.54328300026137,32.86808500000948],[-96.54329599978185,32.868093000132035],[-96.5433219997211,32.868104999937266],[-96.54333799961464,32.86811000010711],[-96.54336699992696,32.86812499986055],[-96.5433900003915,
32.86813599992954],[-96.54341899980548,32.868149999946894],[-96.54343800007206,32.86815899979517],[-96.5434480001178,32.86816399996197],[-96.54346700038438,32.86816999985995],[-96.54348599975263,32.86817599975754],[-96.54350599984413,32.86817899970621],
[-96.54353500015645,32.868185000357705],[-96.54355100004997,32.868191000254335],[-96.54356399957044,32.86819400020243],[-96.54357699998924,32.868197000150495],[-96.54359999955545,32.868197000150495],[-96.54361999964694,32.86819499993363],[-96.54363899991351,
32.8681919999855],[-96.54366900005076,32.86818399987188],[-96.54369099979206,32.868177000243456],[-96.54370400021084,32.86818099992344],[-96.54382200021162,32.86820000009839],[-96.54397299982435,32.86821400010564],[-96.54415600012247,32.8682089999416],
[-96.54431699978095,32.86817799997483],[-96.54441600041346,32.8681440000475],[-96.54443499978173,32.86813599992954],[-96.54444499982746,32.86812799981087],[-96.54445499987321,32.86812199991005],[-96.544468000292,32.86811399979011],[-96.54447800033773,
32.86810599966945],[-96.54449099985821,32.86809800030261],[-96.54450099990396,32.86809000018051],[-96.54451500014767,32.86808500000948],[-96.5445250001934,32.8680769998862],[-96.54453400041423,32.868070999981924],[-96.54454100008692,32.8680629998574],
[-96.54455799980536,32.8680530002666],[-96.54456799985113,32.86804700036068],[-96.54460700020917,32.86802000002448],[-96.54463399997334,32.86799900034419],[-96.54464400001909,32.86799299968011],[-96.5446570004379,32.86798300008142],[-96.54466699958532,
32.86797700017071],[-96.5446800000041,32.86796699981575],[-96.54468400020207,32.86795799994798],[-96.54469400024782,32.86794499963432],[-96.54470699976828,32.8679310003392],[-96.54471699981404,32.86791800002159],[-96.54472400038505,32.86790999988326],
[-96.54473400043078,32.86789599982808],[-96.54474000027857,32.86788799968775],[-96.5447500003243,32.867877000342446],[-96.54476100019497,32.86786300028205],[-96.5447710002407,32.86784999995453],[-96.54478100028643,32.86783899985],[-96.54478700013422,
32.86782799974409],[-96.54479399980693,32.86781699963687],[-96.54479800000489,32.867801000095724],[-96.54480800005062,32.86776499979732],[-96.54481200024858,32.867753999682236],[-96.54482200029433,32.86774600028363],[-96.54483099961683,32.867752000209904],
[-96.5448470004087,32.86777399968467],[-96.54485999992916,32.86777699964688],[-96.54487699964758,32.86777399968467],[-96.54489000006639,32.86777200021279],[-96.54492900042446,32.86776700002388],[-96.54494199994492,32.86776400006127],[-96.54495199999067,
32.86775899987193],[-96.54498499960263,32.86772400004744],[-96.54499499964838,32.867715999891594],[-96.54500800006717,32.86771299992727],[-96.5450180001129,32.86772199981989],[-96.54502700033375,32.867738000129776],[-96.54502999980846,32.867749000246846],
[-96.54503599965625,32.8677600003625],[-96.54504599970201,32.86777699964688],[-96.54504900007504,32.86779099972091],[-96.54506199959552,32.86779899986998],[-96.54508099986211,32.86780499979267],[-96.5450940002809,32.867807999753886],[-96.54511699984711,
32.86781099971495],[-96.54516899972565,32.867812000204985],[-96.54520499971065,32.86780199983135],[-96.54522099960418,32.86779099972091],[-96.54523200037316,32.86777200021279],[-96.5452420004189,32.867747000019875],[-96.54525499993937,32.86773099971162],
[-96.54526199961207,32.867723000310946],[-96.54528199970355,32.86770699999836],[-96.5452919997493,32.867701000068976],[-96.54531500021383,32.86769299991107],[-96.54533799978006,32.86769399964791],[-96.54534700000087,32.86769899984099],[-96.54536299989441,
32.86771099969948],[-96.54538600035895,32.8677299999752],[-96.54540499972721,32.86775500017291],[-96.54541099957498,32.86776600028788],[-96.54542099962072,32.86777500017512],[-96.54543999988731,32.86778300032564],[-96.54545599978081,32.86778600028755],
[-96.54551500023037,32.867784000061405],[-96.54555399969013,32.86777699964688],[-96.54556999958363,32.86777200021279],[-96.54561999981236,32.867761000098575],[-96.54565900017042,32.86775099971924],[-96.54567199969088,32.8677479997561],[-96.54569199978239,
32.86774600028363],[-96.5457699996002,32.86773599990255],[-96.54578600039203,32.86773599990255],[-96.54581900000397,32.86773200020256],[-96.54583200042278,32.86772900023876],[-96.54584499994326,32.86772900023876],[-96.54585800036205,32.86772700001134],
[-96.54587799955522,32.86772400004744],[-96.54589699982178,32.86772199981989],[-96.54592299976106,32.86771899985578],[-96.5460800001199,32.86772199981989],[-96.54609600001342,32.86772499978393],[-96.5461939999227,32.86772600027488],[-96.54620999981624,
32.86772400004744],[-96.54622599970975,32.86772400004744],[-96.54626199969476,32.86771899985578],[-96.54627900031151,32.86771899985578],[-96.54629500020503,32.867713999663884],[-96.54631500029653,32.86771200019064],[-96.54634700008359,32.86770699999836],
[-96.54636399980203,32.86770199980573],[-96.54637999969556,32.86769899984099],[-96.5464190000536,32.86769099968288],[-96.54644900019083,32.867686000243886],[-96.54647500013012,32.86768100005014],[-96.54648799965058,32.867681999787116],[-96.54650100006937,
32.867678999821635],[-96.54653000038168,32.867678999821635],[-96.54654299990216,32.86767700034761],[-96.54664400018451,32.867678000084624],[-96.54665699970498,32.86767599985605],[-96.54669000021526,32.86767599985605],[-96.54670299973573,32.86767399962748],
[-96.54671899962925,32.86767099966173],[-96.54673899972074,32.86766900018752],[-96.54675899981223,32.86766699995875],[-96.54677499970576,32.86766399999281],[-96.54679099959928,32.867661999763925],[-96.54682400010957,32.867661999763925],[-96.54684000000309,
32.86765400035702],[-96.54685699972154,32.86764300022817],[-96.54687299961505,32.86762699990115],[-96.5468900002318,32.86761400029355],[-96.54689699990449,32.86760499963543],[-96.54690299975229,32.86759499999298],[-96.54692000036904,32.86756999975016],
[-96.54692700004172,32.867562000334964],[-96.54693000041478,32.86755100019469],[-96.54693700008747,32.867534999851074],[-96.54694399976016,32.86752599993947],[-96.54694799995812,32.867516000288106],[-96.54695800000385,32.86749600022754],[-96.54696100037691,
32.867485999818264],[-96.54696800004962,32.867476999901676],[-96.54697100042264,32.86746599975086],[-96.54697800009535,32.8674560000928],[-96.54698200029331,32.86744700017318],[-96.54698800014108,32.86743899999234],[-96.54699200033905,32.86742799983681],
[-96.54700200038478,32.8674150002],[-96.54700900005749,32.867401000066664],[-96.54701900010322,32.86737599976915],[-96.54702300030118,32.86736600010087],[-96.54702300030118,32.867354999936346],[-96.54702599977593,32.86733799981652],[-96.54702900014898,
32.867316000233586],[-96.54699800018682,32.867135999874264],[-96.54697700027043,32.86710000006037],[-96.54694399976016,32.86707699992013],[-96.54688500020892,32.8670520002858],[-96.54685199969866,32.86702399990225],[-96.5468269995843,32.86699600026445],
[-96.5468059996679,32.866937000217106],[-96.5468059996679,32.866870999644505],[-96.54681900008669,32.86680100003528],[-96.54686500011745,32.866737000365795],[-96.54691399962292,32.86670899988279],[-96.54694899978303,32.86669600014063],[-96.5469460003083,
32.866679999642734],[-96.54694299993525,32.866669000147596],[-96.5469399995622,32.86666000014809],[-96.54693799991237,32.86663600014492],[-96.54693799991237,32.8666219998886],[-96.54693500043763,32.86660300013002],[-96.54693899973728,32.86656700009974],
[-96.54694299993525,32.866555999836095],[-96.54694999960793,32.86653400005916],[-96.54695600035403,32.866525999795954],[-96.54696300002672,32.866515000281716],[-96.54698999979091,32.866482999972284],[-96.54701300025545,32.86646400018392],[-96.54702599977593,
32.86644699989329],[-96.54702999997387,32.86643600036925],[-96.5470369996466,32.86642599984049],[-96.54704400021758,32.86641200030551],[-96.5470519997152,32.86638200021672],[-96.54704400021758,32.86633199979461],[-96.54704800041554,32.8662870003715],
[-96.54707699982956,32.86624500018505],[-96.54709600009613,32.86622799985243],[-96.54710399959374,32.86620399973239],[-96.54711799983743,32.86614899968434],[-96.5471210002105,32.86613800012334],[-96.54712799988317,32.86611099996042],[-96.54713200008112,
32.86609999964017],[-96.5471360002791,32.86608099976974],[-96.5471360002791,32.86606100014002],[-96.54714600032484,32.866028999666746],[-96.5471570001955,32.866003999736975],[-96.54716700024125,32.865978999800156],[-96.54718099958663,32.86595500036723],
[-96.54719700037847,32.86592999966205],[-96.54721099972384,32.86590900024138],[-96.54722099976959,32.86590099992179],[-96.5472340001884,32.865878999982364],[-96.54725500010478,32.86584899971326],[-96.54726799962526,32.86582999978906],[-96.547277999671,
32.865801999774206],[-96.54728900043997,32.86577800029337],[-96.54729600011267,32.86575100002091],[-96.54730299978536,32.865736999624815],[-96.54731299983109,32.865714999644744],[-96.54732299987684,32.865695999691845],[-96.5473329999226,32.865679999768076],
[-96.54734399979323,32.865660999807666],[-96.54734999964103,32.865638999808695],[-96.54736100040998,32.86561699980432],[-96.5473680000827,32.86558400016472],[-96.5473689999076,32.86555399979581],[-96.54736600043286,32.86554300016101],[-96.54736600043286,
32.86551200001676],[-96.5473630000598,32.865501000376746],[-96.54736399988474,32.865474000019944],[-96.5473680000827,32.86544500013051],[-96.54736600043286,32.86536900006306],[-96.54736999973251,32.865344999710565],[-96.54736999973251,32.865327999959966],
[-96.54737399993047,32.86531700029714],[-96.5473839999762,32.865292999930546],[-96.54738800017417,32.86528200026338],[-96.54741400011345,32.86524899974462],[-96.54746400034215,32.86520900010539],[-96.54747400038791,32.86520300000706],[-96.5474810000606,
32.86519499962378],[-96.54751100019782,32.86517099997869],[-96.54752100024356,32.865165999643125],[-96.54753700013708,32.86515199990923],[-96.54754700018283,32.86514700032715],[-96.5475599997033,32.865135999887315],[-96.547573999947,32.86512500020066],
[-96.54759999988627,32.8650930001442],[-96.54760400008425,32.865081999697665],[-96.54761099975693,32.86507400005803],[-96.54761699960471,32.86506300036369],[-96.54762099980267,32.86505199991344],[-96.54762800037369,32.86502999976344],[-96.54763500004638,
32.86501099966379],[-96.54765500013785,32.86497799979874],[-96.5476650001836,32.8649670000925],[-96.54767799970408,32.86495899968793],[-96.54768799974983,32.86494799997933],[-96.54770100016862,32.86494299963119],[-96.54771100021438,32.864934999978956],
[-96.54772399973484,32.864929999630085],[-96.54773799997855,32.86492199997675],[-96.54775700024511,32.86491400032268],[-96.54776700029086,32.86490800020433],[-96.54783000004005,32.86488200019002],[-96.54786600002507,32.86486300005865],[-96.5478760000708,
32.86485799970572],[-96.54788899959128,32.86484699998459],[-96.54790200001005,32.86483900032376],[-96.54790899968276,32.86483099990765],[-96.54791600025378,32.86482300024537],[-96.54793600034526,32.864795999682094],[-96.54793899981999,32.864787000247006],
[-96.54794999969066,32.86477800005655],[-96.54796399993435,32.864745000104755],[-96.54799800026954,32.86469900010578],[-96.54806000019381,32.86467500032649],[-96.54813800001162,32.86465300008293],[-96.54813200016385,32.86463600019968],[-96.54811899974504,
32.86463600019968],[-96.54810200002662,32.864642000336374],[-96.54807600008735,32.86465200031181],[-96.54805599999587,32.864656999921856],[-96.54804299957706,32.86465399985404],[-96.54802699968354,32.864637999742286],[-96.5480309998815,32.86461799978712],
[-96.54805099997297,32.864610000105635],[-96.54807699991225,32.86459199968779],[-96.54810399967643,32.864577999863286],[-96.54811999956998,32.86456199973781],[-96.54817300017172,32.86452199978872],[-96.54818999989016,32.86451100002598],[-96.54820300030894,
32.86450300033478],[-96.54821900020247,32.86449499988835],[-96.54823599992092,32.86448400012226],[-96.54825199981444,32.86447599967413],[-96.54827899957863,32.86446000028475],[-96.54829799984519,32.86444700021284],[-96.54835100044696,32.86442799998834],
[-96.54836399996742,32.864423000365385],[-96.54837700038622,32.86442000028965],[-96.5483899999067,32.864417999987644],[-96.5484030003255,32.864417999987644],[-96.54841400019613,32.86441499991174],[-96.54843000008968,32.864413000364124],[-96.54844599998319,
32.86441000028805],[-96.54846900044774,32.86440300036174],[-96.54847899959516,32.86439700020888],[-96.54849899968664,32.864387000204694],[-96.54850899973238,32.8643779999736],[-96.54852200015118,32.86436799996727],[-96.54853200019693,32.86436199981204],
[-96.54854200024266,32.86434899972578],[-96.54855200028841,32.86433499986296],[-96.54855899996109,32.86432400007697],[-96.54856499980887,32.86431600036896],[-96.54858200042563,32.86428899965133],[-96.54859199957308,32.86427799985962],[-96.54860900018983,
32.864261999680025],[-96.54862199971028,32.86425399996636],[-96.54864500017483,32.8642349997005],[-96.54868500035779,32.86421399987841],[-96.54870799992402,32.86420600016042],[-96.5487280000155,32.86419500035848],[-96.5487410004343,32.864189999967834],
[-96.54879400013773,32.86415800032855],[-96.54880699965821,32.86415200015906],[-96.54882000007701,32.864143999680984],[-96.54883000012275,32.86413599995673],[-96.54886299973471,32.86411699966554],[-96.54887299978046,32.86410899993886],[-96.54889899971973,
32.8640989999022],[-96.54891600033648,32.8640910001739],[-96.54892899985695,32.864084999999925],[-96.54893899990269,32.86408000035764],[-96.54895200032149,32.864071999873055],[-96.54896800021501,32.86406400014231],[-96.54898199956041,32.86405599965629],
[-96.54901099987272,32.86403199970296],[-96.54901800044374,32.86402399996861],[-96.54902799959116,32.86401499970068],[-96.54903799963691,32.86400499965341],[-96.54904799968264,32.86399699991662],[-96.54905799972838,32.863986000088715],[-96.54908399966764,
32.863963999674276],[-96.54914099956906,32.863928999861066],[-96.5491570003609,32.86392100011742],[-96.54919300034591,32.86390499987343],[-96.54921000006435,32.86389700012761],[-96.54927199998862,32.86387900031957],[-96.54930200012586,32.863870999816854],
[-96.54932100039242,32.863869000256976],[-96.54937999994367,32.86384800034828],[-96.54940300040819,32.86383699974731],[-96.54941699975357,32.86382899999537],[-96.54943000017236,32.863818000146615],[-96.54944000021811,32.86381299973476],[-96.54946299978432,
32.86379700022579],[-96.54949600029462,32.86377000010471],[-96.54951300001306,32.86375900024863],[-96.54951899986084,32.863750999735096],[-96.54954899999807,32.86372699969928],[-96.54958599980799,32.86369700021126],[-96.549621999793,32.86367600026179],
[-96.54964500025754,32.86365900019126],[-96.54966100015106,32.86365200020562],[-96.54967500039476,32.86364299989993],[-96.54970399980877,32.86362999970833],[-96.54971700022755,32.86362500004039],[-96.54974700036479,32.863617000269336],[-96.54977300030406,
32.86361199984616],[-96.54978900019758,32.863610000280424],[-96.54985500031982,32.863597000083935],[-96.54989399977956,32.863591999659626],[-96.54994300018336,32.863583999885584],[-96.54997599979534,32.86357699989402],[-96.54999199968884,32.86357099968528],
[-96.55001900035133,32.86356100034252],[-96.55003500024488,32.86354999970596],[-96.55005500033634,32.8635370002553],[-96.55007500042785,32.863523000264244],[-96.55008499957528,32.86351799983577],[-96.55011800008553,32.86349099962975],[-96.55013800017704,
32.86347500006267],[-96.55016699959104,32.86345899973821],[-96.55018099983474,32.86345099995218],[-96.550206999774,32.863446000274145],[-96.55023899956106,32.863440999841316],[-96.5503180001021,32.86342500026523],[-96.55036999998062,32.86340999971688],
[-96.55041600001138,32.863391000024706],[-96.55044600014861,32.86338099990709],[-96.55046899971482,32.86337499968509],[-96.5505309996391,32.86337600022512],[-96.55059299956339,32.86337499968509],[-96.55062500024876,32.86337000000277],[-96.55065500038597,
32.8633620002087],[-96.55069399984572,32.86334599986386],[-96.55072399998295,32.8633349999552],[-96.55075300029529,32.86332199971839],[-96.5507900001052,32.86330600012089],[-96.55083600013594,32.86328500007883],[-96.55085899970217,32.863277000277094],
[-96.55087799996873,32.863266000359886],[-96.55093499987015,32.86322999972955],[-96.55101000021322,32.863149000332875],[-96.55102500028184,32.86313799964521],[-96.55104500037332,32.86310400004923],[-96.55105200004601,32.86308500029152],[-96.55105600024397,
32.863057999953675],[-96.55106299991667,32.86303299994092],[-96.55107299996241,32.863006000341805],[-96.55108999968084,32.86297800018992],[-96.55111599962012,32.86296199977579],[-96.55121799972737,32.862953000154604],[-96.55123399962088,32.862950000029215],
[-96.55126299993321,32.8629429999876],[-96.55129999974314,32.86293200002901],[-96.55132599968239,32.86292199985965],[-96.55135499999471,32.86290600018993],[-96.5513750000862,32.8628950002267],[-96.55140500022344,32.862889999762814],[-96.55143100016268,
32.86288500005316],[-96.5514539997289,32.86288199992545],[-96.55149300008698,32.86287499987854],[-96.5515519996382,32.86285900020034],[-96.551601000042,32.86283499992315],[-96.55161500028571,32.86282399995112],[-96.55165499957037,32.86278099984155],
[-96.55167499966184,32.862757000297826],[-96.55170800017213,32.862715999741695],[-96.5517619997005,32.86265600007157],[-96.55178799963976,32.86262900035771],[-96.55184799991423,32.862575000150684],[-96.55190800018867,32.86252700019062],[-96.5519380003259,
32.86250800030929],[-96.55201299977067,32.862468000188386],[-96.55204000043315,32.8624540000286],[-96.55208899993865,32.86243299978486],[-96.55213900016736,32.86240100026616],[-96.55215500006086,32.8623870000958],[-96.55219500024384,32.862351999660305],
[-96.55221199996228,32.8623329997415],[-96.55222899968074,32.86230900007649],[-96.55226499966574,32.86226499991927],[-96.55230900004668,32.862227999838694],[-96.55235199970437,32.86218999994387],[-96.55238100001671,32.862174000142154],[-96.55241399962866,
32.86216099973518],[-96.55244100029114,32.86213900037714],[-96.55245100033687,32.86210900035198],[-96.55246200020754,32.86205099987214],[-96.5524660004055,32.86201299990149],[-96.5524730000782,32.86199899966987],[-96.55251200043625,32.861993999910055],
[-96.55252800032979,32.86200299962849],[-96.55254099985025,32.86201699985947],[-96.55258900042917,32.86204200015857],[-96.55262200004111,32.86204799971617],[-96.55265100035344,32.86204600011525],[-96.5526710004449,32.862043999759635],[-96.55272599979818,
32.862032999689504],[-96.55276599998115,32.86202300017335],[-96.55279899959311,32.86200999974423],[-96.55282799990545,32.861993999910055],[-96.55286800008842,32.86197000015331],[-96.55289800022564,32.86195400031192],[-96.55292099979185,32.861943000230625],
[-96.55294400025639,32.861929999789766],[-96.55297000019567,32.861916000299644],[-96.55312800037942,32.86185299992582],[-96.55315099994563,32.861841999832],[-96.5531769998849,32.861833999900114],[-96.55321000039518,32.86182100019787],[-96.5532329999614,
32.86181300026409],[-96.5532689999464,32.8617999998042],[-96.55329900008363,32.86179199986852],[-96.5533380004417,32.861782000325206],[-96.55337699990143,32.861776999798515],[-96.55339699999291,32.861776999798515],[-96.55342899977998,32.86177500019147],
[-96.5534449996735,32.86177800035662],[-96.55347499981072,32.861780999767134],[-96.55350400012304,32.861783999932136],[-96.55354000010804,32.8617879999004],[-96.55359799983438,32.8617889997038],[-96.55364100039039,32.86179199986852],[-96.55368599969793,
32.86179800019764],[-96.5537409999495,32.861805000329596],[-96.5537900003533,32.86181400006723],[-96.55382600033832,32.861822999803934],[-96.55385099955436,32.86183099973681],[-96.5538740000189,32.861840000226366],[-96.55389999995816,32.86184800015771],
[-96.55393900031622,32.861856999890975],[-96.5539519998367,32.86186300021573],[-96.55399700004253,32.861875000109386],[-96.55405899996683,32.86188399983991],[-96.55411699969315,32.86188499964222],[-96.5541340003099,32.86188799980365],[-96.55420499955669,
32.86188900036051],[-96.55425700033355,32.86189199976727],[-96.55427999989978,32.8618980000896],[-96.55429300031855,32.86190100025065],[-96.5543119996868,32.86190999997853],[-96.55436100009061,32.86193799971299],[-96.55439299987768,32.86195500011345],
[-96.55441899981693,32.86196399983585],[-96.55445099960399,32.861974999914544],[-96.55450000000779,32.86198100023127],[-96.55453199979483,32.86198699979305],[-96.55455199988631,32.86199099975216],[-96.55460100029013,32.86199600026678],[-96.55470800042025,
32.862019000215625],[-96.55474900042813,32.86202099981722],[-96.5548310004439,32.86204100035802],[-96.55486200040603,32.86204200015857],[-96.55499799995016,32.86207099965159],[-96.55502499971433,32.8620800001168],[-96.55503800013314,32.86208599967189],
[-96.55505400002666,32.86209500013559],[-96.55506700044546,32.862099999889715],[-96.55507999996593,32.86210900035198],[-96.55509900023249,32.86212599996509],[-96.55512500017177,32.86215100023345],[-96.55514699991308,32.86217000019125],[-96.55516700000456,
32.86216200028896],[-96.55517399967725,32.86214899988021],[-96.5551770000503,32.8621379998231],[-96.55518100024827,32.86212100021236],[-96.555191000294,32.86210200024405],[-96.55520100033976,32.86208599967189],[-96.55520100033976,32.86206400029525],
[-96.55519499959364,32.8620500000717],[-96.55518899974587,32.86202799993154],[-96.55518999957079,32.862012000100606],[-96.55519299994383,32.862001000026495],[-96.55519999961652,32.86198699979305],[-96.55520999966227,32.86197300031192],[-96.55521999970802,
32.86196799979599],[-96.55524900002034,32.861970999954664],[-96.55526800028692,32.86198299983371],[-96.555331999861,32.8620390000023],[-96.5553450002798,32.86205199967258],[-96.55535799980028,32.862065999895826],[-96.55537700006685,32.86209400033562],
[-96.55538600028767,32.8621079997976],[-96.5554299997703,32.862190999742744],[-96.55544099964095,32.862194999692704],[-96.55548199964883,32.862203000346604],[-96.55550099991541,32.862203000346604],[-96.55551799963384,32.862200999994535],[-96.55552799967958,
32.862194999692704],[-96.55554100009839,32.86218500019481],[-96.55554799977106,32.86217700029382],[-96.5555579998168,32.862163000088145],[-96.55557700008339,32.86214300032943],[-96.55558799995404,32.86213300007111],[-96.55561399989332,32.86211999965811],
[-96.55562399993906,32.86211499990511],[-96.55565300025137,32.8621069999978],[-96.55567599981758,32.86210200024405],[-96.55568900023638,32.86210200024405],[-96.55570199975686,32.86209900008981],[-96.55571500017565,32.86209900008981],[-96.55573199989408,
32.86209699973546],[-96.55579399981838,32.8620980002899],[-96.55581300008494,32.86209500013559],[-96.55592400041303,32.86209699973546],[-96.55594000030653,32.862099999889715],[-96.55597299991852,32.8621009996896],[-96.55598899981203,32.86210399984378],
[-96.55601499975131,32.86210399984378],[-96.55602800017009,32.8621069999978],[-96.55605400010937,32.8621079997976],[-96.55606699962983,32.86211000015177],[-96.55609000009439,32.86211400010538],[-96.55610299961485,32.86211700025906],[-96.55612500025447,
32.86211999965811],[-96.55614799982068,32.862128000318776],[-96.55617399975996,32.86214499992823],[-96.55620300007229,32.86216200028896],[-96.55621200029312,32.86217000019125],[-96.5562249998136,32.86217599974026],[-96.55623499985934,32.862182000043376],
[-96.55625099975285,32.86218999994387],[-96.55627699969213,32.86220199979329],[-96.55631199985223,32.8622110002452],[-96.55633500031675,32.86221399964107],[-96.55634799983724,32.862216999791436],[-96.55636799992871,32.86221399964107],[-96.55638100034751,
32.86221399964107],[-96.55641700033252,32.862207000295975],[-96.55656000044765,32.86218999994387],[-96.55657299996814,32.862194999692704],[-96.55658899986166,32.862197999843644],[-96.55660200028046,32.86220400014533],[-96.55663499989241,32.86221599999285],
[-96.55665099978593,32.862223999890276],[-96.5566700000525,32.86223300033996],[-96.556690000144,32.862238000086315],[-96.55671500025836,32.86224999992923],[-96.5567250003041,32.86225499967469],[-96.55673799982458,32.862260999972456],[-96.55675399971808,
32.86227500016272],[-96.55676999961163,32.86228399985264],[-96.55678600040346,32.86229499989166],[-96.55679599955089,32.862301000186726],[-96.55680899996969,32.862305999929255],[-96.55682499986322,32.86231200022363],[-96.55685699965025,32.862317999762965],
[-96.55687300044211,32.86232400005654],[-96.55689000016055,32.86232700020311],[-96.55690900042713,32.86232700020311],[-96.55694200003907,32.8623329997415],[-96.5569579999326,32.8623329997415],[-96.5569710003514,32.86233599988777],[-96.55698399987186,
32.86233599988777],[-96.5570490001692,32.862350999863246],[-96.55706500006272,32.86235700015453],[-96.5570779995832,32.86236000030005],[-96.55709400037503,32.86236599983614],[-96.55711000026858,32.862368999981356],[-96.55712600016209,32.8623739997201],
[-96.55713899968258,32.862380000009814],[-96.55715200010137,32.86238300015455],[-96.55717499966758,32.862391999833534],[-96.55719399993416,32.86239999971509],[-96.55722300024648,32.862413999883394],[-96.55723300029221,32.86242000017042],[-96.5572459998127,
32.862423000313804],[-96.557267999554,32.86243199998871],[-96.55728500017075,32.86243699972385],[-96.55729699986632,32.862443000009364],[-96.55731399958475,32.862449000294426],[-96.55732700000354,32.86245199968225],[-96.55734899974486,32.86245499982449],
[-96.55736200016365,32.86245799996669],[-96.55737499968411,32.86245799996669],[-96.55739200030087,32.862461000108794],[-96.55745000002719,32.862461999904625],[-96.55746599992072,32.862458999762545],[-96.55748299963915,32.862460000312964],[-96.55750600010369,
32.862457000170835],[-96.557535000416,32.86245000009037],[-96.55755100030954,32.8624469999479],[-96.55756800002796,32.86244200021333],[-96.55758700029453,32.86243900007059],[-96.55762300027955,32.86243999986665],[-96.55764300037104,32.86244600015191],
[-96.55765599989151,32.862449000294426],[-96.55766500011234,32.862460000312964],[-96.55767500015807,32.86247399971724],[-96.55768699985366,32.8624879998738],[-96.5577100003182,32.86250699975942],[-96.5577189996407,32.86251300004014],[-96.55773200005949,
32.86251600018038],[-96.55774899977794,32.862521999705976],[-96.55778399993802,32.862521999705976],[-96.55780400002952,32.86252799998569],[-96.55781300025036,32.86253400026499],[-96.5578230002961,32.86253899999445],[-96.55782900014387,32.86254799965758],
[-96.55785799955788,32.86255899966385],[-96.55786500012888,32.86257299980701],[-96.5578519997101,32.862575000150684],[-96.55783499999166,32.86258099967229],[-96.55782800031896,32.862591999674464],[-96.5578309997937,32.86261600001742],[-96.5578440002125,
32.86262499967273],[-96.557860000106,32.86263099994554],[-96.55789899956577,32.86264199994146],[-96.55791799983234,32.86264500007734],[-96.55793700009892,32.86264699966481],[-96.55794799996956,32.86265100034873],[-96.55808100003895,32.86265299993606],
[-96.55809699993247,32.86265600007157],[-96.55812299987176,32.8626579996588],[-96.55814600033628,32.86266300013577],[-96.55816600042776,32.86266799985794],[-96.5581820003213,32.862674000127775],[-96.55819800021482,32.86268299977721],[-96.55822300032916,
32.86269900024168],[-96.55824000004762,32.86270799988865],[-96.55827799968245,32.86273299999297],[-96.55829100010124,32.86273900025841],[-96.55830100014698,32.86274700010871],[-96.55832999956098,32.862762000014634],[-96.55834299997977,32.862765000146446],
[-96.55835600039858,32.86276699973123],[-96.55840999992692,32.86279000023471],[-96.55843300039146,32.86281299997772],[-96.55844199971398,32.86282099982129],[-96.55845500013278,32.86283800005245],[-96.55846099998055,32.862849000022734],[-96.55847100002629,
32.862859999991684],[-96.55848000024713,32.862867999831],[-96.55850299981334,32.86288800018081],[-96.55853200012567,32.862902000272086],[-96.5585410003465,32.86290799977152],[-96.55856700028576,32.86291899973314],[-96.55857999980623,32.86292199985965],
[-96.55859599969976,32.86292800011229],[-96.55860900011855,32.8629310002385],[-96.55862500001209,32.86293699973597],[-96.5586839995633,32.86293800028099],[-96.5587039996548,32.86294099965228],[-96.55872000044663,32.8629460001133],[-96.55873600034016,
32.862952000364324],[-96.55874499966266,32.862965999690935],[-96.55875200023368,32.8629799997699],[-96.55875100040879,32.86299099972259],[-96.5587539998835,32.863001999673855],[-96.55876099955621,32.863012999623805],[-96.5587670003023,32.86302999981821],
[-96.55877599962483,32.86304099976464],[-96.55880499993714,32.86306599977516],[-96.55885000014298,32.86309099977857],[-96.55886299966345,32.86309700001985],[-96.5588729997092,32.86310300026066],[-96.55888600012798,32.86310799995797],[-96.55890500039456,
32.863117000317935],[-96.5589150004403,32.86312299980289],[-96.5589439998543,32.863129000041944],[-96.5589630001209,32.86313200016134],[-96.55898300021236,32.86313500028064],[-96.55899599973284,32.86313799964521],[-96.55900900015165,32.86313799964521],
[-96.5590350000909,32.863143999883306],[-96.55906699987796,32.86315000012094],[-96.55908699996942,32.863153000239635],[-96.55910299986297,32.86315899972208],[-96.55912200012955,32.86316400017087],[-96.55913499965003,32.863167000289025],[-96.55914499969576,
32.86317299977058],[-96.55916399996234,32.863179000006255],[-96.55917999985586,32.86318699981682],[-96.55919599974938,32.86319300005161],[-96.55921300036613,32.86319900028592],[-96.55922900025966,32.86320499976525],[-96.55924500015318,32.86320700009468],
[-96.5592679997194,32.86321099999883],[-96.55930000040478,32.86321400011539],[-96.5593160002983,32.86321700023193],[-96.55933899986451,32.863222999710096],[-96.55935499975806,32.86322800015521],[-96.55939400011611,32.86324600009534],[-96.55942000005537,
32.863257000015025],[-96.55943699977382,32.86326300024501],[-96.55945500021546,32.863268999720084],[-96.55946799973596,32.86327100004801],[-96.55948500035271,32.863274000162605],[-96.55949700004827,32.86327999963692],[-96.5595489999268,32.863288999979446],
[-96.55958200043709,32.863295000207266],[-96.55959499995755,32.86329800032105],[-96.55961099985109,32.86330099968011],[-96.55967299977536,32.86330799969347],[-96.55971200013343,32.86331099980676],[-96.55976099963891,32.86331200034756],[-96.55978699957818,
32.86330900023425],[-96.55981599989049,32.8633039997937],[-96.55984199982977,32.86329699978009],[-96.55985900044652,32.863288999979446],[-96.55988200001275,32.86327800006372],[-96.55990499957896,32.8632700002613],[-96.55992100037079,32.863264999818554],
[-96.55994099956396,32.863260000130104],[-96.55997999992204,32.863260000130104],[-96.56000300038656,32.863266000359886],[-96.56001199970909,32.863271999834694],[-96.56002500012787,32.86327999963692],[-96.56004100002139,32.86330200022103],[-96.56005000024223,
32.86331399992],[-96.56007899965624,32.86333299962867],[-96.56008899970197,32.86334199996581],[-96.56009899974771,32.8633469996497],[-96.5601180000143,32.86336099966847],[-96.5601339999078,32.86337000000277],[-96.56014999980135,32.86337799979611],
[-96.56015999984709,32.863384000017966],[-96.56019199963414,32.86339800003089],[-96.5602109999007,32.8634040002514],[-96.56022799961916,32.86340700036144],[-96.56026299977925,32.8634080001466],[-96.56031600038101,32.8634080001466],[-96.56033499974927,
32.86340899993174],[-96.56037099973427,32.86340599982171],[-96.56041699976502,32.863401999926424],[-96.56045899959781,32.863394000135244],[-96.56050800000162,32.86338700012869],[-96.56052800009311,32.863384000017966],[-96.56054700035969,32.86337900033617],
[-96.5605900000174,32.863373999899565],[-96.56061000010888,32.86336900021718],[-96.56066199998742,32.8633620002087],[-96.56067799988094,32.86335900009709],[-96.56069100029973,32.86335599998542],[-96.56072399991169,32.86335200008782],[-96.56074999985097,
32.86334899997587],[-96.56077900016328,32.8633469996497],[-96.56081199977524,32.86334500007801],[-96.56083199986672,32.86334500007801],[-96.56085399960803,32.863342999751694],[-96.56087700007257,32.86333999963942],[-96.56089700016406,32.8633349999552],
[-96.56091700025553,32.86333299962867],[-96.56101500016484,32.863306999907195],[-96.5610410001041,32.863299000107446],[-96.56106399967032,32.863293999666276],[-96.56111300007413,32.86328100017803],[-96.56114599968608,32.8632700002613],[-96.56115900010488,
32.86326799993336],[-96.56118500004413,32.863260000130104],[-96.56120799961036,32.86325200032606],[-96.56124399959536,32.86324399976678],[-96.56127999958038,32.863239000077144],[-96.56135900012143,32.86322899994239],[-96.56138099986272,32.86322999972955],
[-96.56144000031227,32.863221999922864],[-96.5614629998785,32.86322000034834],[-96.56148899981775,32.86321499990272],[-96.56151499975702,32.86320700009468],[-96.56154200041952,32.86320199964838],[-96.56156499998573,32.86319399983917],[-96.56158799955195,
32.86318399969934],[-96.56161100001648,32.86317599988844],[-96.56166299989503,32.86315400002765],[-96.56169300003225,32.863143999883306],[-96.56176500000228,32.863119999683185],[-96.5617940003146,32.863112999655044],[-96.56182100007877,32.86310499983781],
[-96.56184399964498,32.86309700001985],[-96.56186299991157,32.86308900020111],[-96.56188600037609,32.863083999748156],[-96.56190300009455,32.86307599992829],[-96.56196800039186,32.863054999831775],[-96.56198099991235,32.86304900034224],[-96.56200400037687,
32.863043999887026],[-96.56202399957006,32.86303399973028],[-96.5620410001868,32.8630199996599],[-96.56205700008033,32.8630089997108],[-96.56208700021757,32.86298800035298],[-96.56210999978379,32.86297199994066],[-96.56214599976879,32.86296099998561],
[-96.56216199966232,32.86296700023562],[-96.5621890003248,32.86296199977579],[-96.5621950001726,32.86295399994487],[-96.56220199984529,32.862939999861865],[-96.56220299967019,32.86289900014491],[-96.56220000019547,32.86287099995924],[-96.56220100002037,
32.862849000022734],[-96.56220900041629,32.86276400035405],[-96.56221600008898,32.86274799990131],[-96.56222899960947,32.86274300018365],[-96.56224200002826,32.86274600031611],[-96.56225799992178,32.862765000146446],[-96.56226799996752,32.8627760001258],
[-96.56228100038632,32.86277900025709],[-96.56228999970884,32.86277399978667],[-96.56229999975457,32.86276299980705],[-96.56230700032559,32.86275499995825],[-96.56232400004403,32.86272500014145],[-96.56234099976245,32.86271100002224],[-96.56235400018124,
32.86270899968167],[-96.56236900024986,32.86273399978572],[-96.56237500009765,32.86276400035405],[-96.56237799957238,32.86277500033352],[-96.56237799957238,32.8628109996394],[-96.56236300040207,32.86288199992545],[-96.56236900024986,32.86292400019539],
[-96.56237500009765,32.86293699973597],[-96.56238400031847,32.862947999693986],[-96.56240299968674,32.86296499990079],[-96.56242899962601,32.86297100015059],[-96.56245499956526,32.86297199994066],[-96.56247200018203,32.86296899981585],[-96.5624980001213,
32.86296099998561],[-96.56251400001483,32.862956000279965],[-96.56254699962678,32.8629429999876],[-96.56257400028927,32.86292899990285],[-96.56262600016782,32.862896999808534],[-96.56265899977979,32.862881000134365],[-96.56270200033579,32.86286499970274],
[-96.5627380003208,32.86285500028032],[-96.56279100002425,32.86284199997322],[-96.56282700000926,32.8628319997937],[-96.56286299999428,32.86282099982129],[-96.56290900002503,32.86279700028833],[-96.56294500001005,32.86276800027811],[-96.56296199972847,
32.862757000297826],[-96.56298799966774,32.862740999843766],[-96.56301100013228,32.86272999986007],[-96.56303399969849,32.862718999875064],[-96.56305100031526,32.86271100002224],[-96.56307999972924,32.862695000314496],[-96.56309700034599,32.86268999983934],
[-96.56314300037675,32.86268299977721],[-96.56319100005733,32.86268299977721],[-96.56320799977577,32.86268599991171],[-96.56323700008808,32.8626840003251],[-96.56324999960856,32.8626840003251],[-96.5632799997458,32.862674000127775],[-96.56330599968507,
32.86266300013577],[-96.56331599973082,32.8626579996588],[-96.56332900014961,32.86264999980052],[-96.56334199967007,32.86263899980554],[-96.56335199971582,32.86263400008173],[-96.5633650001346,32.86262300008477],[-96.56337900037832,32.862612000086436],
[-96.56339500027184,32.86260400022401],[-96.56343399973159,32.86260500001821],[-96.56344999962512,32.862612999880554],[-96.56346600041695,32.86262399987877],[-96.56349499983095,32.86263599966946],[-96.56352199959514,32.862634999875596],[-96.56354400023476,
32.86263400008173],[-96.56359299974024,32.86262600022128],[-96.56361299983172,32.86262700001524],[-96.56365499966451,32.86261900015417],[-96.56368499980175,32.86261100029232],[-96.56371800031202,32.862605999812416],[-96.56374699972602,32.8625989997437],
[-96.56381299984827,32.86258300001572],[-96.56384499963532,32.86257800028882],[-96.56387499977254,32.862575999945214],[-96.56390400008488,32.86257100021792],[-96.56393300039718,32.862568000079534],[-96.5639559999634,32.86256300035173],[-96.56397600005488,
32.86256100000784],[-96.56401500041297,32.86255000000182],[-96.56412599984272,32.86253299971547],[-96.56414299956116,32.86253299971547],[-96.56415599997993,32.862535999854984],[-96.56420799985848,32.86253400026499],[-96.564223999752,32.862531999920456],
[-96.56424700021654,32.862524000050755],[-96.56426399993498,32.86251600018038],[-96.56428300020156,32.86250800030929],[-96.56430300029304,32.8624999996829],[-96.56431900018656,32.8624980000921],[-96.56434900032379,32.86250100023286],[-96.56439700000436,
32.86250100023286],[-96.56444300003513,32.862491000014884],[-96.56445599955559,32.862488999669324],[-96.56445899992865,32.86250200002822],[-96.56445599955559,32.86251600018038],[-96.56444600040817,32.86253500005999],[-96.56442200011873,32.86255399993553],
[-96.56440899969994,32.86255899966385],[-96.56437600008798,32.862575000150684],[-96.56436299966919,32.86258099967229],[-96.56434699977564,32.8625860001536],[-96.5643369997299,32.86259400001766],[-96.56432300038452,32.862609999743654],[-96.56432000001146,
32.862620999742234],[-96.56432000001146,32.86263199973939],[-96.56433599990501,32.862642999735236],[-96.5643850003088,32.86264400028358],[-96.5644499997078,32.86263400008173],[-96.56447599964709,32.86262900035771],[-96.56450199958634,32.862620999742234],
[-96.56455500018811,32.86261100029232],[-96.56457699992941,32.8626089999495],[-96.56464600042472,32.862609999743654],[-96.56467700038685,32.86261399967465],[-96.5646880002575,32.86261900015417],[-96.56470099977798,32.862622000290756],[-96.5647169996715,
32.86262499967273],[-96.5647300000903,32.862630000151626],[-96.56474599998381,32.86263300028785],[-96.56476199987735,32.86263899980554],[-96.56478500034189,32.86264199994146],[-96.56481600030403,32.86264500007734],[-96.56487900005322,32.862656999865195],
[-96.56489599977165,32.862652000142404],[-96.56491099984028,32.862648000213106],[-96.56494199980241,32.86263899980554],[-96.56496799974165,32.86263099994554],[-96.56500100025195,32.86261800036012],[-96.56501700014547,32.862612999880554],[-96.56503999971169,
32.86260199988099],[-96.56505700032844,32.86259400001766],[-96.56508300026772,32.86257800028882],[-96.56509300031345,32.86256700028491],[-96.5651030003592,32.86255899966385],[-96.56511300040493,32.86254799965758],[-96.56512599992543,32.862538000199486],
[-96.56514299964385,32.86253000033038],[-96.56515600006264,32.862524000050755],[-96.56517199995618,32.86253000033038],[-96.565181000177,32.862557999869125],[-96.56517399960599,32.862579000083315],[-96.56517100013127,32.86259600036085],[-96.56517399960599,
32.862612000086436],[-96.56518000035209,32.86262900035771],[-96.5651889996746,32.862642999735236],[-96.56520200009341,32.862656999865195],[-96.56521499961389,32.86266799985794],[-96.56523399988046,32.86267899984932],[-96.56524999977398,32.86269099963253],
[-96.56526900004054,32.86270200037563],[-96.5653080003986,32.86272999986007],[-96.56533400033788,32.86274399997629],[-96.56536600012494,32.86276699973123],[-96.5653779998205,32.86277500033352],[-96.56539500043725,32.86278099984155],[-96.56540799995773,
32.86278700010374],[-96.56542399985125,32.86279000023471],[-96.56547900010284,32.86279599974178],[-96.56551199971479,32.86279400015765],[-96.56556699996639,32.86279499994972],[-96.56559000043092,32.86279800008036],[-96.56560899979918,32.86280299979492],
[-96.56562800006576,32.86281200018584],[-96.5656799999443,32.86283999963557],[-96.56570599988356,32.86285699986308],[-96.56573500019587,32.86287099995924],[-96.56577000035597,32.86289100030836],[-96.56579899976997,32.86290499964459],[-96.5658280000823,
32.86292199985965],[-96.56585700039462,32.86293699973597],[-96.56588300033387,32.862953000154604],[-96.56591199974787,32.86297000036051],[-96.56593699986225,32.86298699980853],[-96.56596000032678,32.863004000007855],[-96.56598500044113,32.86302100020392],
[-96.56600800000736,32.863037999642216],[-96.56602999974866,32.86305199970977],[-96.56604999984015,32.86306599977516],[-96.56606599973367,32.8630799998383],[-96.56608500000024,32.86309099977857],[-96.56610400026682,32.86310799995797],[-96.56612699983303,
32.863125000134154],[-96.5661519999474,32.86314200030704],[-96.56617500041192,32.86316100005254],[-96.56619999962795,32.86318100033626],[-96.5662580002526,32.86323100027126],[-96.56627999999391,32.86324600009534],[-96.56630299956012,32.863257000015025],
[-96.56632199982671,32.863264999818554],[-96.5663419999182,32.86327100004801],[-96.56636100018476,32.86327999963692],[-96.56637700007829,32.86328599986536],[-96.56639700016977,32.86329100030692],[-96.5664130000633,32.86329699978009],[-96.56645099969815,
32.86331399992],[-96.56646800031487,32.86332300025908],[-96.56650000010193,32.86334500007801],[-96.56651900036852,32.86335599998542],[-96.56653199988898,32.86337000000277],[-96.56654399958455,32.86338199969254],[-96.56655399963029,32.86339300034994],
[-96.56656299985113,32.86340700036144],[-96.56659200016344,32.86344000005653],[-96.5666530002628,32.86350099973491],[-96.56667500000412,32.86351799983577],[-96.56669699974543,32.86353199982755],[-96.56671400036218,32.863544000249966],[-96.56673299973043,
32.8635550001327],[-96.56675500037007,32.863563999692744],[-96.56680399987555,32.8635860002064],[-96.56686800034797,32.863608999742986],[-96.56690099995993,32.86361800005212],[-96.56693000027225,32.86362400025769],[-96.56695600021152,32.86362700036034],
[-96.56698200015079,32.86362800014302],[-96.56700800009006,32.86363100024554],[-96.56702099961053,32.86362800014302],[-96.56709599995361,32.86362899992569],[-96.56712199989288,32.8636350001305],[-96.56716100025092,32.86365200020562],[-96.56717399977141,
32.863660999755886],[-96.56720200025882,32.863680000144775],[-96.5672220003503,32.863691999792536],[-96.56724400009162,32.863702999656915],[-96.56728599992441,32.86371199995652],[-96.56730299964283,32.86371199995652],[-96.56734200000089,32.86370499997511],
[-96.5673550004197,32.863698999775025],[-96.56737499961287,32.86369400011098],[-96.56739800007739,32.863686000346135],[-96.56741700034397,32.863677999826024],[-96.5674340000624,32.863670000059734],[-96.56745400015389,32.863662000292685],[-96.56748000009316,
32.86364600000194],[-96.56753299979661,32.863611000063294],[-96.56755600026113,32.86359799986695],[-96.56758200020042,32.86358200031924],[-96.56760499976664,32.86357099968528],[-96.56761800018542,32.863573999789736],[-96.5676309997059,32.863590999876536],
[-96.56763699955367,32.863601999753456],[-96.56764400012469,32.8636189998349],[-96.56765199962229,32.86367900036269],[-96.56764800032265,32.86369799999316],[-96.56764400012469,32.86374200019402],[-96.56763300025402,32.863794000128884],[-96.56761900001034,
32.863843999718306],[-96.56761099961442,32.86390100000057],[-96.56760800013969,32.863922999676134],[-96.56760599959154,32.86397500025944],[-96.56761200033763,32.86403000014671],[-96.56761800018542,32.864057999966455],[-96.56762700040625,32.86408599977737],
[-96.56763599972878,32.8641080001616],[-96.56764900014757,32.8641329998713],[-96.56766400021617,32.86415800032855],[-96.5676800001097,32.86418500033152],[-96.56768599995749,32.864199000218],[-96.56769600000322,32.8642100000195],[-96.56770799969878,
32.86423300014882],[-96.56772399959232,32.86424700002774],[-96.56774000038415,32.864263000210045],[-96.5677560002777,32.864274999778985],[-96.5677849996917,32.86429700011633],[-96.56779800011049,32.86432199977274],[-96.56779700028557,32.86434100002002],
[-96.5677999997603,32.86435499988194],[-96.56780899998112,32.86438000027657],[-96.56781599965383,32.86439100005561],[-96.56782200039991,32.86439899975686],[-96.56783800029346,32.8644110000619],[-96.5678569996617,32.8644189997614],[-96.56789299964672,
32.86444700021284],[-96.56791799976108,32.86446400013237],[-96.5679410002256,32.86447499990101],[-96.56796999963962,32.86447599967413],[-96.5679899997311,32.864467999979766],[-96.56800999982258,32.86445499990909],[-96.56802300024137,32.8644459996849],
[-96.5680390001349,32.86444700021284],[-96.56807799959464,32.86445599968243],[-96.56810100005917,32.86446400013237],[-96.56811000028,32.8644700002807],[-96.56811699995272,32.86447799997482],[-96.56813899969401,32.86449799996155],[-96.5681450004401,
32.86450599965314],[-96.56817700022715,32.864531000005194],[-96.56818399989987,32.86454199976552],[-96.56819300012069,32.86455600035026],[-96.56821900005997,32.86457600031933],[-96.56822499990774,32.86458400000396],[-96.56821499986201,32.8646030001951],
[-96.56820200034151,32.864609000334035],[-96.56818200025003,32.86461900031318],[-96.56815899978548,32.86462699999386],[-96.56813299984623,32.86462699999386],[-96.56811699995272,32.86462099985616],[-96.56810100005917,32.86461300017487],[-96.56808799964038,
32.864603999966775],[-96.56807199974686,32.86459799982745],[-96.56805199965537,32.8645949997577],[-96.56803300028712,32.8646030001951],[-96.56802599971611,32.864617000015606],[-96.56801599967037,32.86463099983396],[-96.56800499979971,32.86465499962513],
[-96.56799200027923,32.86467099973384],[-96.56794500042358,32.86471200014073],[-96.56793899967747,32.864719999813026],[-96.56792799980683,32.864745000104755],[-96.56792500033208,32.864755999838536],[-96.56792399960885,32.86478299965944],[-96.56793000035495,
32.86480199980795],[-96.56794299987543,32.86483000013854],[-96.56795799994404,32.864860999766634],[-96.56797700021062,32.864888000310074],[-96.56800599962462,32.86491400032268],[-96.5680190000434,32.86492199997675],[-96.5680319995639,32.86492800009409],
[-96.56805099983046,32.8649359997469],[-96.56807099992194,32.86494799997933],[-96.56808699981548,32.86495899968793],[-96.56809900040935,32.864970000149654],[-96.56810899955678,32.864976000263816],[-96.56811500030288,32.86498399991228],[-96.56815700013567,
32.86501999983064],[-96.56819200029578,32.86504800009239],[-96.56822400008284,32.86507100000432],[-96.56825599986988,32.86509099985731],[-96.56829500022795,32.86510999993983],[-96.56833399968768,32.86512800025254],[-96.56840200035806,32.86515299967471],
[-96.56842400009936,32.86515899977648],[-96.56844400019087,32.86516799992832],[-96.56846000008437,32.865174000029015],[-96.56848199982569,32.86518199965962],[-96.56849900044243,32.865187999759435],[-96.56851100013802,32.86519600014333],[-96.56852799985644,
32.86520500029136],[-96.56853999955202,32.86521299991924],[-96.5685529999708,32.865224000349464],[-96.5685660003896,32.86524700021582],[-96.56857499971211,32.86527999998076],[-96.56858099955988,32.86531599977894],[-96.568587000306,32.86533199976844],
[-96.56858999978071,32.86534900027277],[-96.5686020003746,32.86538199999982],[-96.56861099969711,32.86540100002],[-96.56862400011592,32.86542399984038],[-96.56864000000942,32.86544299985157],[-96.56865900027601,32.86546300037522],[-96.56868100001732,
32.8654819996235],[-96.56871000032963,32.86550500017743],[-96.56873600026891,32.86551899985559],[-96.56876200020817,32.86552700020964],[-96.56879099962217,32.86553300028604],[-96.56884300039903,32.865528999732135],[-96.56887199981304,32.865528999732135],
[-96.56889199990451,32.8655319997703],[-96.56891100017108,32.86554099988428],[-96.5689270000646,32.86555500031126],[-96.56893999958508,32.865577000331065],[-96.56894899980593,32.865606999937704],[-96.56895800002675,32.865645999637444],[-96.56896999972231,
32.86568500007466],[-96.56899200036196,32.865720999708444],[-96.569016999578,32.86574599971799],[-96.56904599989029,32.865764999660186],[-96.56908199987531,32.86578299983994],[-96.56914299997467,32.86580499980318],[-96.56921099974673,32.865834000329386],
[-96.56928199989184,32.86586799963333],[-96.56934600036426,32.86590499970438],[-96.56941400013632,32.86594199975999],[-96.56947799971043,32.86597800004399],[-96.56953299996202,32.866003999736975],[-96.56958800021359,32.86602700015552],[-96.56960699958185,
32.86603499970925],[-96.56963300041944,32.86604399977213],[-96.56966199983344,32.86605500009933],[-96.56971999955975,32.86608399978928],[-96.56974600039734,32.86609500011153],[-96.56976899996356,32.8661089996965],[-96.56979099970488,32.86612099977021],
[-96.56983000006294,32.866142999649554],[-96.56986199984999,32.86616600003205],[-96.56987799974351,32.866174000327725],[-96.56989399963705,32.86618499988426],[-96.5699329999951,32.86620299997877],[-96.56994899988861,32.8662110002711],[-96.56997099962993,
32.86622000031617],[-96.57000999998799,32.866236999895776],[-96.57003299955421,32.86624299992421],[-96.57005500019383,32.866251000212934],[-96.57013300001164,32.86627399981287],[-96.57014899990517,32.86627699982588],[-96.57016499979868,32.866282999851556],
[-96.57018200041543,32.86628599986425],[-96.57024000014177,32.86630399993826],[-96.57026299970799,32.866309000209654],[-96.5702850003476,32.86631800024478],[-96.57030799991382,32.866324000267674],[-96.57033399985309,32.866333000301275],[-96.5703559995944,
32.8663409998274],[-96.57038200043199,32.86634999985928],[-96.57044400035626,32.86637300018807],[-96.57046299972453,32.866379000207246],[-96.57047899961805,32.866386999729166],[-96.57049899970954,32.866392999747454],[-96.57051499960306,32.86639899976526],
[-96.5705310003949,32.866407000039914],[-96.57054700028843,32.86641300005679],[-96.57057900007548,32.866430000353944],[-96.57059199959595,32.86643799987125],[-96.5706080003878,32.86644699989329],[-96.57062099990827,32.86645200015668],[-96.57063400032706,
32.86646100017729],[-96.57065000022058,32.86646899969181],[-96.57067600015985,32.86648599997823],[-96.57068899968034,32.86649199998975],[-96.57070100027421,32.86650000025602],[-96.57072999968821,32.866515000281716],[-96.57074999977971,32.866525999795954],
[-96.5707630001985,32.86653199980483],[-96.57077200041932,32.866540000067495],[-96.5707980003586,32.86655100033311],[-96.57081400025211,32.86656000034368],[-96.5708269997726,32.86656799984926],[-96.57085899955966,32.86658500011671],[-96.57087199997844,
32.866594000123825],[-96.57088200002418,32.86659899962438],[-96.57089500044296,32.86660499962826],[-96.57090399976549,32.866613999633344],[-96.570919999659,32.8666219998886],[-96.57094599959828,32.86663900014568],[-96.57096499986486,32.86664999964455],
[-96.57097800028365,32.866655999644976],[-96.57099099980412,32.86666399989644],[-96.57100699969766,32.86667299989554],[-96.57102299959116,32.86667899989446],[-96.57103600000995,32.866687000143855],[-96.5710519999035,32.86669600014063],[-96.57106500032228,
32.86670099963538],[-96.57107799984276,32.866709999630714],[-96.57110399978203,32.866720999875305],[-96.57111399982776,32.86672699987093],[-96.5711230000486,32.86673200011848],[-96.57113599956908,32.86674100011068],[-96.57114899998786,32.866747000105],
[-96.5711649998814,32.86675500034826],[-96.57118099977491,32.866764000338115],[-96.57119699966844,32.86677199982531],[-96.57121299956196,32.86678099981345],[-96.57125500029308,32.86679800004005],[-96.5712779998593,32.86680900027366],[-96.5712910002781,
32.866815000263394],[-96.57129999960061,32.86682599974043],[-96.5713130000194,32.86683199972895],[-96.57134200033171,32.8668429999584],[-96.57135900005015,32.866845999952105],[-96.57137099974572,32.86685199993928],[-96.57138800036249,32.866854999932734],
[-96.57140099988294,32.86686000017306],[-96.57143299967,32.86686900015226],[-96.57145600013453,32.86687500013794],[-96.57153300012742,32.866895000338566],[-96.57156900011243,32.86690100032247],[-96.57158199963291,32.86690400031421],[-96.57159500005172,
32.866905000059944],[-96.5716079995722,32.866908000051616],[-96.57165000030331,32.866908000051616],[-96.57166299982377,32.86690599980567],[-96.57167700006748,32.86689800033057],[-96.57168999958795,32.86688700010793],[-96.5716999996337,32.86688199986912],
[-96.57171600042554,32.86686799965164],[-96.57174599966444,32.86685199993928],[-96.57176199955796,32.86684399970476],[-96.57178099982454,32.866834999723075],[-96.57178599984742,32.86685199993928],[-96.57175300023546,32.86699400002049],[-96.5716079995722,
32.86738499969598],[-96.57147200002805,32.86772499978393],[-96.57138499998943,32.8679639998599],[-96.57132300006514,32.86818399987188],[-96.57130600034671,32.86829599988785],[-96.57131100036958,32.86833900034144],[-96.57133399993579,32.868364000367414],
[-96.57138099979147,32.868378000348756],[-96.57146600018027,32.868393999785745],[-96.5715459996479,32.868410999703116],[-96.57161799961793,32.86841599985571],[-96.57165199995312,32.86842000027944],[-96.57168200009033,32.86842000027944],[-96.5717769996266,
32.86840900024559],[-96.5718629998403,32.868354999785474],[-96.57188899977959,32.868312999824006],[-96.5719259995895,32.86825600011399],[-96.57197900019126,32.86809099991288],[-96.57207100025278,32.86762099996642],[-96.57211399991047,32.867366999841394],
[-96.57221299964468,32.86702499964663],[-96.57224899962969,32.86678000006631],[-96.57225899967543,32.86677499982142],[-96.57229200018573,32.86674799985251],[-96.57230600042942,32.866734000368346],[-96.5723189999499,32.866720999875305],[-96.57232599962258,
32.86671299962898],[-96.57233900004137,32.86669600014063],[-96.57234599971406,32.86668299964195],[-96.57235599975981,32.866669000147596],[-96.57236300033082,32.866652999644835],[-96.57237300037657,32.86663600014492],[-96.57239299956973,32.866612000135305],
[-96.57240000014075,32.86660099987725],[-96.57240599998852,32.866593000374586],[-96.5724329997527,32.866563000347014],[-96.5724460001715,32.86655200008283],[-96.57246999956263,32.866531000054906],[-96.57247600030873,32.86652200004139],[-96.57248600035447,
32.86651399977711],[-96.5724960004002,32.866503000261375],[-96.57250300007291,32.866492999740125],[-96.57251300011865,32.8664820002218],[-96.5725230001644,32.8664739999539],[-96.57252999983707,32.866462999678724],[-96.57253999988282,32.86645200015668],
[-96.57254699955551,32.86644099987871],[-96.57255699960126,32.86642700034615],[-96.57259699978422,32.866379000207246],[-96.57260699982997,32.86637000017831],[-96.57261299967777,32.86636199990031],[-96.5726229997235,32.866354000376155],[-96.57263000029452,
32.86634600009671],[-96.5726570000587,32.86632500001995],[-96.57267299995222,32.86631699973789],[-96.57268600037101,32.86630600019773],[-96.57272900002872,32.86627900008602],[-96.57276199964069,32.866263000267374],[-96.57277500005947,32.86625499997973],
[-96.5727919997779,32.866246999691356],[-96.5728050001967,32.86623900015682],[-96.57281500024243,32.866233000128176],[-96.57284100018171,32.8662170003013],[-96.57285399970219,32.866212000024646],[-96.57286399974794,32.86620399973239],[-96.57287799999163,
32.866196000193966],[-96.5728970002582,32.86618499988426],[-96.5729109996036,32.866174000327725],[-96.57292099964934,32.866169000048714],[-96.5729469995886,32.86615300021028],[-96.57296400020535,32.866141999895234],[-96.5729800000989,32.86613400035121],
[-96.57300000019036,32.86612399978835],[-96.57311499981809,32.866058999875015],[-96.57313200043484,32.86604900005823],[-96.5731509998031,32.86603799973029],[-96.57320100003182,32.86601400031337],[-96.57321699992535,32.86600299998109],[-96.57323399964379,
32.86599499966999],[-96.57325000043562,32.86599000013537],[-96.57328300004758,32.86597400026465],[-96.57329599956806,32.86596599995093],[-96.57331300018481,32.865957999636485],[-96.57332900007833,32.86595300009984],[-96.5733619996903,32.86593700022239],
[-96.57339799967531,32.86592400036705],[-96.57341500029206,32.86591600004882],[-96.57342799981254,32.86590999999834],[-96.57344399970607,32.86590499970438],[-96.57345399975182,32.86590000016474],[-96.57347999969107,32.86588899981831],[-96.57349700030782,
32.865887000303935],[-96.5735459998133,32.865870999660075],[-96.57356199970684,32.86586799963333],[-96.57358199979832,32.86586300009161],[-96.5736150003086,32.865853000252734],[-96.57363399967686,32.86584799995561],[-96.57364799992055,32.865844999928086],
[-96.57366100033936,32.86583999963052],[-96.57367399985984,32.86583700035728],[-96.57368700027862,32.865832000059214],[-96.57370300017215,32.865829000031205],[-96.57371599969262,32.86582399973268],[-96.57374300035512,32.86581900018848],[-96.5737559998756,
32.8658139998894],[-96.57378799966266,32.86580900034464],[-96.57380500027939,32.86580300028691],[-96.57382100017293,32.86580100001605],[-96.57385100031016,32.8657790000518],[-96.57387100040164,32.86577099972049],[-96.57389399996786,32.8657660001733],
[-96.57394599984639,32.86576199962985],[-96.57401100014371,32.865763000143005],[-96.57407600044105,32.86576900020345],[-96.57414699968784,32.86578100032316],[-96.57416400030459,32.86578400035285],[-96.57417699982508,32.8657869996279],[-96.5741929997186,
32.86578999965733],[-96.57420899961214,32.865795999716],[-96.5742349995514,32.865801999774206],[-96.57424799997018,32.86580799983201],[-96.57427999975724,32.86581900018848],[-96.57429300017604,32.865825000245145],[-96.5743249999631,32.86583599984496],
[-96.57435099990235,32.865844999928086],[-96.57437099999385,32.865853000252734],[-96.57438699988737,32.86585600027998],[-96.57441000035189,32.86585700003753],[-96.57442899972015,32.86586000006459],[-96.57446499970517,32.86585799979506],[-96.57449300019258,
32.86585799979506],[-96.57450700043627,32.86585799979506],[-96.57451999995676,32.86585600027998],[-96.57454599989602,32.86585600027998],[-96.5745590003148,32.86585400001031],[-96.57459500029982,32.86585099998299],[-96.5746210002391,32.865851999740585],
[-96.57464700017836,32.865854999767876],[-96.57468599963812,32.865866999875905],[-96.57471900014838,32.86587500019854],[-96.57473800041497,32.865866999875905],[-96.57476400035422,32.865872999929366],[-96.57481000038499,32.86588500003495],[-96.57482899975324,
32.865891000087196],[-96.57485200021776,32.86589700013897],[-96.57487099958603,32.86590199967883],[-96.57490300027139,32.865913999780496],[-96.57492900021067,32.86592299985571],[-96.57495199977689,32.86593100017331],[-96.57496199982262,32.86593700022239],
[-96.57501299987626,32.865949000319375],[-96.57504300001348,32.86595500036723],[-96.57507499980053,32.86596099966019],[-96.5751080003108,32.865963999683785],[-96.5751559999914,32.86596699970723],[-96.57678999956059,32.866132000087816],[-96.57696299981295,
32.866177000344116],[-96.57696199998804,32.86620699974778],[-96.57697200003379,32.86622600034575],[-96.57697500040683,32.866236999895776],[-96.57698399972934,32.866251000212934],[-96.5769870001024,32.866260000253945],[-96.57699700014814,32.86627900008602],
[-96.5770089998437,32.86629599965431],[-96.57702200026249,32.86631200022149],[-96.57702800011027,32.86632100025631],[-96.57703800015602,32.86633199979461],[-96.57705700042261,32.86635100036574],[-96.57706699957002,32.86635699963191],[-96.57707900016389,
32.866367999920236],[-96.57708900020965,32.866373999939796],[-96.57710199973012,32.86638200021672],[-96.57711500014891,32.866388000235276],[-96.57712400036975,32.86639400025343],[-96.57713699989021,32.86639899976526],[-96.57715399960865,32.86640499978268],
[-96.57716700002744,32.86640799979124],[-96.57717899972302,32.86641399980806],[-96.57719600033977,32.86641699981632],[-96.57722800012682,32.86642800009721],[-96.57725099969304,32.86643400011271],[-96.57725999991388,32.86644000012776],[-96.57731900036343,
32.86645699966518],[-96.57734100010472,32.866462999678724],[-96.57735699999826,32.866465999685296],[-96.57739299998325,32.86646899969181],[-96.57740600040205,32.86647199969822],[-96.57744200038707,32.866476000209595],[-96.57746499995328,32.866476000209595],
[-96.57747800037207,32.866479000215776],[-96.5775009999383,32.866479000215776],[-96.5775229996796,32.8664820002218],[-96.57754600014412,32.86648500022776],[-96.5775589996646,32.866488000233645],[-96.57759499964962,32.86649199998975],[-96.5776209995889,
32.866494999995396],[-96.57766300032,32.866494999995396],[-96.57767900021352,32.86649800000087],[-96.57770199977975,32.86649899975118],[-96.57775100018355,32.866507999767016],[-96.57776999955182,32.86651399977711],[-96.57778600034365,32.86651699978195],
[-96.57779899986413,32.86652200004139],[-96.57781499975765,32.86652800005048],[-96.57782800017644,32.866531000054906],[-96.57785099974267,32.866540000067495],[-96.57787699968195,32.86655100033311],[-96.57789900032155,32.86656000034368],[-96.57790900036728,
32.86656499984616],[-96.5779379997813,32.86657900011147],[-96.57796700009362,32.866594000123825],[-96.57800599955335,32.86661899988732],[-96.57801899997214,32.866624999889844],[-96.57803099966772,32.866633000144105],[-96.57804099971345,32.86663900014568],
[-96.57806699965273,32.86666399989644],[-96.57807599987356,32.86667200014719],[-96.57809199976708,32.86669199963912],[-96.57810500018589,32.86670800013485],[-96.57811699988143,32.8667219996231],[-96.57812699992718,32.86673599986364],[-96.57813600014802,
32.866747000105],[-96.57814299982071,32.86675800034494],[-96.57815200004156,32.866767000334505],[-96.57815899971423,32.86677799981749],[-96.57816799993508,32.86678600005795],[-96.57818100035387,32.86680300028359],[-96.57818700020165,32.86681399976211],
[-96.57820899994294,32.866846999698495],[-96.57822200036173,32.86686399991244],[-96.57823099968425,32.866881000123136],[-96.57823900008017,32.86689900007636],[-96.57824400010306,32.86691700002594],[-96.57824999995084,32.86693299972653],[-96.57825900017167,
32.866949999924],[-96.57827800043825,32.866975000341604],[-96.57828799958567,32.866982999809764],[-96.57829699980648,32.86699499976521],[-96.57832000027103,32.867014000194345],[-96.57833600016455,32.86702300015786],[-96.57836100027892,32.86704000033807],
[-96.57837100032465,32.86704799980043],[-96.57839700026393,32.867059000003024],[-96.57840599958642,32.86706499997583],[-96.57844199957144,32.867079000162214],[-96.57846099983803,32.86708800011919],[-96.57848099992951,32.86709600033169],[-96.57849000015035,
32.86710200030194],[-96.57850299967082,32.867108000271784],[-96.5785160000896,32.86711100025658],[-96.57853899965583,32.86711400024127],[-96.57854899970157,32.867118999712474],[-96.57856200012036,32.867121999696906],[-96.5785710003412,32.86713099964951],
[-96.57859700028048,32.86714799980901],[-96.578613000174,32.867156000016095],[-96.57866099985456,32.86719799977102],[-96.57867099990031,32.86720399973438],[-96.57868299959587,32.86721799989887],[-96.57869000016689,32.867226000099635],[-96.57870900043346,
32.867243000240926],[-96.57871500028124,32.8672509996849],[-96.578725000327,32.867256999644674],[-96.57877600038061,32.86729900010629],[-96.57878600042635,32.867310000277826],[-96.57879499974887,32.86731799971576],[-96.5788049997946,32.867329999625866],
[-96.57883400010694,32.86733799981652],[-96.5788469996274,32.86734099979349],[-96.57891500029778,32.867342000288836],[-96.57892799981828,32.86734000005267],[-96.5789510002828,32.86734000005267],[-96.57897399984903,32.86733799981652],[-96.57899999978828,
32.867329999625866],[-96.57901999987978,32.86732500016652],[-96.5790359997733,32.86731399999686],[-96.57904900019209,32.86730599980401],[-96.57905900023782,32.867298000365004],[-96.57907299958323,32.867290000170726],[-96.57908299962897,32.86728199997574],
[-96.5790990004208,32.86727099980074],[-96.57910899956822,32.867263000358555],[-96.57912199998702,32.867256999644674],[-96.57913500040581,32.867249000201234],[-96.57919499978195,32.867200999752775],[-96.57920800020074,32.86719600028616],[-96.57922499991918,
32.86718800008268],[-96.57923800033798,32.86717999987849],[-96.57926400027725,32.86716899969083],[-96.57928099999566,32.86716400022246],[-96.57929400041446,32.8671580002564],[-96.57931299978273,32.867156000016095],[-96.57934299991996,32.867153999775745],
[-96.57943400015655,32.8671550002732],[-96.57944699967703,32.86715300003283],[-96.57948299966203,32.867156000016095],[-96.57950899960132,32.867156000016095],[-96.5795220000201,32.86715899999927],[-96.57958700031743,32.86717099993084],[-96.57960300021095,
32.86717699989602],[-96.57961900010447,32.86717999987849],[-96.579634999998,32.867185999843045],[-96.57965099989153,32.86718899982522],[-96.57966400031032,32.8671940000467],[-96.57967699983081,32.8671970000286],[-96.57969299972433,32.86720299999201],
[-96.57971299981581,32.8672119999364],[-96.57972200003664,32.86721700015666],[-96.57973499955712,32.86722300011873],[-96.57974499960285,32.867229000080386],[-96.57977100044045,32.867240000260594],[-96.57977999976296,32.867247999704844],[-96.57979700037973,
32.86725399966487],[-96.57980900007529,32.867263000358555],[-96.57982199959577,32.86726799982141],[-96.57983500001454,32.867276999759206],[-96.57986099995381,32.867287999933396],[-96.57987099999954,32.86729399989072],[-96.57988400041835,32.86729900010629],
[-96.5799029997866,32.86731100001897],[-96.5799160002054,32.867316000233586],[-96.57992500042624,32.867322000188956],[-96.5799379999467,32.86732800014397],[-96.5799510003655,32.86733600033482],[-96.57996399988598,32.867342000288836],[-96.57997999977951,
32.86734999972387],[-96.5799930001983,32.86735899965335],[-96.58000900009183,32.86736500036034],[-96.5800219996123,32.86737299979331],[-96.58003500003109,32.86737899974488],[-96.58004799955157,32.86738699993112],[-96.58007400038916,32.86739899983184],
[-96.58008299971166,32.86740400004155],[-96.5800989996052,32.86740999999096],[-96.58011899969667,32.86741899991435],[-96.58013200011547,32.86742400012287],[-96.58014100033631,32.86743000007098],[-96.58015399985676,32.867433000044834],[-96.58017700032131,
32.86744100022621],[-96.58018999984178,32.86744700017318],[-96.58021599978106,32.8674560000928],[-96.58024199972031,32.8674640002721],[-96.58025799961385,32.86747000021745],[-96.58027400040568,32.8674760001624],[-96.58029000029923,32.86747900013474],
[-96.58036800011702,32.86749699996659],[-96.5803809996375,32.86749699996659],[-96.58040400010202,32.86750299990971],[-96.58046199982836,32.86750399964868],[-96.58047900044511,32.86750099967719],[-96.58049799981336,32.86749600022754],[-96.58051799990484,
32.867493000255756],[-96.58053399979838,32.86749100002301],[-96.58054700021717,32.867488000051125],[-96.58055999973764,32.86748299984615],[-96.58058700040014,32.867477999640954],[-96.58062900023293,32.86747000021745],[-96.58064199975341,32.86746799998417],
[-96.58066199984488,32.86746500001146],[-96.58068100011147,32.86745999980524],[-96.58070799987564,32.86745500035328],[-96.58072100029445,32.86745000014644],[-96.58073700018797,32.86744700017318],[-96.58075800010437,32.86744199996589],[-96.58077300017297,
32.8674339997846],[-96.5808030003102,32.86742600035713],[-96.58081300035593,32.86742100014872],[-96.5808319997242,32.86741899991435],[-96.58084900034095,32.86741599993997],[-96.58086799970921,32.86741399970554],[-96.58088799980071,32.867416999679925],
[-96.58090700006727,32.86742199988862],[-96.58092600033383,32.86743099981079],[-96.58094600042534,32.86743999973204],[-96.58096200031885,32.86744799991278],[-96.58097499983934,32.8674560000928],[-96.5809940001059,32.86747300018994],[-96.5810069996264,
32.86749000028389],[-96.58100999999944,32.86750099967719],[-96.58102199969501,32.86751799976576],[-96.58102800044111,32.867537000082834],[-96.58103500011379,32.867545000254815],[-96.58103799958853,32.8675559996413],[-96.58104699980936,32.86758399985681],
[-96.58105299965715,32.86759499999298],[-96.58105900040324,32.86761400029355],[-96.58106799972576,32.86764799966958],[-96.58107500029675,32.867658999797754],[-96.58108399961928,32.867689000209126],[-96.58109000036538,32.86770000033222],[-96.58109700003807,
32.86772199981989],[-96.58125199984877,32.86786900020042],[-96.58142099990316,32.868017999803676],[-96.5814850003756,32.868093000132035],[-96.58150499956875,32.86814699999724],[-96.58151899981247,32.868203999777336],[-96.58151899981247,32.86824599979043],
[-96.58153899990394,32.86827399978811],[-96.58157300023913,32.86827899994843],[-96.58161300042211,32.86825699984447],[-96.58168100019418,32.8681550001142],[-96.5817249996768,32.86812499986055],[-96.58184299967756,32.86810799988833],[-96.58190700014998,
32.86811399979011],[-96.58193700028721,32.86812199991005],[-96.58193999976194,32.86813899987957],[-96.5819220002186,32.86816999985995],[-96.58183299963183,32.86821700005296],[-96.5817749999055,32.868265999681896],[-96.58172100037714,32.86834399974357],
[-96.5816760001713,32.868423000219785],[-96.58164699985898,32.86851099968371],[-96.58163199979037,32.868535999661226],[-96.58163500016343,32.868553000305845],[-96.58163500016343,32.86856599977583],[-96.58162500011767,32.868573999854995],[-96.58160800039923,
32.868579999725235],[-96.58159499998045,32.86858199993342],[-96.58158199956166,32.86859000001113],[-96.5815849999347,32.86860100002251],[-96.58159499998045,32.86861499996638],[-96.58161099987397,32.86862599997466],[-96.58163699981324,32.868637999707715],
[-96.58166100010268,32.868637999707715],[-96.58168200001907,32.868639000188416],[-96.5816979999126,32.86864200012142],[-96.58172100037714,32.86864700026098],[-96.58173700027068,32.86865000019371],[-96.58176300020995,32.86865600005882],[-96.58177599973041,
32.868664999855746],[-96.58179199962395,32.86867599985783],[-96.5818019996697,32.86868699985847],[-96.58180800041578,32.86870099978882],[-96.5818169997383,32.86873399977744],[-96.58182299958608,32.86875099962963],[-96.58182299958608,32.86876200037557],
[-96.58182900033218,32.86878400035423],[-96.58182900033218,32.868795000341535],[-96.58183099998199,32.86881099970328],[-96.58183400035504,32.86883100022179],[-96.58183699982978,32.86884200020326],[-96.58184000020283,32.86886400016208],[-96.58184299967756,
32.86889100024129],[-96.58184600005062,32.86891600011168],[-96.5818450002257,32.868930000005825],[-96.58184799970043,32.86894399989781],[-96.5818510000735,32.86895999998719],[-96.58185699992127,32.86898499983812],[-96.58186299976904,32.869000999920104],
[-96.58186600014209,32.869013000356915],[-96.58187199998989,32.86902899967933],[-96.58188200003563,32.869047999672645],[-96.58189100025646,32.86906800013768],[-96.58189999957898,32.86908700012263],[-96.58193200026435,32.869143000332514],[-96.58194099958686,
32.86915700019082],[-96.5819570003787,32.869184000180816],[-96.5819640000514,32.86919599983835],[-96.58211100036449,32.8694529999114],[-96.582119999687,32.86946500028711],[-96.582127000258,32.869477999623335],[-96.58214499980134,32.86950599998651],
[-96.58216400006793,32.86953700024351],[-96.58217099974063,32.869545000235064],[-96.5821900000072,32.869572999822516],[-96.58220500007582,32.86959800025513],[-96.58221500012155,32.869614000226505],[-96.58222699981711,32.86963899989304],[-96.58224299971066,
32.869670000103554],[-96.58225199993147,32.86969199985693],[-96.5822610001523,32.869720000152526],[-96.58226399962705,32.86974400007548],[-96.58226700000009,32.86975299976197],[-96.58228000041888,32.86976899970537],[-96.5822960003124,32.869789000007785],
[-96.58232800009945,32.8698170002727],[-96.58235300021381,32.86983399991726],[-96.58240199971931,32.86986200016801],[-96.5824150001381,32.869867999951104],[-96.58243400040467,32.8698739997338],[-96.58245299977294,32.86988199969494],[-96.58246600019172,
32.8698850003404],[-96.5824789997122,32.869891000121946],[-96.58250499965146,32.86989699990307],[-96.58252100044331,32.86989999979352],[-96.58253399996379,32.869904999862136],[-96.58258599984231,32.86991700017667],[-96.58259599988806,32.869922999956046],
[-96.58261500015463,32.86992899973501],[-96.58263799972084,32.86993399980206],[-96.5826899995994,32.86994600011262],[-96.5827740001633,32.869946999824045],[-96.58280400030051,32.869944999646656],[-96.58282299966878,32.869943000223735],[-96.58284000028553,
32.86994000033479],[-96.58285600017906,32.86993800015725],[-96.58287600027055,32.86993300009048],[-96.58288899979104,32.86993300009048],[-96.5829080000576,32.86992800002337],[-96.58292499977604,32.86992500013394],[-96.58294800024058,32.869922999956046],
[-96.58296099976104,32.86992000006639],[-96.58297400017983,32.869917999888436],[-96.58303299973107,32.86990199997192],[-96.58305199999764,32.86989699990307],[-96.58307499956386,32.86988899994328],[-96.58308899980756,32.869886000052524],[-96.58310800007413,
32.86988099998277],[-96.58312599961748,32.86987699962502],[-96.58314400005915,32.86987599991279],[-96.58318000004415,32.869868999663424],[-96.58319299956463,32.869868999663424],[-96.58321900040222,32.86986400034723],[-96.58323199992269,32.86986400034723],
[-96.58324500034149,32.86986099970111],[-96.5832810003265,32.869859000276286],[-96.58331999978624,32.8698599999887],[-96.58333300020504,32.86985700009691],[-96.58334599972551,32.86985700009691],[-96.58346100025155,32.86983999970231],[-96.58348700019083,
32.86983499962995],[-96.5835070002823,32.86983000031189],[-96.58351999980279,32.869826999664575],[-96.58355300031306,32.86981899969847],[-96.58357500005437,32.869813999624995],[-96.58358900029808,32.86980900030569],[-96.58361500023734,32.86980400023165],
[-96.58362799975782,32.86979799968971],[-96.58364399965134,32.86979600026348],[-96.58365700007015,32.8697910001887],[-96.58367399978857,32.86978800029457],[-96.58368700020735,32.86978300021934],[-96.58371300014663,32.869778000143775],[-96.58374599975859,
32.86977000017326],[-96.58375900017738,32.86976500009702],[-96.58377900026888,32.8697600000205],[-96.5837950001624,32.86975400023004],[-96.58381500025388,32.86974600025735],[-96.58384100019316,32.86973300020589],[-96.5838510002389,32.869728000127566],
[-96.58386700013241,32.869720000152526],[-96.58390700031539,32.86970900027996],[-96.58392599968366,32.86970999999408],[-96.5839490001482,32.869712999890844],[-96.58398799960793,32.8697300003098],[-96.58399699982877,32.86973800028393],[-96.5840069998745,
32.86974699997105],[-96.5840200002933,32.8697600000205],[-96.58402600014108,32.86976899970537],[-96.58404500040766,32.86978800029457],[-96.58406399977592,32.86979999987041],[-96.58408100039267,32.86980499994468],[-96.58409300008823,32.86981099973164],
[-96.58410300013396,32.8698170002727],[-96.58411599965446,32.869822000346055],[-96.58412900007325,32.86983100002464],[-96.58414199959373,32.86984999984604],[-96.58414699961658,32.86987500020056],[-96.58415099981454,32.869886000052524],[-96.58414999998963,
32.86991599971039],[-96.58415300036268,32.86993000020115],[-96.58414599979167,32.869946999824045],[-96.58414199959373,32.86995799966708],[-96.58413599974593,32.8699660003751],[-96.58413200044627,32.869977000215776],[-96.58410499978379,32.87001999985419],
[-96.58408800006535,32.87004500016072],[-96.58408200021756,32.87005300010644],[-96.58407100034691,32.87007699993925],[-96.58405799992813,32.87009900034621],[-96.58405299990527,32.87011399976313],[-96.58404399968443,32.870136999870155],[-96.58403700001173,
32.87015900026217],[-96.58403700001173,32.8701700000789],[-96.58403000033904,32.870199999640676],[-96.58402600014108,32.87021100020678],[-96.58402299976802,32.8702279997758],[-96.58402100011821,32.87030999995907],[-96.58402399959294,32.87031900034256],
[-96.58402399959294,32.87033000013946],[-96.58402699996599,32.870340999934974],[-96.58403600018681,32.870359999647086],[-96.5840420000346,32.87037400006775],[-96.5840489997073,32.87038199998378],[-96.58405499955508,32.87039299977285],[-96.58406399977592,
32.87040200014799],[-96.58407700019471,32.87041799997427],[-96.58408700024044,32.87042399971975],[-96.58409300008823,32.870431999631265],[-96.58412200040054,32.870454999655784],[-96.58418000012688,32.87047799967436],[-96.58420900043919,32.870494999946686],
[-96.58422799980744,32.87050599972174],[-96.58424399970097,32.87051700024988],[-96.58426399979246,32.87052599985792],[-96.58427700021124,32.87052899972707],[-96.58428600043209,32.870536999629124],[-96.5843020003256,32.87054800015341],[-96.58431800021914,
32.87056199978988],[-96.58432800026488,32.87056800028012],[-96.58433800031061,32.87057900004611],[-96.58434699963314,32.87058799964785],[-96.5843659998997,32.87060700006155],[-96.58438199979322,32.870627000175],[-96.58439799968676,32.87064299996069],
[-96.58441100010553,32.87066000020138],[-96.58442000032638,32.87067399982017],[-96.58443299984685,32.870688000191244],[-96.58445200011343,32.870716000172266],[-96.58448700027353,32.8707549998886],[-96.584499999794,32.87076299977026],[-96.58451200038789,
32.87077400026655],[-96.58452900010633,32.870785999708914],[-96.58454099980187,32.87079700020237],[-96.58455699969542,32.870805000080246],[-96.58458600000773,32.87082500014897],[-96.58460199990125,32.8708330000243],[-96.58461500032004,32.87083899974176],
[-96.58464399973404,32.87085599994482],[-96.5846539997798,32.87086199966071],[-96.58467300004638,32.870873000144684],[-96.58469200031293,32.870886999729834],[-96.58474400019148,32.87092100011441],[-96.58477000013073,32.87093999970224],[-96.58479199987205,
32.87095999974057],[-96.58480500029086,32.87096800035823],[-96.58482399965911,32.87098499978206],[-96.58484299992567,32.87099900010408],[-96.58486200019225,32.87101299966934],[-96.58489800017726,32.87102799968613],[-96.58491099969774,32.87103299969115],
[-96.58492400011653,32.871036000297664],[-96.58493300033737,32.87104200000132],[-96.58495900027663,32.871047999704565],[-96.58498900041386,32.87105600031428],[-96.58500500030739,32.871059000165516],[-96.58503399972139,32.871064999867606],[-96.58505999966066,
32.87107100032381],[-96.58507599955418,32.87107200002256],[-96.58508899997297,32.87107499987325],[-96.58515400027031,32.87108700002936],[-96.58516699979077,32.87108700002936],[-96.58518000020956,32.871089999879544],[-96.58520299977579,32.871092999729576],
[-96.58521600019458,32.871092999729576],[-96.58523499956284,32.871099000183875],[-96.58525499965432,32.87110200003364],[-96.58530599970796,32.87112499988437],[-96.58535799958649,32.87115799972541],[-96.58536699980733,32.87116400017531],[-96.5853869998988,
32.87118100031611],[-96.58540299979234,32.87119200000601],[-96.58540899964012,32.87119999984824],[-96.58547599958727,32.871259000077075],[-96.58550200042484,32.87127600019959],[-96.58551099974737,32.87128400003425],[-96.58554000005968,32.87130100015205],
[-96.58555599995321,32.87131300027758],[-96.58557199984674,32.87132399995115],[-96.58559199993822,32.87132999963533],[-96.58560100015904,32.87133499962336],[-96.58564100034202,32.87134399990281],[-96.58565700023556,32.871346999744304],[-96.58568300017481,
32.87135300018141],[-96.58569900006836,32.87135600002259],[-96.58578000025919,32.87135699971812],[-96.58579299977968,32.87136000031362],[-96.585822000092,32.8713610000091],[-96.58587099959747,32.87137000028598],[-96.58590999995555,32.87137599996703],
[-96.58593300042007,32.871378999807426],[-96.58594900031359,32.871381999647674],[-96.58596500020712,32.87138800008247],[-96.5860139997126,32.87139700035653],[-96.5860270001314,32.8714020003408],[-96.58604300002493,32.87140500018027],[-96.58605899991845,
32.871410999859016],[-96.58607499981197,32.87142000013075],[-96.5860909997055,32.87142500011372],[-96.58610099975125,32.871430999791045],[-96.58611699964477,32.87143700022247],[-96.5861269996905,32.87144200020442],[-96.58615900037587,32.87145700014864],
[-96.58616900042162,32.87146200012951],[-96.58617500026942,32.87147099964164],[-96.58619100016293,32.871497999681445],[-96.5862039996834,32.87151499975821],[-96.58622600032302,32.871548000208534],[-96.58624100039164,32.871568000109725],[-96.58625100043739,
32.8715870003134],[-96.58625399991212,32.871595999812826],[-96.58625700028517,32.87161500001057],[-96.5862520002623,32.871666999855776],[-96.5862520002623,32.87168100007005],[-96.58624899988924,32.87169399983589],[-96.58624499969129,32.8717050002167],
[-96.58624200021657,32.87171599984158],[-96.58623499964555,32.87173299987655],[-96.58622499959982,32.87174099966997],[-96.58620799988137,32.87175700000911],[-96.58619799983563,32.87176199997302],[-96.58617799974414,32.871778999999165],[-96.5861679996984,
32.87178399996183],[-96.58616199985062,32.871791999750634],[-96.58615199980487,32.87179699971257],[-96.58614199975912,32.871805999945174],[-96.5861059997741,32.87182700023285],[-96.58608599968264,32.87184299980199],[-96.58607599963689,32.871847999761094],
[-96.58606200029152,32.871861999946795],[-96.58604899987272,32.87187800026412],[-96.58603200015428,32.87189699964687],[-96.58602200010854,32.87191099982483],[-96.58601600026073,32.87191900035668],[-96.58600200001705,32.87193799973071],[-96.5859919999713,
32.87194900008118],[-96.58597899955251,32.87195999967585],[-96.58596900040509,32.87196800020327],[-96.58596199983407,32.871975999975476],[-96.58593900026784,32.871992000272165],[-96.58593199969684,32.87200000004221],[-96.58592199965109,32.87200799981154],
[-96.58590900013063,32.87201400020391],[-96.58590300028283,32.87202199997197],[-96.58587599962034,32.87203800026041],[-96.58586599957461,32.87204300020848],[-96.58585300005413,32.87205399979147],[-96.58583999963533,32.87207599970784],[-96.58583299996265,
32.87208700004124],[-96.58582600028994,32.8721060001337],[-96.585822000092,32.87212199965249],[-96.58582100026707,32.87216900001416],[-96.5858239997418,32.87218599996222],[-96.58583700016061,32.872219000162836],[-96.5858430000084,32.8722269999124],
[-96.585858000077,32.87226599971859],[-96.58586499974969,32.872274000218354],[-96.58587700034357,32.872284999772695],[-96.58588700038932,32.87229100014632],[-96.58592599984905,32.87230800007105],[-96.58597799972759,32.872320000060284],[-96.58600000036722,
32.87232299986875],[-96.5860129998877,32.87232299986875],[-96.5860260003065,32.87232599967711],[-96.58604899987272,32.87232599967711],[-96.58606200029152,32.8723290002398],[-96.58612099984273,32.87232999992437],[-96.58613699973625,32.87232799980073],
[-96.58616600004858,32.87232799980073],[-96.58620600023156,32.87232299986875],[-96.58622499959982,32.87232400030787],[-96.58625800011008,32.872319000375605],[-96.5862740000036,32.872319000375605],[-96.58634000012584,32.87230899975585],[-96.58636199986714,
32.87230699963173],[-96.58638500033169,32.87230100001368],[-96.58645099955561,32.87229399995577],[-96.58650900018024,32.87228699989731],[-96.58652599989868,32.87228199996295],[-96.5865619998837,32.87227700002837],[-96.58658100015026,32.87227099965379],
[-96.58659399967075,32.872269000283325],[-96.58660799991445,32.87226400034801],[-96.58662100033324,32.87226099978306],[-96.58663399985373,32.8722559998473],[-96.58664999974724,32.87225300003657],[-96.58666300016603,32.87224800010035],[-96.58669599977799,
32.87223699978697],[-96.58671199967154,32.87223499966124],[-96.58672300044049,32.87223699978697],[-96.58673799961079,32.872241999723805],[-96.58675600005246,32.87225500016189],[-96.58678500036477,32.872356000018335],[-96.58677699996886,32.872377000175774],
[-96.58676899957293,32.87238600034945],[-96.58675400040265,32.8723980003282],[-96.58674099998385,32.87241099998891],[-96.58670199962577,32.872427000207146],[-96.58667599968652,32.87243200013327],[-96.58665899996807,32.87243499993795],[-96.5866460004476,
32.87243499993795],[-96.58662999965577,32.8724370000591],[-96.58661399976222,32.8724370000591],[-96.58659399967075,32.87243900018029],[-96.58657500030249,32.87243900018029],[-96.586555000211,32.872441000301414],[-96.58652900027174,32.87244699991],
[-96.58647999986792,32.872451000151855],[-96.58645999977645,32.87245600007662],[-96.5864210003167,32.87246100000112],[-96.58640100022521,32.87246700036283],[-96.58638500033169,32.87246899972884],[-96.5863650002402,32.872473999652655],[-96.58631300036167,
32.87248200013363],[-96.58626999980565,32.8724890001767],[-96.58625399991212,32.8724890001767],[-96.58616299967552,32.872503000261176],[-96.58613599991135,32.87251199966763],[-96.58609999992633,32.87252200026455],[-96.58608700040587,32.87252500006617],
[-96.58607399998706,32.87252999998676],[-96.58606099956828,32.87253299978813],[-96.58603200015428,32.87254100026379],[-96.58601799991057,32.87254600018354],[-96.58598199992556,32.872553999903595],[-96.5859429995675,32.872563999741224],[-96.58592000000128,
32.87256599985954],[-96.58590699958248,32.872568999659684],[-96.58587399997053,32.87257400033228],[-96.58585499970394,32.87257400033228],[-96.58583899981043,32.87257599969588],[-96.585822000092,32.87257599969588],[-96.58580600019847,32.87257799981387],
[-96.58579000030494,32.87257799981387],[-96.58574699974892,32.87258600028552],[-96.58573699970317,32.87259100020273],[-96.5857240001827,32.8725960001196],[-96.58570400009121,32.87261299998584],[-96.58568399999973,32.87262299981681],[-96.5856680001062,
32.872631000284414],[-96.58563200012118,32.8726389999968],[-96.5856120000297,32.87264100011342],[-96.58559299976312,32.87264699970847],[-96.58557900041774,32.8726550001739],[-96.58556900037199,32.87267100034811],[-96.58556299962589,32.872684999649344],
[-96.58555599995321,32.87270599972882],[-96.58555199975525,32.87271999977904],[-96.58554500008256,32.87274200028462],[-96.58553500003681,32.87275600032915],[-96.58552499999107,32.87277500027824],[-96.58551499994532,32.87278599977043],[-96.58549499985384,
32.872815000276965],[-96.58548800018114,32.87282599976419],[-96.58548099961013,32.87283999979545],[-96.58547999978524,32.87288699977644],[-96.58548300015826,32.87290400034136],[-96.58548900000606,32.87291999971614],[-96.5854920003791,32.87293399973256],
[-96.58549499985384,32.872947000069175],[-96.58550099970164,32.87296100008132],[-96.58551099974737,32.87297799987756],[-96.58552599981597,32.87301700010784],[-96.58553199966376,32.873031000108945],[-96.58553800040985,32.87304999999916],[-96.58554799955728,
32.87307199966837],[-96.58555699977812,32.87309100030423],[-96.58556000015118,32.87310199975721],[-96.58557000019691,32.87311599974489],[-96.58558199989247,32.873136000046806],[-96.585597999786,32.873163000334046],[-96.58560399963379,32.87317700031208],
[-96.58561000037989,32.873194000066924],[-96.58561299985462,32.87321299992215],[-96.58564200016694,32.87323800008289],[-96.58565100038776,32.87324999994627],[-96.5857090001141,32.87329699970994],[-96.58572500000761,32.8733079998918],[-96.58574099990112,
32.873314000196196],[-96.58575400031992,32.87331999974575],[-96.58577400041142,32.87332600004934],[-96.58580899967319,32.87334000000165],[-96.58581899971892,32.87334600030387],[-96.58583499961247,32.87335399995174],[-96.5858510004043,32.873360000253015],
[-96.58586700029782,32.87336799989962],[-96.58588599966608,32.87337400019995],[-96.58589599971184,32.87337999974539],[-96.58591599980332,32.87338600004492],[-96.5859350000699,32.87339399968918],[-96.58595099996342,32.8733999999878],[-96.58597400042794,
32.87341100015687],[-96.58598699994843,32.873416999699806],[-96.586006000215,32.87342299999682],[-96.58602499958326,32.87342599976797],[-96.58603800000205,32.87342599976797],[-96.58606099956828,32.873429000293434],[-96.58607399998706,32.873432000064376],
[-96.58623700019369,32.873436999933816],[-96.58626599960769,32.87343999970448],[-96.58628900007221,32.87344399990148],[-96.58630800033879,32.873446999671906],[-96.58632800043029,32.873450000196726],[-96.58637399956272,32.87344800009836],[-96.5863929998293,
32.873445000327955],[-96.58640600024809,32.873445000327955],[-96.5864360003853,32.87343999970448],[-96.5864649997993,32.873434999835204],[-96.58648099969285,32.8734329997365],[-96.58651099983005,32.87342799986683],[-96.58657000027961,32.87342599976797],
[-96.58658899964787,32.87342599976797],[-96.58661200011241,32.873420999897895],[-96.58664800009741,32.87342200032458],[-96.5866740000367,32.87342700019465],[-96.58671199967154,32.873445000327955],[-96.58672500009031,32.873452999966894],[-96.58678299981663,
32.87350100004882],[-96.58679600023544,32.87351499997347],[-96.58680499955794,32.8735280002249],[-96.58682399982452,32.87355100020078],[-96.58683399987027,32.87356500011755],[-96.58685300013683,32.87359000017898],[-96.58686200035767,32.873601000324534],
[-96.58687800025119,32.87362600037581],[-96.58689099977167,32.87364500013847],[-96.58690300036555,32.87367299994017],[-96.58691599988602,32.8736950002092],[-96.58694699984817,32.87373699988474],[-96.5869700003127,32.873755999623604],[-96.5869789996352,
32.873768000171324],[-96.58700799994755,32.873793000175574],[-96.5870270002141,32.873804000295884],[-96.58704999978033,32.87381800017271],[-96.58707599971959,32.87382900028997],[-96.58710500003191,32.87383800031625],[-96.58713400034424,32.87384700034166],
[-96.58718200002481,32.87385600036617],[-96.58721200016203,32.87386199987899],[-96.5872310004286,32.87386499963527],[-96.58726999988835,32.873873999657945],[-96.58729900020067,32.873879999924036],[-96.58732799961467,32.87388800027814],[-96.58734500023142,
32.87389399978886],[-96.58735799975192,32.873897000298484],[-96.58739000043727,32.873911000160625],[-96.58742200022431,32.87392599968713],[-96.58745700038442,32.87395600024146],[-96.58747599975268,32.873981000192636],[-96.58747900012573,32.873990000203534],
[-96.5874919996462,32.874008999888225],[-96.58750400024007,32.87404200016472],[-96.58751000008786,32.874067000091635],[-96.5875190003087,32.87409499976001],[-96.58752500015648,32.87411699992438],[-96.58753199982917,32.874136000336335],[-96.58754400042305,
32.87416699972893],[-96.58755299974557,32.87418600013017],[-96.58756000031659,32.87419399970224],[-96.5875689996391,32.87421399976096],[-96.58757799985993,32.87422999965375],[-96.58759700012651,32.87425300020198],[-96.58762300006576,32.87429699969236],
[-96.5876320002866,32.87431600006568],[-96.58764800018012,32.87434399965541],[-96.58765400002792,32.87435800020144],[-96.58766599972347,32.8743749997298],[-96.5876759997692,32.87438900027093],[-96.58770199970849,32.87441100036234],[-96.58772099997506,
32.874427999880496],[-96.58774299971635,32.87444500014992],[-96.5877529997621,32.874452999698626],[-96.58779700014304,32.874494999769475],[-96.58781399986147,32.87450300006814],[-96.5878430001738,32.874512000026],[-96.58786900011306,32.8745180002489],
[-96.58789500005233,32.874520999982984],[-96.58793000021242,32.87452399971697],[-96.58796000034967,32.87452799986506],[-96.58799200013672,32.87452500013121],[-96.58802800012171,32.8745180002489],[-96.58805499988591,32.87450999995164],[-96.58808699967295,
32.87449699984416],[-96.58810699976443,32.87448599980985],[-96.58812699985592,32.87447499977416],[-96.58814299974945,32.87446399973705],[-96.588166000214,32.87445400011371],[-96.58818299993243,32.874443000073995],[-96.58820300002391,32.874420999990534],
[-96.58821899991742,32.87441299968446],[-96.58824200038197,32.874414000099996],[-96.58828099984171,32.87442300006694],[-96.58831000015404,32.87443400010908],[-96.58835899965952,32.874460000340534],[-96.58839399981962,32.87447899992445],[-96.58842300013194,
32.87449899991887],[-96.58845800029205,32.874529999939064],[-96.5884830004064,32.87455800021568],[-96.58849299955382,32.87456900024107],[-96.58850299959956,32.87458299999709],[-96.58852799971392,32.8746079997715],[-96.5885469999805,32.87462700007816],
[-96.58855000035355,32.87463600002348],[-96.58855299982828,32.87466000012461],[-96.58855000035355,32.87477900012156],[-96.58855299982828,32.87479000011958],[-96.58855600020132,32.8748169999031],[-96.5885550003764,32.87485300035609],[-96.5885479998054,
32.87487500033236],[-96.58854100013271,32.87489900036885],[-96.58852799971392,32.874926999774445],[-96.58851400036853,32.87495099979685],[-96.5885040003228,32.874972999748735],[-96.58849699975178,32.874991999977226],[-96.58849299955382,32.87500299994876],
[-96.58848800042925,32.87510199963142],[-96.58848699970605,32.87513799996873],[-96.58849000007909,32.87515399969477],[-96.58849599992686,32.87517099982496],[-96.58850900034565,32.875192999722316],[-96.58851799966818,32.875203999668905],[-96.5885539996532,
32.87523500019699],[-96.58857899976755,32.87525200031165],[-96.5886109995546,32.8752740001889],[-96.58863400001914,32.875289000239256],[-96.5886819996997,32.87531399981452],[-96.58871799968472,32.875330999914034],[-96.58875299984481,32.875345000304115],
[-96.5887860003551,32.87535699988236],[-96.58881099957114,32.87536799980861],[-96.58884699955615,32.875380000138136],[-96.58893100012006,32.875410999850246],[-96.58899499969417,32.8754429999554],[-96.58921599962709,32.875483999908234],[-96.58938700022964,
32.87555299980445],[-96.58953799984238,32.875678999902796],[-96.58965900021619,32.87578799981344],[-96.5898700001034,32.87597299968724],[-96.58999200030212,32.87620600005556],[-96.59016899985413,32.876467000239565],[-96.59039800018299,32.87670899979876],
[-96.59044900023662,32.87678699997732],[-96.59049899956702,32.876891999993184],[-96.59057800010804,32.87698200012333],[-96.5906380003825,32.87707600019526],[-96.59069100008594,32.87718400026723],[-96.59072500042113,32.87728099976561],[-96.59073100026892,
32.87731099993895],[-96.59075200018532,32.8773310000489],[-96.59078800017033,32.877367000235445],[-96.59093299993529,32.87743200015797],[-96.59094600035408,32.87743499979346],[-96.59101800032408,32.87745800026451],[-96.59111399968526,32.8775070000674],
[-96.59117499978461,32.877565000245546],[-96.59125099995259,32.877668000091134],[-96.5913499996868,32.877768999816205],[-96.59143599990053,32.87783299982145],[-96.59144900031932,32.877838999819566],[-96.5914750002586,32.87784499981728],[-96.59148500030433,
32.87785000019227],[-96.59149799982482,32.87785299981362],[-96.59150700004564,32.877858999810385],[-96.59156499977196,32.87788699978989],[-96.59159099971122,32.877904000150416],[-96.5916099999778,32.87791600013663],[-96.59162000002354,32.87792400012656],
[-96.59163000006929,32.877930000118525],[-96.5916519998106,32.87794899971317],[-96.59166500022938,32.87796299968984],[-96.59167399955192,32.877976999664305],[-96.591680000298,32.877990999636495],[-96.59168699997069,32.8779990003741],[-96.59169299981848,
32.87801599995864],[-96.59170600023725,32.87803799990438],[-96.59171200008505,32.878051999867],[-96.59171799993284,32.878073999803796],[-96.59172399978063,32.878087999760666],[-96.59172700015365,32.878107000075886],[-96.59172600032876,32.87812599963265],
[-96.59171600028301,32.87814499993973],[-96.59171299990996,32.87815600027446],[-96.591708999712,32.878166999853384],[-96.59170600023725,32.878180999795624],[-96.5917020000393,32.87819499973566],[-96.59169500036663,32.87821899962768],[-96.59168799979561,
32.87824399988553],[-96.5916810001229,32.87825999980545],[-96.59167699992494,32.878287999658305],[-96.591680000298,32.87832099985077],[-96.59167899957477,32.878346000079844],[-96.59168199994782,32.87835699963525],[-96.59168500032087,32.87837399990558],
[-96.59171299990996,32.878442000199904],[-96.59179699957555,32.87878499972448],[-96.59187600011657,32.879316999809994],[-96.5919549997593,32.879598000239774],[-96.59198400007162,32.879725000224965],[-96.59200099979005,32.87986500010465],[-96.5919890000945,
32.88001799981733],[-96.5918629996978,32.880474000101344],[-96.59183000008582,32.88073000033107],[-96.5918429996063,32.8808429999291],[-96.59188399961418,32.88097200032216],[-96.59193999969068,32.88110900022999],[-96.59204699982081,32.88125899979805],
[-96.59218999993595,32.88139999985464],[-96.59227100012679,32.88152099977249],[-96.59236900003607,32.88176900035348],[-96.59242199973953,32.88191900031334],[-96.59246699994537,32.88197899977356],[-96.59252100037205,32.88201599991082],[-96.59256499985466,
32.882053000032634],[-96.59259199961885,32.88209799975213],[-96.59259199961885,32.88213699974209],[-96.5925740000755,32.88218200017336],[-96.59252999969456,32.8822490002367],[-96.59252999969456,32.88230900022792],[-96.59254700031131,32.88239200012365],
[-96.59253800009049,32.882452000018056],[-96.59250299993039,32.88250499986584],[-96.59248000036416,32.882613000112286],[-96.59249000040991,32.88267499974729],[-96.59251100032631,32.8827269998944],[-96.59257999992327,32.88279499986663],[-96.59268600022848,
32.88287499985599],[-96.59280199968113,32.88294700023723],[-96.59291800003209,32.88300100010761],[-96.59302400033728,32.88302700008937],[-96.59313899996502,32.88302700008937],[-96.59323000020161,32.882975999682735],[-96.59330499964636,32.882892000014145],
[-96.59337599979146,32.882824000116294],[-96.59347600024891,32.88284100028423],[-96.59352200027966,32.88286599999279],[-96.59358699967868,32.88286200022097],[-96.59363199988451,32.88282799988988],[-96.59375300025835,32.882693000265924],[-96.59376800032696,
32.88263799988515],[-96.59373300016685,32.88260400022253],[-96.59365699999888,32.88260900032905],[-96.59359699972441,32.88261699989539],[-96.59352200027966,32.88262099967827],[-96.59345100013455,32.88260900032905],[-96.5934059999287,32.88255399989614],
[-96.59338599983724,32.88250600018999],[-96.59336599974573,32.8824299996591],[-96.59338099981434,32.88237699976647],[-96.59343100004307,32.88234300000372],[-96.59350200018818,32.88231699982129],[-96.59361699981591,32.882330000290665],[-96.59370800005249,
32.882388999901515],[-96.59386399968811,32.88254100021404],[-96.59394900007692,32.882613000112286],[-96.59401900039713,32.882693000265924],[-96.59415499994125,32.8828260000031],[-96.59419000010135,32.88288899980894],[-96.59417500003273,32.88293899994632],
[-96.59413499984977,32.88297300023483],[-96.59375200043343,32.88312500030013],[-96.59362199983877,32.88319400028344],[-96.59354099964793,32.8832530000735],[-96.59342000017242,32.883357999973526],[-96.5933349997836,32.88340900016028],[-96.59327899970711,
32.88341200034783],[-96.59322400035384,32.88338000010206],[-96.59316900010224,32.88333299964936],[-96.5931239998964,32.883316000330204],[-96.59308299988851,32.88333299964936],[-96.59307299984278,32.883366999786716],[-96.59308299988851,32.883421999715054],
[-96.59311300002575,32.88347700036363],[-96.59316900010224,32.88356399966019],[-96.59320300043743,32.88360499962859],[-96.59322900037671,32.88363699979317],[-96.59327399968423,32.883701000087555],[-96.59331499969211,32.88370499982156],[-96.59335499987507,
32.88368799981935],[-96.59340000008093,32.883639999973],[-96.5935309996022,32.883573999764614],[-96.59366200002174,32.883498000149594],[-96.59380799961161,32.883426000216005],[-96.59392300013766,32.88336300003751],[-96.59402400042,32.883342000219486],
[-96.5941449998955,32.883366999786716],[-96.59429600040656,32.88346000031768],[-96.5944470000193,32.883535999965275],[-96.59460299965491,32.88359099978869],[-96.59477400025744,32.88369200030829],[-96.59490899997665,32.883777000282876],[-96.59512599971164,
32.88385299965862],[-96.59520600007758,32.88390800003968],[-96.59519100000895,32.88404699979452],[-96.59516099987174,32.88412700016241],[-96.59509599957441,32.884208000008705],[-96.59502000030474,32.88426199986506],[-96.59496500005315,32.88431300028595],
[-96.5949190000224,32.88434700004732],[-96.59485399972507,32.88435099975217],[-96.59477900028033,32.88432599970814],[-96.59472300020381,32.884283999769224],[-96.59462799976927,32.884253999692866],[-96.59452200036236,32.88417799990661],[-96.59419500012422,
32.88403400033141],[-96.59407899977326,32.88396299963228],[-96.59394400005407,32.88389100007642],[-96.5938279997031,32.8838650003482],[-96.59371700027333,32.88388700035087],[-96.59362699986164,32.88395800035655],[-96.59350100036326,32.88408500012914],
[-96.5934400002639,32.88412700016241],[-96.59337999998944,32.88414000036627],[-96.59332999976071,32.88411500026272],[-96.59327399968423,32.88412700016241],[-96.59324899956988,32.884157000281775],[-96.59320900028521,32.88425300014278],[-96.59319099984356,
32.88431300028595],[-96.59316400007938,32.884372000085435],[-96.59310100033018,32.884447999705316],[-96.59277900011492,32.8847180001901],[-96.59266299976395,32.88480100009277],[-96.59260000001476,32.88485299974681],[-96.59259099979394,32.884870000279925],
[-96.59258199957311,32.88491399978081],[-96.59259099979394,32.88498799985226],[-96.59263599999977,32.88505600035276],[-96.5927430001299,32.88518400035455],[-96.59283199981836,32.88525800020053],[-96.59286000030575,32.88527400036299],[-96.59287600019928,
32.88530299980141],[-96.59290999963618,32.88533199998473],[-96.5929489999942,32.88534399971964],[-96.59305100010145,32.88534800013382],[-96.59319199966846,32.88533599964507],[-96.59332399991294,32.885294999723136],[-96.59336300027101,32.88527800002594],
[-96.5934059999287,32.88525399978229],[-96.59344600011168,32.885266999820765],[-96.59346100018028,32.885312000171446],[-96.59346100018028,32.88535800003693],[-96.59365399962583,32.88559299969862],[-96.59374200038769,32.88567100035704],[-96.59398500006193,
32.88590700022882],[-96.59410600043577,32.88610699983275],[-96.59421299966756,32.88635599993082],[-96.59430599955398,32.88651600019721],[-96.5944119998592,32.88660600036157],[-96.59482500031108,32.88700599973442],[-96.59511200036626,32.88722600001539],
[-96.59533099975106,32.88738199989737],[-96.59547600041434,32.887496000333776],[-96.59572400011143,32.88762500009487],[-96.59587800009723,32.887682999686476],[-96.59607899993868,32.88776899986948],[-96.59627399993234,32.88787499996264],[-96.59639500030617,
32.88801400028405],[-96.59644800000962,32.888588000218974],[-96.59642799991813,32.88871899965273],[-96.59644800000962,32.88890699969365],[-96.59652099980454,32.88909900033492],[-96.59655500013974,32.8892170003104],[-96.59657799970596,32.88935000006241],
[-96.59663200013264,32.88947699965065],[-96.59668099963811,32.88965699990747],[-96.59667599961526,32.889801000151365],[-96.59666100044495,32.889898999659664],[-96.5966649997446,32.88998499995477],[-96.5966990000798,32.890062000279755],[-96.59668499983607,
32.890140000021525],[-96.59661700006401,32.890208999822846],[-96.59657299968309,32.890326999828694],[-96.59659699997253,32.890432999878975],[-96.59665100039922,32.89048600023367],[-96.59673300041496,32.89051500022931],[-96.59716000021223,32.890615999645895],
[-96.59722399978632,32.89066700018131],[-96.59724399987783,32.89080100025026],[-96.59723800003005,32.89084700028351],[-96.5972289998092,32.89087600016098],[-96.59720799989282,32.89095800010136],[-96.59719700002215,32.89098800017096],[-96.59719000034947,
32.89101599977414],[-96.59718000030372,32.89104299989502],[-96.59717299973272,32.89107000000768],[-96.59716299968697,32.89109199973013],[-96.59715199981632,32.89111899982785],[-96.59713900029584,32.891147000143974],[-96.59712500005215,32.89117100030012],
[-96.59709800028796,32.89122599991063],[-96.5970809996712,32.89125599988949],[-96.59706399995278,32.891282999937175],[-96.59704999970907,32.89130999997669],[-96.59702999961758,32.89133800023243],[-96.59699600018071,32.89139699988035],[-96.59697299971616,
32.891432999633366],[-96.59694900032504,32.89147099981785],[-96.59692900023356,32.89150600007257],[-96.5969049999441,32.89154499969354],[-96.59688200037789,32.89157999991902],[-96.59683499962392,32.89164499997782],[-96.59681100023278,32.891674999814796],
[-96.59678799976824,32.891701999734785],[-96.59676799967677,32.8917289996466],[-96.59674400028563,32.89174800005454],[-96.59672400019414,32.89177000036302],[-96.59667499979034,32.89181599989314],[-96.5966150004142,32.891869999639006],[-96.59658199990392,
32.891900000154116],[-96.59654799956874,32.89192700000554],[-96.59651800032981,32.89195699974702],[-96.59648499981955,32.89198300011823],[-96.59642200007036,32.89202900029202],[-96.59639899960582,32.89204799988135],[-96.5963690003669,32.89206400032629],
[-96.59634300042764,32.89208299990811],[-96.59631699959004,32.89209900034675],[-96.59622200005381,32.892158999703064],[-96.5961939995664,32.892173999912956],[-96.5961650001524,32.892193000225454],[-96.59609900003016,32.892235999647255],[-96.59604600032671,
32.8922679997121],[-96.59601899966422,32.89228700000443],[-96.59599299972494,32.89230299965195],[-96.59597000015873,32.8923190000509],[-96.59590999988428,32.892367999934606],[-96.59589700036379,32.89238400032182],[-96.5958830001201,32.89239499964345],
[-96.59586300002861,32.89242799986307],[-96.59585299998287,32.89243799972147],[-96.59584299993713,32.89245199967219],[-96.59580299975416,32.89250100023666],[-96.59578600003572,32.89251699984553],[-96.59574599985275,32.89256600037404],[-96.59572599976126,
32.892593000022494],[-96.5957090000428,32.89261799999699],[-96.59568899995134,32.892641999754645],[-96.59567499970764,32.89266900013431],[-96.5956589998141,32.8926940000873],[-96.59564499957041,32.89271799982442],[-96.59562799985196,32.89274299976365],
[-96.595587999669,32.892815999877676],[-96.59557699979834,32.89284099978924],[-96.59554400018638,32.892893000005095],[-96.59547600041434,32.89299099986476],[-96.5954460002771,32.893040000131094],[-96.59541600013985,32.893082999896045],[-96.59538900037568,
32.89312699984445],[-96.59536199971319,32.89316799991381],[-96.5953209997053,32.89323900002592],[-96.59530399998687,32.89326600022357],[-96.59528100042066,32.89330700022865],[-96.59526999965169,32.89332799994789],[-96.59524000041276,32.89338299972788],
[-96.59522000032129,32.89340999988164],[-96.59519900040489,32.89343999987525],[-96.59517900031341,32.893472999705594],[-96.59515599984886,32.893502999677864],[-96.59512900008468,32.89353299963999],[-96.59510599962015,32.893562000146865],[-96.59507899985597,
32.8935869998479],[-96.59506200013753,32.89360300001489],[-96.59504600024401,32.8936160003371],[-96.59502600015253,32.89363000010165],[-96.59500900043409,32.89364299966552],[-96.59494999998454,32.8936749999765],[-96.59492999989305,32.89368300005242],
[-96.59490700032684,32.89369399996707],[-96.59483799983155,32.89371000011474],[-96.59481899956498,32.893711999755865],[-96.5947929996257,32.8937140001512],[-96.59477000005948,32.8937140001512],[-96.59474699959495,32.89371599979224],[-96.5947009995642,
32.89371599979224],[-96.59468200019593,32.89371800018754],[-96.59465899973141,32.89371800018754],[-96.59462000027166,32.89372299966693],[-96.59460400037813,32.89372500006201],[-96.59458400028664,32.89373000029532],[-96.59456400019516,32.89373300013341],
[-96.59454499992857,32.893741000204145],[-96.59452200036236,32.893745999682224],[-96.59444299982134,32.8937670000517],[-96.59438699974484,32.89377399992237],[-96.59432599964548,32.89377299972535],[-96.59430300007926,32.893769999888605],[-96.59428299998775,
32.893769999888605],[-96.59426000042154,32.8937670000517],[-96.59421500021571,32.89376000018055],[-96.59419500012422,32.89375700034332],[-96.59417300038292,32.8937520001116],[-96.59415300029141,32.89374900027409],[-96.59413400002485,32.89374299984451],
[-96.59411399993337,32.89374000000675],[-96.59407600029853,32.893727999900335],[-96.59401699984899,32.893702000041266],[-96.59399500010767,32.8936910001276],[-96.59396900016841,32.89368000021257],[-96.59394300022915,32.893665999701646],[-96.59392700033561,
32.893657000180134],[-96.5939110004421,32.893649000101874],[-96.593876000282,32.89361799998028],[-96.59387000043421,32.89360700005625],[-96.59386000038846,32.89359799977448],[-96.59385399964238,32.8935869998479],[-96.59384500031986,32.89355699990407],
[-96.59384500031986,32.89354300012797],[-96.59384199994679,32.8935269999501],[-96.59384199994679,32.89350699972369],[-96.59383699992394,32.89346899965826],[-96.59383100007616,32.89344900017307],[-96.59382500022835,32.893408000233755],[-96.59382199985532,
32.89338900018184],[-96.59381600000754,32.89337199977461],[-96.59381299963448,32.89335299971498],[-96.59379500009115,32.89329799991642],[-96.59379199971809,32.89328100024603],[-96.59378000002252,32.89324199988065],[-96.59377400017475,32.89319799998937],
[-96.59376900015187,32.89314099968628],[-96.59376599977882,32.89310499987295],[-96.59376999997679,32.89292899990453],[-96.59376699960373,32.89291200016338],[-96.59376800032696,32.89289899973793],[-96.59375800028121,32.8928900001385],[-96.59374499986242,
32.892895999871534],[-96.59373200034196,32.89290599967711],[-96.59371499972521,32.89291399982253],[-96.59370800005249,32.89292199996716],[-96.59369200015898,32.89293599984139],[-96.59367799991529,32.892949000261424],[-96.59367500044054,32.89295799985486],
[-96.59366799986952,32.89297100027165],[-96.59366100019685,32.893000999659606],[-96.59366399967156,32.89301800013799],[-96.59366399967156,32.89303399965349],[-96.59366700004462,32.89305100012554],[-96.5936660002197,32.89306799984006],[-96.59365899964871,
32.89310899993673],[-96.59364899960295,32.893129999702964],[-96.59363500025756,32.89315500028023],[-96.59362199983877,32.89317099977099],[-96.59361199979304,32.893181999749224],[-96.59358500002885,32.89320399970154],[-96.59357800035616,32.893217000082245],
[-96.59357099978514,32.89323399976491],[-96.59356400011245,32.893255999704316],[-96.59356099973941,32.89326900007744],[-96.59354999986876,32.89330499982407],[-96.59354300019606,32.893332000001664],[-96.59353599962505,32.89334000010855],[-96.59353300015032,
32.893351000065806],[-96.59352599957931,32.893362000021625],[-96.59351300005883,32.89337899967647],[-96.5935030000131,32.89338699977912],[-96.59349600034038,32.89339499988108],[-96.59348600029465,32.893402999982285],[-96.59345699998234,32.89341900018256],
[-96.5934400002639,32.89342399967882],[-96.59342099999732,32.89342399967882],[-96.59338800038536,32.89341200028386],[-96.59336300027101,32.89338999962888],[-96.59334999985222,32.89337299997615],[-96.59333700033173,32.89335900017097],[-96.59332499973786,
32.89334299995985],[-96.59331499969211,32.893322999691904],[-96.5933060003696,32.89330700022865],[-96.5932929999508,32.89327899984091],[-96.5932560001409,32.89320399970154],[-96.59322799965346,32.89313799982814],[-96.59322199980569,32.89311800026824],
[-96.59321599995792,32.8930960002945],[-96.59321000011013,32.89305800005277],[-96.59320699973708,32.89304400019781],[-96.59320799956198,32.89298600034406],[-96.59321199975996,32.892970000065574],[-96.5932140003081,32.892893000005095],[-96.59321099993504,
32.892868000108194],[-96.59321199975996,32.89284300020425],[-96.59320900028521,32.89282100016223],[-96.59320900028521,32.892801999984414],[-96.59320300043743,32.8927640003709],[-96.59319199966846,32.89269999983361],[-96.59318599982068,32.89267799975613],
[-96.59317900014798,32.89266699971532],[-96.59317699959985,32.892652999798564],[-96.59316400007938,32.892624999958436],[-96.59316099970633,32.892612000245116],[-96.59312999974419,32.89252900011599],[-96.59312100042168,32.892515000177426],[-96.59309200010935,
32.89250899966427],[-96.59307200001786,32.89250299990503],[-96.5930589995991,32.89250299990503],[-96.5929840001543,32.89249899981388],[-96.59296499988774,32.89250100023666],[-96.5929480001693,32.892506999996044],[-96.59292899990272,32.89251200029809],
[-96.5929120001843,32.892519999724705],[-96.59287899967401,32.892540999630555],[-96.59286600015355,32.89255800019721],[-96.59284900043511,32.89257399979578],[-96.59283600001632,32.892593000022494],[-96.59282900034361,32.892604000072495],[-96.5928219997726,
32.89263099970936],[-96.5928219997726,32.892641999754645],[-96.59281799957465,32.892652999798564],[-96.59281799957465,32.89267799975613],[-96.59280400022925,32.89269999983361],[-96.59274899997767,32.892698999624535],[-96.59272899988619,32.89269599975136],
[-96.59271299999266,32.89268700013136],[-96.59269700009914,32.89268199983919],[-96.59268399968035,32.89267000034373],[-96.59267500035784,32.89265599967314],[-96.59266500031208,32.892644999629645],[-96.59265600009127,32.89263099970936],[-96.5926460000455,
32.89261500012114],[-96.59264000019773,32.89259800031968],[-96.59263099997692,32.892583999637715],[-96.59260199966458,32.89253399966246],[-96.59259300034206,32.892519999724705],[-96.59258699959597,32.892504000116375],[-96.59257700044854,32.892487000293684],
[-96.59256499985466,32.89245999985855],[-96.59255900000689,32.89244800033307],[-96.59255200033418,32.892434999839466],[-96.59254899996114,32.89242399976853],[-96.59254999978604,32.892412999696184],[-96.59254099956522,32.892348999659646],[-96.59253800009049,
32.89232400036356],[-96.59252800004475,32.89221199977961],[-96.59252800004475,32.892180999909485],[-96.59252600039491,32.89215400013542],[-96.59252600039491,32.89212600013757],[-96.59252399984679,32.89209100012779],[-96.5925249996717,32.89201899963318],
[-96.59252300002187,32.89198600001548],[-96.59252399984679,32.89191700008945],[-96.59251700017408,32.89180700018369],[-96.59251100032631,32.891763000334024],[-96.59250299993039,32.8917140001157],[-96.59248500038703,32.89163099989957],[-96.59247600016619,
32.89159200031641],[-96.59246399957232,32.89155599987367],[-96.5924550002498,32.89152300008352],[-96.59243000013544,32.89146200007335],[-96.59241699971666,32.891435000080214],[-96.59240500002109,32.89140999977189],[-96.59237999990674,32.8913710000915],
[-96.59235800016543,32.89132599980066],[-96.59234499974664,32.891298999766015],[-96.59233300005107,32.891268000330754],[-96.59231700015754,32.89123800035596],[-96.5922860001954,32.89117100030012],[-96.59227100012679,32.89114100029248],[-96.59225199986021,
32.891110000047654],[-96.5922359999667,32.89108000001937],[-96.59219800033186,32.89103299987915],[-96.59218499991306,32.89101599977414],[-96.59216599964648,32.89099899966592],[-96.59214999975298,32.89098200030871],[-96.59213100038471,32.89096599966829],
[-96.59208000033108,32.890913000355056],[-96.59204799964571,32.89086799983158],[-96.5920329995771,32.890843000117584],[-96.59201699968357,32.89081299999888],[-96.592004999988,32.89078500033149],[-96.59199300029245,32.89072699975315],[-96.59198700044468,
32.89067199983287],[-96.59199099974431,32.89064500035331],[-96.59199499994227,32.89062299976546],[-96.592004999988,32.89060099992649],[-96.59201199966071,32.89057900008211],[-96.59202599990441,32.890563000123244],[-96.59204199979793,32.89053800032319],
[-96.59205600004165,32.890513999995555],[-96.59207000028533,32.89048600023367],[-96.59208299980583,32.89045599999408],[-96.59209399967646,32.89042599974433],[-96.59211600031608,32.89031900020406],[-96.59211999961573,32.89028400023475],[-96.59211999961573,
32.89024800001479],[-96.59211799996592,32.890208999822846],[-96.59211799996592,32.89019800022986],[-96.59211499959287,32.890185000160436],[-96.59211600031608,32.89017099985147],[-96.59211299994304,32.89015700029463],[-96.59210999957,32.8901459999408],
[-96.59210299989729,32.89013500033994],[-96.59210000042258,32.89012399998338],[-96.59209399967646,32.89011299962546],[-96.59208399963073,32.89010399974307],[-96.59207799978294,32.89009600009824],[-96.5920679997372,32.89008799969842],[-96.59205199984366,
32.89007899981349],[-96.5920390003232,32.89007299988968],[-96.59202000005664,32.89006999992765],[-96.59200400016309,32.89006500024212],[-96.59198400007162,32.890062000279755],[-96.59196499980504,32.89006100004084],[-96.59194899991152,32.890058000078405],
[-96.59189600020807,32.890058000078405],[-96.59187399956843,32.89005399987687],[-96.59184799962918,32.89004300026458],[-96.5918350001087,32.890034999859914],[-96.59178700042813,32.889993000363965],[-96.5917770003824,32.889980999749945],[-96.5917649997885,
32.889970000128606],[-96.59175499974276,32.889955999785656],[-96.5917360003745,32.889939999714294],[-96.59171100026013,32.889905999835946],[-96.59166900042734,32.889861999796445],[-96.59163699974198,32.88983399982857],[-96.59162099984846,32.889821999947365],
[-96.59158300021362,32.88979999990949],[-96.5915670003201,32.88979099999531],[-96.59154999970335,32.88978600029403],[-96.59153100033508,32.88978000035038],[-96.59151500044155,32.88977399965198],[-96.59149500035006,32.889767999707566],[-96.59145000014422,
32.88975899979009],[-96.59141699963395,32.8897619997627],[-96.59140099974043,32.88976400024722],[-96.59138800021995,32.88976700021968],[-96.59130000035641,32.88976499973516],[-96.59128399956457,32.8897619997627],[-96.59126699984613,32.8897619997627],
[-96.5912579996253,32.889754000086995],[-96.59124799957956,32.889739999709924],[-96.59123900025703,32.88972600008499],[-96.59123199968602,32.889717000163245],[-96.5912159997925,32.88970899972919],[-96.59077999977441,32.88918000016238],[-96.59107799970025,
32.89020100018757],[-96.59148500030433,32.891354000051344],[-96.59159800028223,32.89163500002991],[-96.59177300018443,32.89205199999285],[-96.59191899977428,32.89261500012114],[-96.59225500023327,32.89346199976356],[-96.59236700038625,32.894002000039805],
[-96.59237800025691,32.89426599968081],[-96.59239199960228,32.89445800002276],[-96.59240500002109,32.89491399992129],[-96.59242599993749,32.89526800027849],[-96.59246799977028,32.89594099976865],[-96.59248899968668,32.896606000368564],[-96.59249500043278,
32.89740400023074],[-96.59252200019696,32.897668999691284],[-96.59252899986964,32.897984999961295],[-96.5925399997403,32.89809400034426],[-96.59255499980893,32.898248999799854],[-96.5925459995881,32.898382000323274],[-96.5925310004178,32.89855099977018],
[-96.59251299997612,32.8988169997104],[-96.59249999955733,32.89891200014189],[-96.59249399970955,32.89911600035106],[-96.59257700044854,32.90211499968217],[-96.59262199975608,32.90515699996519],[-96.59258900014412,32.90593399996635],[-96.59259400016698,
32.90595399964923],[-96.59263299962673,32.90612100036971],[-96.59263299962673,32.906155000057836],[-96.59262199975608,32.90624299976666],[-96.59262699977894,32.90629999993421],[-96.59264799969533,32.90635700006502],[-96.59268500040358,32.906423999946966],
[-96.59269600027423,32.90644999984249],[-96.59270999961961,32.90660699986146],[-96.5927010002971,32.90667500035977],[-96.59268000038071,32.90677099995395],[-96.59270600031998,32.90690000030533],[-96.59275800019851,32.90701799994763],[-96.59289000044299,
32.90720400027889],[-96.5929270002529,32.90726199987244],[-96.59299500002497,32.907393000349046],[-96.59301900031443,32.90749700025545],[-96.59300199969768,32.907574999728006],[-96.59302099996424,32.90766100020777],[-96.59302699981203,32.90768699974007],
[-96.59303199983489,32.90769500005874],[-96.59304400042879,32.90771600013757],[-96.59308799991139,32.90779400017137],[-96.59312800009437,32.907840999713855],[-96.59319699969133,32.90790099971924],[-96.59325799979071,32.90797200008793],[-96.59331899989009,
32.908032000004596],[-96.59337300031675,32.908103000268184],[-96.59338900021027,32.90813599991461],[-96.59342000017242,32.90819799978834],[-96.59343199986799,32.90827400008521],[-96.59337400014165,32.90836700011167],[-96.5933070001945,32.90850099979963],
[-96.59320799956198,32.908715000073876],[-96.59313399994215,32.90887800000615],[-96.59315800023158,32.90909600021928],[-96.59318900019375,32.909167999652794],[-96.59319800041456,32.909205999770144],[-96.59323299967635,32.90926999969281],[-96.59325399959275,
32.90933300030204],[-96.59325699996579,32.90934399978132],[-96.59326399963848,32.90935600003446],[-96.59327299985932,32.90937999978168],[-96.59328200008015,32.90941899982837],[-96.59328799992792,32.909445000352726],[-96.59332300008805,32.90962199994863],
[-96.59333200030886,32.90966199990625],[-96.59333800015665,32.90968900037653],[-96.59333800015665,32.909702999862944],[-96.59334099963138,32.90971700010135],[-96.59334300017952,32.909741999767334],[-96.59334300017952,32.909758000032575],[-96.59334599965426,
32.909769000213224],[-96.59334599965426,32.90977999963833],[-96.59334900002729,32.909793999864576],[-96.59334800020238,32.90982100029453],[-96.59335099967713,32.90983799980691],[-96.59334999985222,32.90986000014696],[-96.59334700037748,32.90987599963669],
[-96.59334599965426,32.909928999669724],[-96.59334200035461,32.909939999829135],[-96.5933349997836,32.90997000025693],[-96.59333099958563,32.90998599972677],[-96.59333099958563,32.91001600013899],[-96.59333399995867,32.9100250002607],[-96.59333700033173,
32.910043999760404],[-96.59333899998155,32.91007200012708],[-96.59334200035461,32.91008800033266],[-96.59334200035461,32.910104999793774],[-96.59335099967713,32.910129000092056],[-96.59335099967713,32.91014300026311],[-96.59335400005018,32.910153999641764],
[-96.59335999989796,32.910190000066855],[-96.59335900007305,32.91022899975674],[-96.59336200044609,32.91024499993395],[-96.59335800024813,32.9102590000866],[-96.59335800024813,32.910275000258395],[-96.59335400005018,32.91029399970445],[-96.59334700037748,
32.910310999880174],[-96.59333999980647,32.91033800015246],[-96.59333700033173,32.91035500031973],[-96.5933359996085,32.91037099972],[-96.59333200030886,32.91040100000175],[-96.59333200030886,32.91043400029991],[-96.59333399995867,32.91045599973769],
[-96.59333999980647,32.91048399997411],[-96.59334300017952,32.91050900017768],[-96.59334599965426,32.91052500030428],[-96.59334900002729,32.910534000374184],[-96.59335900007305,32.91054699971945],[-96.59336200044609,32.91055599978718],[-96.59336499992084,
32.91056699986867],[-96.59336400009592,32.91059100004171],[-96.59335300022525,32.910635000342154],[-96.59334999985222,32.910648999678976],[-96.59334599965426,32.9106819998847],[-96.59334499982934,32.91072600013993],[-96.59334099963138,32.91074500024331],
[-96.59333800015665,32.910762000332426],[-96.59333399995867,32.91077199962911],[-96.59333399995867,32.91078299968384],[-96.59332999976071,32.91079199972751],[-96.59332999976071,32.91080299977968],[-96.593327000286,32.91081599983961],[-96.59332300008805,
32.91084099994942],[-96.59332200026313,32.91086000002818],[-96.59331200021738,32.91088800013676],[-96.59331200021738,32.91089900017707],[-96.59330800001942,32.91092300026011],[-96.59331100039246,32.910932000289606],[-96.5933070001945,32.91095600036369],
[-96.59330399982146,32.91097499966361],[-96.5932999996235,32.9109859996931],[-96.59329700014877,32.91100599974308],[-96.5932929999508,32.9110189997732],[-96.5932920001259,32.91106599986604],[-96.59328799992792,32.91108499989651],[-96.59328600027811,
32.91118099998804],[-96.59328899975284,32.911208999995154],[-96.5932920001259,32.91122799999493],[-96.59330100034673,32.91126099998482],[-96.5933070001945,32.91128899996664],[-96.59330999966924,32.911304999952215],[-96.59331600041533,32.9113219999338],
[-96.59331800006517,32.911349999896274],[-96.59332399991294,32.91137199986058],[-96.593327000286,32.91139599981545],[-96.59332999976071,32.91140999978607],[-96.59332899993582,32.911448999692674],[-96.59332499973786,32.91149000033008],[-96.59332100043821,
32.911520000232635],[-96.59330399982146,32.91157800001537],[-96.59329600032386,32.91162399981607],[-96.59328899975284,32.91164899969771],[-96.59328200008015,32.911676000316135],[-96.59328200008015,32.91169500021568],[-96.59328399972998,32.91172300006017],
[-96.5932929999508,32.911763999816515],[-96.59329899979858,32.91180600030141],[-96.59329799997369,32.911833000117795],[-96.59330399982146,32.91187399982321],[-96.5933070001945,32.911887999718246],[-96.59331899989009,32.911927000168355],[-96.59332200026313,
32.91195399994784],[-96.5933280001109,32.91197599976205],[-96.59333099958563,32.911993000368874],[-96.593327000286,32.91200400027182],[-96.59332399991294,32.912018000146354],[-96.59331600041533,32.91206399971838],[-96.59330899984433,32.91209200020036],
[-96.59331200021738,32.91210300009101],[-96.59331200021738,32.91211399998028],[-96.5933139998672,32.91214399967136],[-96.59331100039246,32.912171000138756],[-96.5933070001945,32.91219599986597],[-96.59330299999654,32.91221499965391],[-96.59329600032386,
32.91224300008809],[-96.5932920001259,32.91226999977119],[-96.59328799992792,32.91229200026101],[-96.59328399972998,32.912324999854285],[-96.59327700005728,32.912355000227954],[-96.59327399968423,32.91236600008598],[-96.59327000038458,32.912379999903216],
[-96.59326299981356,32.91239599969166],[-96.59326000033884,32.912410000258305],[-96.59326000033884,32.91242100010944],[-96.59324899956988,32.91244799973819],[-96.59324600009514,32.91246200029661],[-96.59324199989717,32.91248399998462],[-96.59323799969923,
32.912496999797646],[-96.5932369998743,32.912546999814936],[-96.59323400039958,32.91256100035775],[-96.59323199985143,32.9126180002284],[-96.59323500022448,32.912629000053684],[-96.59324199989717,32.91264899973253],[-96.59325100011802,32.91266800017734],
[-96.59326299981356,32.912692999764204],[-96.59326899966136,32.91271500014891],[-96.59327600023236,32.912736999774],[-96.59328200008015,32.91274600037317],[-96.59328200008015,32.912759000147766],[-96.59328799992792,32.91278399970888],[-96.59328999957775,
32.91280100016053],[-96.59328999957775,32.912819999818616],[-96.5932929999508,32.9128340003182],[-96.59328899975284,32.91284700007988],[-96.59328899975284,32.912883000164],[-96.59328499955488,32.91290199980448],[-96.59328000043033,32.91296800003222],
[-96.59327799988219,32.91306400034415],[-96.5932710002095,32.91308599988256],[-96.59326700001152,32.91311400004123],[-96.59326399963848,32.91313600032131],[-96.59326299981356,32.91318200006653],[-96.59326199998867,32.913231999696954],[-96.59326399963848,
32.913267999624495],[-96.59326700001152,32.913279000123154],[-96.59326600018663,32.91331400005526],[-96.59326199998867,32.913347000021695],[-96.59326500036171,32.91337200017088],[-96.59326500036171,32.91339700031301],[-96.59327000038458,32.91343800004819],
[-96.59327299985932,32.913481999687676],[-96.59327799988219,32.913512999643345],[-96.59327799988219,32.91355400007894],[-96.59327399968423,32.91358699995589],[-96.59326600018663,32.91361699990193],[-96.59326600018663,32.913633000220884],[-96.59327899970711,
32.91364999975541],[-96.59328200008015,32.913661000206595],[-96.59328100025523,32.91367499981902],[-96.59327399968423,32.913707999650875],[-96.59326399963848,32.91372699986837],[-96.59323400039958,32.91375699976696],[-96.59322400035384,32.91377000014723],
[-96.5932229996306,32.9138089997682],[-96.59322900037671,32.913835999727745],[-96.59322799965346,32.91386399964924],[-96.59322500017873,32.91387500007382],[-96.59321799960773,32.91391299967897],[-96.5932140003081,32.91393799966831],[-96.5932140003081,
32.91395100002199],[-96.59321000011013,32.91396199968163],[-96.59320300043743,32.91399200025466],[-96.59320199971421,32.91401400031652],[-96.59319900023948,32.91404200018165],[-96.59319800041456,32.914064000231086],[-96.59320099988929,32.91407999971517],
[-96.59320000006437,32.914108000313554],[-96.59319699969133,32.91412699969111],[-96.59319500004152,32.91419900031187],[-96.59319800041456,32.91421199987304],[-96.59320099988929,32.914223000254374],[-96.59320699973708,32.91423399988021],[-96.59321000011013,
32.91425399995059],[-96.59321299958486,32.91426500032666],[-96.59321000011013,32.91427799987817],[-96.59320000006437,32.914292000147164],[-96.5931930003917,32.91429999986895],[-96.59317699959985,32.914308000344164],[-96.59316999992717,32.91431600006445],
[-96.59315999988141,32.91433000032743],[-96.59315599968345,32.91434399983412],[-96.59314900001077,32.9143629999151],[-96.59314599963771,32.91437600020637],[-96.59313899996502,32.914386999813196],[-96.59313200029233,32.914417000242175],[-96.59312800009437,
32.91443900019842],[-96.59312600044454,32.914522000155436],[-96.59312899991927,32.91453800031086],[-96.59312899991927,32.91455499967152],[-96.59313200029233,32.91458200015766],[-96.5931309995691,32.91460400007288],[-96.59313399994215,32.914612999728135],
[-96.59313700031518,32.91463199975144],[-96.59313499976706,32.914724999885934],[-96.5931309995691,32.914739000084225],[-96.5931309995691,32.914758000080425],[-96.59313399994215,32.91477200027348],[-96.59313700031518,32.914797000020215],[-96.593143000163,
32.914818999882],[-96.59314900001077,32.91483000018791],[-96.59316200042954,32.914847000246624],[-96.59317099975208,32.91485799979493],[-96.59318400017087,32.91487699976563],[-96.59319000001864,32.91490799998687],[-96.5931930003917,32.91492699994685],
[-96.59319599986641,32.91494100011319],[-96.59319500004152,32.91497100035447],[-96.59319800041456,32.91499000030087],[-96.59319699969133,32.915007000328906],[-96.59320000006437,32.91503200000926],[-96.59320900028521,32.91505099994257],[-96.59323500022448,
32.915084000015575],[-96.59324100007227,32.915101000025494],[-96.59324699992005,32.91512299981173],[-96.5932500002931,32.91514199972555],[-96.59325299976783,32.91515599985788],[-96.59325299976783,32.915169999988],[-96.59324899956988,32.91518600002624],
[-96.59324799974496,32.915210999656104],[-96.59324500027023,32.91523300016906],[-96.59323400039958,32.91526300031137],[-96.59322699982856,32.91527399980796],[-96.59322400035384,32.91528999982741],[-96.59322000015588,32.915301000074784],[-96.59321000011013,
32.91534800015653],[-96.59320900028521,32.915367000022066],[-96.59320199971421,32.915385999883455],[-96.59319500004152,32.91541899983156],[-96.59319099984356,32.91544400014969],[-96.59318400017087,32.915478999979875],[-96.59318400017087,32.915495999913944],
[-96.59319000001864,32.91551800035612],[-96.5931930003917,32.9155350002827],[-96.59319099984356,32.915614000164894],[-96.5931869996456,32.915625000372],[-96.5931869996456,32.91565499962732],[-96.59318300034595,32.915682999727494],[-96.59316900010224,
32.91573200025853],[-96.59316200042954,32.915749000144004],[-96.59315499985854,32.9157699998206],[-96.59314800018585,32.91580099972908],[-96.59314099961483,32.915816999653316],[-96.59312999974419,32.915825999939315],[-96.59312100042168,32.91583900001565],
[-96.59311399985066,32.91585200009015],[-96.59310700017798,32.91586300026766],[-96.59309999960696,32.915887999706264],[-96.59308999956123,32.91592899979584],[-96.59308299988851,32.91594499969693],[-96.59307899969056,32.91595899970225],[-96.59307899969056,
32.915978000190684],[-96.5930810002387,32.91601099991808],[-96.5930810002387,32.91602999964124],[-96.59307700004074,32.916050000059926],[-96.59307399966768,32.91617300004661],[-96.59307100019296,32.916192999678806],[-96.59306899964483,32.916261000355256],
[-96.59307200001786,32.91627800013913],[-96.59307600021582,32.916390999639894],[-96.59307600021582,32.91641299985961],[-96.59307100019296,32.91646499980871],[-96.59307000036804,32.916516999727264],[-96.59307299984278,32.91653600009592],[-96.59307200001786,
32.91658799997281],[-96.59307500039093,32.91660800026535],[-96.59307399966768,32.91664099975787],[-96.59307700004074,32.9166600000999],[-96.59307700004074,32.916675999868794],[-96.59308200006362,32.91671199990388],[-96.59308200006362,32.916729000355254],
[-96.59309399975918,32.91678900036966],[-96.59309299993426,32.916806000052134],[-96.59310499962983,32.916866999950535],[-96.59311100037594,32.91688299968202],[-96.59312100042168,32.91693899985066],[-96.59312600044454,32.91696600036367],[-96.59312899991927,
32.91698499988188],[-96.59313499976706,32.91701500018443],[-96.59313399994215,32.91703199982355],[-96.593143000163,32.91707599993879],[-96.593143000163,32.91709300032024],[-96.59314900001077,32.917122999832074],[-96.59314800018585,32.91713699965107],
[-96.59315099966058,32.91714799966889],[-96.59315099966058,32.917161000305185],[-96.59315400003362,32.91717200032003],[-96.59315400003362,32.91719400034562],[-96.59315700040669,32.917202999737476],[-96.59315599968345,32.917230000170015],[-96.5931590000565,
32.91724399997208],[-96.5931590000565,32.91726100032126],[-96.59316200042954,32.91727699998152],[-96.59316099970633,32.91729600018707],[-96.59316400007938,32.91731600031962],[-96.59316300025446,32.91735399995575],[-96.59316599972921,32.91737300014473],
[-96.59316499990427,32.917417000090516],[-96.59316800027733,32.917437000195726],[-96.59316699955411,32.91747800032187],[-96.59316300025446,32.917496999730176],[-96.59316200042954,32.9175350000427],[-96.59315499985854,32.91757099972834],[-96.59315499985854,
32.917588000014725],[-96.59314800018585,32.91762299975122],[-96.59314700036094,32.9176400000276],[-96.59313999978993,32.91767299988945],[-96.59313999978993,32.91769200000993],[-96.59313599959198,32.91770800034644],[-96.59313599959198,32.91772799963178],
[-96.59313200029233,32.917743999961715],[-96.59312999974419,32.917817999753424],[-96.59313300011722,32.91783499999235],[-96.59313300011722,32.91785400007807],[-96.59313599959198,32.917871000310086],[-96.59313499976706,32.917886999860116],[-96.59314099961483,
32.91792300015669],[-96.59314099961483,32.91793699984915],[-96.59314700036094,32.917970000354345],[-96.59314999983566,32.917983000115775],[-96.59314900001077,32.917994000028465],[-96.59315200038381,32.91800799970969],[-96.59315499985854,32.91801900037331],
[-96.59316099970633,32.918043999957035],[-96.59316099970633,32.918054999862136],[-96.59316400007938,32.918065999765886],[-96.59316400007938,32.91807699966824],[-96.59316699955411,32.918088000323294],[-96.59316699955411,32.918101999989645],[-96.59316999992717,
32.918115999653836],[-96.59316900010224,32.9181429998078],[-96.59317199957698,32.918157000219495],[-96.59317099975208,32.91818400036099],[-96.59317400012512,32.91819800001216],[-96.59317400012512,32.918227999903536],[-96.59317599977494,32.91825300018229],
[-96.59317599977494,32.91828100021467],[-96.59317900014798,32.918305999724396],[-96.59317800032308,32.9183300000615],[-96.59318099979781,32.918351999799256],[-96.5931799999729,32.918377000042966],[-96.59318300034595,32.91839899976903],[-96.59318300034595,
32.918421000243725],[-96.59318499999576,32.91844599971385],[-96.59318499999576,32.91846800017686],[-96.59318800036883,32.918489999880244],[-96.5931869996456,32.9185369997768],[-96.59318900019375,32.91856100005126],[-96.59318900019375,32.91858600023593],
[-96.59319199966846,32.91861099965951],[-96.59319099984356,32.918637999662465],[-96.5931940002166,32.91866600032713],[-96.5931930003917,32.918693000313304],[-96.59319800041456,32.91874800017587],[-96.59319800041456,32.91877899979542],[-96.59320000006437,
32.91880599974711],[-96.59320000006437,32.91883400035865],[-96.59320199971421,32.91885799979847],[-96.59320199971421,32.91888299989925],[-96.59320500008725,32.91890799999303],[-96.59320400026233,32.91893000034119],[-96.59320699973708,32.91895199992973],
[-96.59320599991217,32.91898799979316],[-96.59320900028521,32.919002000071245],[-96.59320799956198,32.91904799978428],[-96.59321099993504,32.91906499978695],[-96.59321000011013,32.919111000221335],[-96.59321299958486,32.919130999943796],[-96.59321199975996,
32.91918600028821],[-96.593215000133,32.91920200035461],[-96.59321199975996,32.919345000159474],[-96.59320799956198,32.91935899962698],[-96.59320599991217,32.919444000062974],[-96.59320300043743,32.91945800026893],[-96.59319699969133,32.91971300029284],
[-96.5931940002166,32.91972200018265],[-96.5931930003917,32.91976300000435],[-96.59319599986641,32.9197739996958],[-96.59319500004152,32.919832000102815],[-96.59319800041456,32.91984299978564],[-96.59320000006437,32.919872999873505],[-96.59320000006437,
32.91988400030536],[-96.59320300043743,32.91990299995124],[-96.59309799995714,32.91990200004934],[-96.59308600026158,32.91990200004934],[-96.59297800030653,32.91990000024551],[-96.59269700009914,32.91989300017779],[-96.59266500031208,32.91989200027584],
[-96.59255800018197,32.91989100037381],[-96.59245299970166,32.919894000079786],[-96.59234599957153,32.91990100014743],[-96.59223799961651,32.91991299972353],[-96.59213300003454,32.91993100021564],[-96.59202799955422,32.91995099975273],[-96.5919270001702,
32.91997700019991],[-96.59182500006295,32.92000800014304],[-96.59172600032876,32.92004299967661],[-96.591672999727,32.92006399984257],[-96.59163099989419,32.920082000303964],[-96.59153600035795,32.92012499975767],[-96.59144699977118,32.92017300019283],
[-96.59135800008272,32.920224000296805],[-96.59127199986898,32.92027800006434],[-96.59119200040136,32.92033700003799],[-96.59111299986034,32.920398999661224],[-96.59103900024049,32.92046399968176],[-96.5909699997452,32.92053100019812],[-96.59090299979805,
32.92060200023984],[-96.59057399991008,32.92117099991848],[-96.5905539998186,32.9212039999718],[-96.59053700010017,32.92123700001282],[-96.59047299962775,32.92134000035871],[-96.59045599990931,32.92137300034907],[-96.59042900014512,32.9214140001599],
[-96.59010799975475,32.92194300022752],[-96.59007400031788,32.9220469996294],[-96.58997100038572,32.922297000359656],[-96.5898430003392,32.9225720001964],[-96.58960599961442,32.92297399974437],[-96.58920800012947,32.92363400010619],[-96.58737000034579,
32.92668200035949],[-96.58675799970229,32.92767599980332],[-96.58634900034667,32.928341000316905],[-96.58622799997285,32.92850699971311],[-96.58619500036089,32.92854400001756],[-96.5860689999642,32.92860699972597],[-96.5856539998625,32.92891399994886],
[-96.58499199988859,32.92935900033323],[-96.58462799984052,32.92956199995993],[-96.58357199968133,32.93021100028781],[-96.58244799975006,32.93091200013193],[-96.58169999956242,32.931357000267546],[-96.5813659996516,32.93158699965498],[-96.58100999999944,
32.93186299978925],[-96.58009699995539,32.932602999745846],[-96.57878399987821,32.933649000171165],[-96.57702599956212,32.93509000017369],[-96.57535500018302,32.936462999893436],[-96.5752489998778,32.936573000110684],[-96.57671500011584,32.938609000252],
[-96.57713299969225,32.93906499966821],[-96.57751400035708,32.93939999991684],[-96.57776999955182,32.93960000007917],[-96.57791299966694,32.93970399983408],[-96.57810299963774,32.93979600032716],[-96.57829500015667,32.93980199989711],[-96.57841399998236,
32.939790999680035],[-96.57863800028835,32.93973399997261],[-96.57912100016212,32.939539000021085],[-96.57941599971488,32.939456000158685],[-96.57959099961708,32.939430000158495],[-96.57970299977006,32.939440999666544],[-96.57980900007529,32.93947200032896],
[-96.57987099999954,32.93950100011188],[-96.57997700030477,32.9395509999493],[-96.58005799959732,32.93960799977473],[-96.58138499991817,32.94079500001071],[-96.58236400008447,32.941633999823246],[-96.5825149996972,32.94176099980474],[-96.58257199959861,
32.94179700018782],[-96.58246199999375,32.94188299982891],[-96.57459500029982,32.94797899990445],[-96.57203699991759,32.94798400008852],[-96.57073100041144,32.947986000011284],[-96.56636700003256,32.94810000005788],[-96.56551400026294,32.94810999965817],
[-96.56471099982372,32.94812000001119],[-96.564159000353,32.948134999784756],[-96.56360000031124,32.94815099989224],[-96.56065500031471,32.94821300037548],[-96.55980400019494,32.94823300030325],[-96.55930399970441,32.947926999631925],[-96.5584080002771,
32.94737899988695],[-96.55615200001864,32.94710200033424],[-96.55595700002497,32.94705499978241],[-96.55593600010857,32.947050000299654],[-96.55551500015912,32.946938999949566],[-96.55533699988388,32.946910999941124],[-96.55458000037375,32.94674200010571],
[-96.55454500021362,32.946725999743215],[-96.55426400000623,32.94682299996451],[-96.55404200024839,32.947045999657874],[-96.5538029998738,32.94729900012974],[-96.55388599971445,32.948116999754625],[-96.55359700000946,32.9483520001945],[-96.55196500009008,
32.94838499990799],[-96.55181799977699,32.94838600024174],[-96.55176800044659,32.94838699982167],[-96.55170300014927,32.948334999789104],[-96.551340999751,32.9483279997099],[-96.5512269999482,32.94825399980793],[-96.55118599994032,32.94822800013327],
[-96.55109899990168,32.94804999977778],[-96.55119699981097,32.947904000125],[-96.55142500031491,32.94783699998673],[-96.55136599986537,32.94767099993173],[-96.55123399962088,32.947689000052684],[-96.55107100031258,32.94776999979768],[-96.55102100008388,
32.94776900021076],[-96.55089499968717,32.947767999870024],[-96.55081699986937,32.947610999753394],[-96.55083100011306,32.9475070002525],[-96.55088800001448,32.947450000242156],[-96.55107100031258,32.94726499966451],[-96.55101299968796,32.947115999932414],
[-96.55079199975502,32.94711099969926],[-96.55056300032446,32.947286000152936],[-96.5505230001415,32.94731599998058],[-96.55033599964544,32.947380999823395],[-96.55014400002482,32.94737300007727],[-96.54991999971884,32.947328000361075],[-96.54967700004457,
32.947024999866244],[-96.54966100015106,32.94678100027038],[-96.54959699967864,32.94645300032101],[-96.54980799956583,32.946231999848216],[-96.54997800034346,32.94575000004909],[-96.55016099974326,32.94563599998763],[-96.5502770000942,32.94529799964233],
[-96.55024000028428,32.94509200034153],[-96.55011700026064,32.94500099969979],[-96.55005699998618,32.94502900031315],[-96.55003199987182,32.945029999931045],[-96.54986799984029,32.94519199969613],[-96.54978199962656,32.94516900023148],[-96.54962400034114,
32.94504599984655],[-96.54963299966364,32.9450140000126],[-96.54969399976302,32.944984000157675],[-96.54988100025909,32.94489300015864],[-96.54994800020623,32.944772000139075],[-96.54995099968097,32.94474299982319],[-96.54998900021413,32.94468499991676],
[-96.55010700021491,32.94454400036251],[-96.55013399997908,32.944496000334624],[-96.55013300015416,32.94445699991584],[-96.54988399973382,32.944301000330306],[-96.54987299986317,32.94404299991883],[-96.55002100000118,32.9440120001051],[-96.5501220002835,
32.94400499968361],[-96.55020099992623,32.94400000002838],[-96.55031200025431,32.943973000226705],[-96.55035900010996,32.94392800028765],[-96.55037099980554,32.94388700035671],[-96.5503830003994,32.943834999938936],[-96.5503680003308,32.94375700000882],
[-96.55036400013284,32.943736000189794],[-96.5503199997519,32.943664999867416],[-96.55023000023854,32.94357800006358],[-96.55018500003268,32.94349799988245],[-96.55018000000983,32.943443999964316],[-96.55019500007845,32.943385000323154],[-96.5502550003529,
32.94334000008483],[-96.55031399990413,32.943302000301316],[-96.55033499982052,32.94325200032323],[-96.55032800014783,32.94318800009892],[-96.55030100038366,32.94313199995888],[-96.55024500030717,32.94307300010953],[-96.55018800040575,32.94299900033229],
[-96.55016699959104,32.94298100001036],[-96.5500650003821,32.942854999915824],[-96.55004799976535,32.942833000239894],[-96.55006100018414,32.94264900020024],[-96.55007200005478,32.94248399985134],[-96.54988600028196,32.941921000222266],[-96.54851499958016,
32.940855999956355],[-96.5442010003283,32.94433200004277],[-96.54268900005953,32.9455779999132],[-96.54265600044756,32.94560699995514],[-96.54297500028979,32.94586399996356],[-96.54349800034653,32.94630500033152],[-96.5481780001946,32.95024799979759],
[-96.54821300035469,32.95027899968621],[-96.54826799970797,32.95033299995253],[-96.54837099964013,32.950435000030566],[-96.5397239999715,32.95742500025946],[-96.53949600036589,32.95722899989859],[-96.53777099966176,32.95862300035366],[-96.53607099997032,
32.96003400034286],[-96.5333949995873,32.962194000106585],[-96.53297500036105,32.961826999777976],[-96.53247700041867,32.961399000137035],[-96.53230599981615,32.96154200030932],[-96.53220700008194,32.96162400035642],[-96.53261200013789,32.96197699976379],
[-96.53237699996126,32.96216800001028],[-96.53197699992818,32.96181700022208],[-96.53168200037538,32.96206300012317],[-96.5315919999637,32.962137999947586],[-96.53093699966249,32.962675999927015],[-96.53049599962154,32.96306199991684],[-96.52997199973989,
32.96349800034136],[-96.5316480000402,32.96496200033819],[-96.53199899966948,32.965259999676405],[-96.53289499999511,32.966053000059915],[-96.53538300005715,32.96404199976245],[-96.53545099982922,32.96398300030305],[-96.53585099986229,32.964326000057994],
[-96.53596100036546,32.9644219996542],[-96.53683800042452,32.96517500031159],[-96.5373299996208,32.9655910003427],[-96.537435999926,32.965679999859475],[-96.53759300028484,32.96556099993496],[-96.54367900009649,32.96079600019078],[-96.543835999557,
32.96093000036699],[-96.54681599971364,32.963462999914796],[-96.55144700005623,32.96076199964128],[-96.5514870002392,32.9607389997055],[-96.55145799992688,32.96066999986224],[-96.55166100031647,32.96036699987997],[-96.55163600020212,32.960164000119065],
[-96.55175000000492,32.960026999682704],[-96.55185499958691,32.9599719998604],[-96.55199799970204,32.959984000030076],[-96.55230200037397,32.960240999693426],[-96.55245700018467,32.960221999667645],[-96.55248599959869,32.959970000208784],[-96.55240299975799,
32.95988199966618],[-96.55219600006876,32.95980700018803],[-96.55211700042605,32.95975500009042],[-96.55210800020522,32.95966700008739],[-96.55241899965154,32.95946700009719],[-96.55244100029114,32.95933000008763],[-96.5523469996815,32.95906700026628],
[-96.55227999973435,32.95896999991392],[-96.55202000034167,32.95898399989365],[-96.55182199997495,32.95907400024874],[-96.55172599971549,32.95891100008265],[-96.55195199967129,32.95866199979873],[-96.55197199976278,32.958501000065034],[-96.55182899964765,
32.95834100025913],[-96.55153999994265,32.958454999764214],[-96.55149599956171,32.958416000227786],[-96.55147899984328,32.95825200013334],[-96.55147100034566,32.957977999903186],[-96.55139400035277,32.95788999963805],[-96.55146399977467,32.95778699964458],
[-96.55172300024074,32.95776399968822],[-96.55194599982352,32.95792999963234],[-96.5520789998929,32.957973999756],[-96.55216099990868,32.95782399975853],[-96.55203000038742,32.957671999802834],[-96.55171499984482,32.95749000020626],[-96.55170599962399,
32.95745800035437],[-96.5516350003772,32.95730200034531],[-96.55193400012794,32.95727999974209],[-96.55191700040952,32.95719899966656],[-96.5517759999442,32.95716499999432],[-96.55125399971239,32.957322999956745],[-96.55115800035124,32.95749400037535],
[-96.55098300044904,32.95760699998994],[-96.55082799974002,32.957556999811416],[-96.55082299971716,32.95736799986091],[-96.55105399969582,32.95713199978999],[-96.55086100025031,32.95687099993254],[-96.55103899962722,32.95681900036848],[-96.55126100028339,
32.956907999676176],[-96.55149399991188,32.95694999983502],[-96.55167300001203,32.95679499992154],[-96.55148899988902,32.95648200006023],[-96.55149399991188,32.956433000241695],[-96.55173999995918,32.95637000000429],[-96.5519090000136,32.956454000059566],
[-96.55216699975645,32.95635099989997],[-96.55206999967207,32.95613499977555],[-96.5518880000972,32.956150999942444],[-96.55179199983772,32.95600099986573],[-96.55179199983772,32.955935000082995],[-96.55179600003568,32.95591299989319],[-96.55207300004511,
32.95577899964681],[-96.55200699992287,32.955542000356076],[-96.5516489997226,32.95548200024397],[-96.55166600033934,32.95521500000499],[-96.55192200043237,32.95511300016661],[-96.5523259997651,32.95529099986721],[-96.55238400038974,32.95527299978671],
[-96.55263899975955,32.95515599992808],[-96.55289400002768,32.955072999651],[-96.55303799996773,32.954898999797884],[-96.55296099997483,32.95464299993708],[-96.55225100032035,32.95428300026805],[-96.55227700025962,32.95419000025972],[-96.55255400026904,
32.9541239998783],[-96.55265399982817,32.9540160001758],[-96.55248999979665,32.95390700007],[-96.55217799962709,32.95382700019035],[-96.55236599994808,32.95357600010737],[-96.55285899986758,32.953618000342104],[-96.5530720003029,32.95348600018329],
[-96.55281000036209,32.95321200025228],[-96.5525719998124,32.95316100032266],[-96.55234500003169,32.95317199963004],[-96.5522270000309,32.953093999646114],[-96.55211300022808,32.952763999938234],[-96.55200000025017,32.95240200033092],[-96.55161100008776,
32.95229200020652],[-96.55140699987325,32.9523960001084],[-96.550944000091,32.95207900008354],[-96.55113900008465,32.952077999791534],[-96.55101000021322,32.95182000021568],[-96.55096800038042,32.95165299980528],[-96.55076300034102,32.951561000342714],
[-96.55073800022666,32.95140799986909],[-96.55093999989302,32.95131100015588],[-96.55089999971005,32.95113799998347],[-96.55075800031814,32.95110699964233],[-96.55057699966984,32.95099299970457],[-96.55056900017226,32.950869999884524],[-96.55064600016516,
32.950810999922396],[-96.55085000037964,32.950775000194476],[-96.55116099982595,32.950857999984855],[-96.55135499999471,32.95080200018025],[-96.55136300039064,32.95069799991053],[-96.55108999968084,32.95048999975774],[-96.55082199989225,32.950489000201586],
[-96.55059099991357,32.95031200018789],[-96.55060699980709,32.9502309997568],[-96.55084299980864,32.95006999974042],[-96.55123699999395,32.9501469998176],[-96.55120000018402,32.949967999995046],[-96.551016000061,32.949854999659294],[-96.55113300023687,
32.94965899984845],[-96.55139099997973,32.94958099977977],[-96.55167399983695,32.94970500020464],[-96.55179500021076,32.94970300032071],[-96.55179100001281,32.94950999962839],[-96.55175900022576,32.949418000196864],[-96.55182799982273,32.94934899980651],
[-96.55206999967207,32.94946200003525],[-96.55225399979507,32.94941399966224],[-96.55208100044104,32.94907800009029],[-96.55173900013428,32.94883200022654],[-96.55171700039296,32.94875699966307],[-96.55175400020289,32.9486619999636],[-96.55185499958691,
32.94866099963296],[-96.55371599983515,32.94864099980204],[-96.55420899975464,32.948249999974486],[-96.55413799960954,32.94739799965847],[-96.55464099957477,32.94693599965298],[-96.55527300030977,32.94708499968844],[-96.55540600037916,32.947117000280514],
[-96.55566800031998,32.9471789999813],[-96.55576700005419,32.947210999785554],[-96.55590699979628,32.947247999803864],[-96.55619499967636,32.947332000236244],[-96.5563090003775,32.94736500033041],[-96.55642499983013,32.94738200016856],[-96.55658600038693,
32.94740600015614],[-96.55676600031198,32.947432999663285],[-96.5569870002449,32.94746599971976],[-96.55733799987419,32.94751899985321],[-96.55776399984654,32.94758200036881],[-96.55802400013755,32.94762100016286],[-96.55825500011622,32.947656000079455],
[-96.55851799988197,32.947694999840856],[-96.5585909996769,32.94774099971141],[-96.55873799999,32.94783500006059],[-96.55912100030463,32.94807800017932],[-96.55919099972651,32.94812199993088],[-96.5599010002793,32.94857299989067],[-96.56021500009867,
32.94856599983032],[-96.56063400039832,32.94855699985961],[-96.56121699983119,32.94854499964596],[-96.56180400036034,32.94853300018446],[-96.56299799971349,32.94850699983801],[-96.56405700024575,32.94848500006082],[-96.56421799990423,32.948481999816636],
[-96.56481299993096,32.948469000013795],[-96.5654480001407,32.94845499987607],[-96.56581999968637,32.948447000227134],[-96.56697799995283,32.94842299976832],[-96.56845599988641,32.94839099964893],[-96.57072999968821,32.94834399978245],[-96.57137099974572,
32.948329999624896],[-96.57471699960026,32.94825799964126],[-96.57490200044649,32.94811499983482],[-96.5813520003062,32.943115999696964],[-96.58295800028631,32.94182800002422],[-96.58301099998977,32.94181400034262],[-96.58312300014275,32.941756999677544],
[-96.58341600004572,32.94158900020159],[-96.58355300031306,32.941516000347775],[-96.58367100031384,32.94150100020513],[-96.58379599998732,32.94151099979791],[-96.5839080001403,32.94153600028275],[-96.5840200002933,32.94158399965585],[-96.58416400023333,
32.94167799976626],[-96.58573500005335,32.94302999974736],[-96.58637600011086,32.943592000219795],[-96.58787499996085,32.944877000215385],[-96.58807800035044,32.94506100014173],[-96.5881529997952,32.94513800005866],[-96.58820499967372,32.94520699996647],
[-96.58823399998604,32.94527900017336],[-96.5882800000168,32.945435000294864],[-96.58839600036775,32.94599000029319],[-96.5884569995688,32.94607300005321],[-96.58864800026284,32.946277000122286],[-96.5895899997209,32.94708200015061],[-96.58900899993786,
32.94746500012939],[-96.5890979996263,32.94821399995739],[-96.58916799994651,32.94924599965896],[-96.58919200023597,32.94980299973648],[-96.58917899981718,32.94993000004502],[-96.58914899967994,32.95021699989809],[-96.5891400003574,32.950307999693734],
[-96.58888099989134,32.95080299973283],[-96.5883290004206,32.9513040003123],[-96.58760200014936,32.95192800034014],[-96.58711099987968,32.95228100003576],[-96.58798799993876,32.953024000336434],[-96.5882800000168,32.953266000234365],[-96.58845900011694,
32.95342300010653],[-96.58860899990478,32.95355500035944],[-96.5888859999142,32.95377799965353],[-96.58897999962554,32.953853999997655],[-96.59159400008427,32.95609100024387],[-96.59286600015355,32.95716799994373],[-96.59378699969523,32.957936999704856],
[-96.59436500000352,32.958420999821435],[-96.59620500033537,32.959993999793404],[-96.59783999972949,32.96137699980011],[-96.59899499962289,32.962361000195116],[-96.5994880004407,32.96277999966853],[-96.59982400000138,32.96306000033522],[-96.60030199985225,
32.96346000017905],[-96.6003129997229,32.96346900013963],[-96.60104300036718,32.96410499980596],[-96.60113399970548,32.96418500017929],[-96.60139499982138,32.964412999790696],[-96.60177300011316,32.96474299971335],[-96.60284500016589,32.96562399964892],
[-96.60300599982436,32.965754999628196],[-96.60308399964217,32.965828999950595],[-96.60312300000024,32.96589899966896],[-96.60315099958932,32.96596400016523],[-96.60321199968868,32.96606699967101],[-96.60329500042768,32.9661409997321],[-96.60340699968236,
32.966233999975536],[-96.60461900037548,32.96731600024789],[-96.6049449998904,32.967606999876374],[-96.60531300013645,32.96787699994076],[-96.60575900020027,32.9680509998632],[-96.60624299989894,32.96813899980606],[-96.60669900000852,32.968351999656065],
[-96.60690300022301,32.968539000017365],[-96.60697500019305,32.968606999639555],[-96.6070560003839,32.96867100030009],[-96.60723100028608,32.96881500010946],[-96.60750499992247,32.969054000175156],[-96.60782799996265,32.96934400001091],[-96.6080079998877,
32.969498999766564],[-96.60821299992713,32.969658000375894],[-96.60833299957773,32.96977700005698],[-96.60882300002248,32.97019599977954],[-96.61003099961934,32.971217999777636],[-96.61037700012406,32.97150800004491],[-96.61066900020211,32.97174700036028],
[-96.61083999990635,32.97189900021808],[-96.61095399970915,32.97199499987448],[-96.61171399959234,32.9726450000314],[-96.61177800006477,32.97270200037124],[-96.61247600002368,32.97330599974197],[-96.61266199979652,32.97348000027405],[-96.61286299963797,
32.97368899986667],[-96.61300400010327,32.973867999870954],[-96.61315399989111,32.974099000241274],[-96.61328799978541,32.974413000281395],[-96.61338700041793,32.974658999772956],[-96.61346100003776,32.97493300026862],[-96.61350799989344,32.97526500013717],
[-96.61352999963475,32.97556900029314],[-96.61351399974122,32.97616300021041],[-96.61349500037296,32.977004999664175],[-96.61348699997704,32.977434999816296],[-96.61347799975621,32.97788000013495],[-96.6134700002586,32.978289999891444],[-96.61345500018999,
32.97912600024933],[-96.6134419997712,32.9799650001566],[-96.61342900025072,32.980746999995475],[-96.61340400013637,32.98226599998531],[-96.6133920004408,32.98341300023745],[-96.6133920004408,32.9835249999174],[-96.6133859996947,32.98377500013033],
[-96.6133770003722,32.98402099991399],[-96.61337099962608,32.98420599964282],[-96.61336700032643,32.984308999727],[-96.61804799999942,32.9843730003114],[-96.61805999969498,32.984405000209456],[-96.61808599963426,32.98450099983393],[-96.6180949998551,
32.984588000039246],[-96.61808999983222,32.98469200035404],[-96.61808499980935,32.98479100018488],[-96.61842100026833,32.98489099982515],[-96.61856199983532,32.9849330002431],[-96.61877699992048,32.98499599970232],[-96.61894400032506,32.98504500025528],
[-96.61899000035581,32.984942000276284],[-96.61901499957185,32.984891999745656],[-96.61907099964836,32.9847930000281],[-96.61913299957264,32.984696000044906],[-96.61916699990782,32.98464899989824],[-96.61920100024301,32.98460299965028],[-96.61927200038812,
32.984625000230494],[-96.61930099980212,32.98463300037165],[-96.61935699987862,32.98465300034453],[-96.61942700019881,32.984693000276806],[-96.61953099995588,32.9847540000632],[-96.61961499962148,32.984802999996994],[-96.61971900027687,32.98486399970738],
[-96.61979700009468,32.9849089998991],[-96.61988900015618,32.98496200017915],[-96.6199610001262,32.984898000021815],[-96.62008599979968,32.984785999823146],[-96.62014199987617,32.98473699987991],[-96.62023300011276,32.98465799996031],[-96.62029199966399,
32.98460600017496],[-96.62051299959694,32.98446600019485],[-96.62104700042264,32.98441199969107],[-96.62116500042342,32.98440099975187],[-96.62135700004403,32.98436799992599],[-96.62145599977822,32.98430699987283],[-96.62159700024355,32.98431500004279],
[-96.6218190000014,32.984193999749536],[-96.62212799979788,32.98404599967597],[-96.62243400011963,32.983932000040774],[-96.62246699973159,32.98398899987674],[-96.62258599955727,32.984193999749536],[-96.62271699997684,32.984410999765196],[-96.62273600024342,
32.984417000074046],[-96.62296200019924,32.98443999987271],[-96.62304099984193,32.984431999714076],[-96.62312600023076,32.984440999798274],[-96.62350100014947,32.98444999988161],[-96.62349399957847,32.984478999976325],[-96.62351899969283,32.98452400036425],
[-96.62353799995941,32.98458700011535],[-96.62356700027172,32.98489099982515],[-96.62389799980953,32.984898000021815],[-96.628021000164,32.98493699992304],[-96.62798900037693,32.98486199986578],[-96.6284089996032,32.984888999984165],[-96.62816500010403,
32.98451600021322],[-96.6279729995851,32.98422599971242],[-96.6278870002697,32.98409300014373],[-96.62832900013555,32.98403399976094],[-96.62856000011425,32.98412099967295],[-96.62883700012367,32.98422499978443],[-96.62885700021516,32.984242000066324],
[-96.62919799979869,32.98453099983649],[-96.62938000027188,32.98468500014109],[-96.62950800031841,32.98515299970187],[-96.62953900028054,32.98515299970187],[-96.62956900041777,32.98515400037292],[-96.63176500040177,32.985224999761876],[-96.6345899998494,
32.98531700033914],[-96.63759900031833,32.985413999639974],[-96.64062899980537,32.9855120002547],[-96.64073299956243,32.985506000020266],[-96.6408289998219,32.985502000366104],[-96.6408420002407,32.98537400003439],[-96.64088499989839,32.98502600029015],
[-96.64089599976906,32.984927999889415],[-96.64199499958596,32.98494899971532],[-96.64580699959582,32.98502000002268],[-96.64638999992701,32.98503099988481],[-96.64705699992378,32.9850219998607],[-96.64776699957824,32.98501399975487],[-96.64776300027859,
32.98479599979285],[-96.64776300027859,32.984768999646015],[-96.64776800030147,32.9846360001418],[-96.64776999995131,32.984578999970026],[-96.6477709997762,32.984529999911885],[-96.64777199960112,32.98445899996397],[-96.64788799995208,32.98445800003857],
[-96.64853300020754,32.984461999740034],[-96.64878500010262,32.984462999665396],[-96.65049200036508,32.984457000113196],[-96.6512050003926,32.98445500026237],[-96.65148900007472,32.984454000336925],[-96.6516620003271,32.984454000336925],[-96.65798400014029,
32.98442400030825],[-96.6600980001085,32.98441400029641],[-96.66044100024018,32.984410999765196],[-96.66053900014947,32.98440999983924],[-96.6606830000895,32.98440999983924],[-96.66091900009107,32.98440999983924],[-96.6622249995972,32.98440400028343],
[-96.66460600042745,32.9843919996636],[-96.66469599994083,32.9843919996636],[-96.66479899987297,32.98439099973743],[-96.6650959999739,32.9843899998113],[-96.6650959999739,32.984438999947095],[-96.66507400023258,32.984838000256],[-96.66510299964659,
32.98491400025386],[-96.66519100040846,32.984916000094294],[-96.66540200029564,32.98492099969518],[-96.6654340000827,32.984922000368826],[-96.66567500010711,32.98492999972952],[-96.66575299992493,32.98493099964959],[-96.6659129997585,32.9849350000831],
[-96.66611100012521,32.984939999682915],[-96.66614299991227,32.98494100035634],[-96.66635499962437,32.984946999875646],[-96.66639800018038,32.98494799979552],[-96.66651500035626,32.984951000308484],[-96.66662199958807,32.98495300014808],[-96.66667199981678,
32.984954999987615],[-96.6667580000305,32.98495799974687],[-96.66734300001151,32.98496200017915],[-96.66936200044351,32.98497100020937],[-96.66955499988903,32.984518999987394],[-96.66975900010353,32.98417299974403],[-96.66989499964767,32.98424100013845],
[-96.66993499983063,32.98417800014048],[-96.67064100018546,32.98456400035492],[-96.6714959996049,32.98495799974687],[-96.67184499958435,32.985081000336706],[-96.67216299960167,32.98514099993737],[-96.67232699963319,32.98517199963972],[-96.67256099998492,
32.985206999752364],[-96.67282799994862,32.98524700018709],[-96.67340100023407,32.98524700018709],[-96.67494500028991,32.98525299968559],[-96.67540899989709,32.98523800018506],[-96.67570299962495,32.98519100032691],[-96.67599800007606,32.985158999960284],
[-96.67657600038436,32.98505700003288],[-96.67717700025891,32.98494500003593],[-96.67750399959873,32.98491099973963],[-96.67789799978402,32.98489999986261],[-96.67875499975162,32.98495300014808],[-96.67895300011831,32.98497000028976],[-96.67932700021213,
32.98500499972903],[-96.67953300007646,32.98502399969868],[-96.68051100041787,32.985087999764716],[-96.68067799992413,32.985099000371854],[-96.68229999979775,32.98509499994572],[-96.6823020003459,32.98496699977744],[-96.68233300030803,32.982358999827724],
[-96.68233400013295,32.9823179996419],[-96.68235500004936,32.98079999975995],[-96.68236599992001,32.980169000356376],[-96.68229099957692,32.98015100006958],[-96.68229700032303,32.98004799965571],[-96.68229899997286,32.97990700000634],[-96.68230499982063,
32.97954600005965],[-96.68231400004146,32.97901500025096],[-96.68225899978988,32.97900800034146],[-96.68222899965265,32.97900499962645],[-96.68217699977411,32.97899799971615],[-96.68211800022289,32.978990999805255],[-96.68205799994843,32.97897999994422],
[-96.68200199987193,32.97896500013143],[-96.68194199959748,32.978941999660044],[-96.68190300013772,32.978923999876685],[-96.68184799988614,32.97889500021798],[-96.6818029996803,32.97886399981875],[-96.68176400022055,32.97883600012937],[-96.68171399999183,
32.97879799978322],[-96.6816620001133,32.978761000164255],[-96.68162500030337,32.97873299968869],[-96.68156099983095,32.97868600013538],[-96.68150800012752,32.978646999733456],[-96.68147600034047,32.97862399993281],[-96.68143899963222,32.978596000167386],
[-96.68147600034047,32.97856699964737],[-96.6815349998917,32.97851900001309],[-96.68156199965587,32.97849900015776],[-96.68160299966375,32.97846599963297],[-96.68161699990746,32.978438999811026],[-96.681640000372,32.978391000107166],[-96.68165999956517,
32.97835200032853],[-96.68168399985461,32.97830199983358],[-96.68170800014406,32.97825300005955],[-96.68176500004546,32.9782230001845],[-96.68181399955095,32.97820000027336],[-96.68185799993189,32.97818000034579],[-96.68190499978755,32.978157999666635],
[-96.68194999999339,32.97816899963013],[-96.68200100004702,32.97818100034231],[-96.68206700016925,32.978197000284545],[-96.68214499998706,32.9782150002161],[-96.68218699981985,32.97822500017649],[-96.68220299971338,32.97825800003771],[-96.68232599973703,
32.97826899998876],[-96.68241199995076,32.97818100034231],[-96.68242500036955,32.97776700007507],[-96.68244799993576,32.977557000333405],[-96.68256500011162,32.97696800004745],[-96.68257599998229,32.97682399996589],[-96.68258100000516,32.97671200007502],
[-96.68256099991366,32.97500400034085],[-96.6825559998908,32.97405099968553],[-96.68250200036245,32.97325600015795],[-96.6825070003853,32.97318999969915],[-96.6825070003853,32.973134999781536],[-96.68251599970782,32.97047300005345],[-96.6825070003853,
32.97026699989174],[-96.68251700043106,32.969905999726464],[-96.68250800021022,32.967868999788784],[-96.68250800021022,32.96778500003384],[-96.68251900008087,32.966261999891934],[-96.68251599970782,32.966031000128176],[-96.68251900008087,32.96546899987708],
[-96.68253300032457,32.9652010002767],[-96.6825209997307,32.96465500015596],[-96.6825219995556,32.964411999638294],[-96.6825290001266,32.96384400019459],[-96.6825340001495,32.96355800028672],[-96.68253800034745,32.96265600025259],[-96.68252800030169,
32.960687000156355],[-96.68253099977645,32.96052699978619],[-96.68255199969283,32.9579050000149],[-96.68255099986791,32.957366000150415],[-96.68255199969283,32.95702299975842],[-96.68255699971571,32.95655299988757],[-96.68256900030958,32.95569499970374],
[-96.68258199983006,32.95509900032741],[-96.6826060001195,32.953958000322956],[-96.68261299979221,32.953255000184825],[-96.68261299979221,32.95308699994379],[-96.68262000036323,32.95234299988375],[-96.68262200001304,32.952141000073176],[-96.68263000040896,
32.9515880000884],[-96.68263100023385,32.95146799973161],[-96.68263899973148,32.95091000004089],[-96.68264899977721,32.95002600020467],[-96.68264999960212,32.94919099991161],[-96.68265899982296,32.948679999882756],[-96.68265899982296,32.948413999783014],
[-96.6826610003711,32.94779699994745],[-96.68265600034822,32.94736399998511],[-96.68269099961002,32.9465339996908],[-96.6826899997851,32.94629600013065],[-96.6826610003711,32.94578699992503],[-96.68266600039398,32.94534500037436],[-96.68266300002091,
32.94524699966987],[-96.68265299997518,32.945165000258456],[-96.68268399993731,32.94414600009742],[-96.6826899997851,32.94378300024446],[-96.6826899997851,32.943716999631334],[-96.68270200037898,32.94292400009753],[-96.68271599972437,32.942123000015464],
[-96.68271999992233,32.941380000066935],[-96.68272499994521,32.94135500029194],[-96.68272499994521,32.94131199984814],[-96.68273499999094,32.940575999809845],[-96.68273300034113,32.940372999827716],[-96.68272999996806,32.9387119999752],[-96.68271400007455,
32.9385020001344],[-96.68270700040185,32.93842199988437],[-96.68263999955639,32.93805500036368],[-96.68263899973148,32.93787699988337],[-96.68262799986081,32.93737199978964],[-96.68262799986081,32.93635400000931],[-96.68262899968573,32.93545900014125],
[-96.68263000040896,32.934655000337266],[-96.6826329998837,32.93374199992308],[-96.68263000040896,32.93285000003347],[-96.68264799995231,32.932397000275806],[-96.68267700026462,32.93168399989591],[-96.68269900000593,32.93152999993792],[-96.68276299958002,
32.9312780001138],[-96.68285800001459,32.9312780001138],[-96.68300699997751,32.9312780001138],[-96.68299899958159,32.931307000321596],[-96.6860909998912,32.931354999968676],[-96.69081900031817,32.93139100006388],[-96.69094099961859,32.931391999835895],
[-96.69358699986437,32.9314309999849],[-96.69618100023163,32.931443000259286],[-96.69680700022052,32.93144000019084],[-96.70000499993704,32.93147700002256],[-96.70006699986132,32.93147700002256],[-96.70015200025014,32.93147600025146],[-96.70214499984453,
32.93143400005364],[-96.70289600040522,32.93143400005364],[-96.7043679995927,32.931394000133984],[-96.70449200033958,32.93139100006388],[-96.70490499989315,32.9314059996594],[-96.70532699966753,32.9314049998875],[-96.70537100004846,32.931415999639626],
[-96.70573500009652,32.93149000006162],[-96.70572900024875,32.931434999825235],[-96.70572300040097,32.93136499995467],[-96.70572400022589,32.93132599977656],[-96.70574500014229,32.93122800012314],[-96.70575199981496,32.93094999996151],[-96.70575600001293,
32.93061400034671],[-96.70575699983785,32.93028900010203],[-96.7057610000358,32.92995300023854],[-96.70576299968562,32.92968899993523],[-96.70570099976136,32.929688000143976],[-96.70569499991355,32.929097999913274],[-96.70569999993643,32.92763599969243],
[-96.705711999632,32.924141999773845],[-96.70572099985283,32.92161199975153],[-96.70573199972348,32.918085999724426],[-96.70576299968562,32.91670700021414]]]},"properties":{"GEOID":"4829000","STATE":"48","PLACE":"29000","NAME":"Garland city",
"BASENAME":"Garland","AREALAND":147259474,"AREAWATER":297740}}
